run,idx,ros_stamp_s,camera_rows_matched,odom_minus_camera_stamp_mean_s,odom_minus_camera_stamp_min_s,odom_minus_camera_stamp_max_s,camera_staleness_mean_s,camera_staleness_max_s,selected_count_min,buffer_len_max,received_count_max
diffusion_matched/mcity_diff10,0,1545235952.923106,1,-0.011394,-0.011394,-0.011394,0.000000,0.000000,4,12,62
diffusion_matched/mcity_diff10,1,1545235954.923095,1,-0.009954,-0.009954,-0.009954,0.000000,0.000000,4,12,82
diffusion_matched/mcity_diff10,2,1545235956.923071,1,-0.008010,-0.008010,-0.008010,0.000000,0.000000,4,12,102
diffusion_matched/mcity_diff10,3,1545235959.923032,1,-0.005333,-0.005333,-0.005333,0.000000,0.000000,4,12,132
diffusion_matched/mcity_diff10,4,1545235962.923022,1,-0.002580,-0.002580,-0.002580,0.000000,0.000000,4,12,162
diffusion_matched/mcity_diff10,5,1545235964.882997,1,-0.040493,-0.040493,-0.040493,0.000000,0.000000,4,12,182
diffusion_matched/mcity_diff10,6,1545235966.923059,1,0.000976,0.000976,0.000976,0.000000,0.000000,4,12,202
diffusion_matched/mcity_diff10,7,1545235968.883028,1,-0.037177,-0.037177,-0.037177,0.000000,0.000000,4,12,222
diffusion_matched/mcity_diff10,8,1545235970.882940,1,-0.035047,-0.035047,-0.035047,0.000000,0.000000,4,12,242
diffusion_matched/mcity_diff10,9,1545235972.903028,1,-0.013521,-0.013521,-0.013521,0.000000,0.000000,4,12,262
diffusion_matched/mcity_diff10,10,1545235974.902918,1,-0.011719,-0.011719,-0.011719,0.000000,0.000000,4,12,282
diffusion_matched/mcity_diff10,11,1545235976.922934,1,0.010491,0.010491,0.010491,0.000000,0.000000,4,12,302
diffusion_matched/mcity_diff10,12,1545235978.882946,1,-0.028056,-0.028056,-0.028056,0.000000,0.000000,4,12,322
diffusion_matched/mcity_diff10,13,1545235983.902869,1,-0.003500,-0.003500,-0.003500,0.000000,0.000000,4,12,372
diffusion_matched/mcity_diff10,14,1545235985.902844,1,-0.001328,-0.001328,-0.001328,0.000000,0.000000,4,12,392
diffusion_matched/mcity_diff10,15,1545235989.902864,1,-0.097508,-0.097508,-0.097508,0.000000,0.000000,4,12,433
diffusion_matched/mcity_diff10,16,1545235991.902853,1,-0.096067,-0.096067,-0.096067,0.000000,0.000000,4,12,453
diffusion_matched/mcity_diff10,17,1545235993.922772,1,-0.073977,-0.073977,-0.073977,0.000000,0.000000,4,12,473
diffusion_matched/mcity_diff10,18,1545235995.922783,1,-0.072162,-0.072162,-0.072162,0.000000,0.000000,4,12,493
diffusion_matched/mcity_diff10,19,1545235997.882877,1,-0.110546,-0.110546,-0.110546,0.000000,0.000000,4,12,513
diffusion_matched/mcity_diff10,20,1545235999.882800,1,-0.108406,-0.108406,-0.108406,0.000000,0.000000,4,12,533
diffusion_matched/mcity_diff10,21,1545236001.922702,1,-0.066733,-0.066733,-0.066733,0.000000,0.000000,4,12,553
diffusion_matched/mcity_diff10,22,1545236003.902715,1,-0.085144,-0.085144,-0.085144,0.000000,0.000000,4,12,573
diffusion_matched/mcity_diff10,23,1545236007.882821,1,-0.101068,-0.101068,-0.101068,0.000000,0.000000,4,12,613
diffusion_matched/mcity_diff10,24,1545236009.902685,1,-0.079713,-0.079713,-0.079713,0.000000,0.000000,4,12,633
diffusion_matched/mcity_diff10,25,1545236011.922659,1,-0.057513,-0.057513,-0.057513,0.000000,0.000000,4,12,653
diffusion_matched/mcity_diff10,26,1545236013.882709,1,-0.096069,-0.096069,-0.096069,0.000000,0.000000,4,12,673
diffusion_matched/mcity_diff10,27,1545236016.902630,1,-0.073019,-0.073019,-0.073019,0.000000,0.000000,4,12,703
diffusion_matched/mcity_diff10,28,1545236018.902597,1,-0.071452,-0.071452,-0.071452,0.000000,0.000000,4,12,723
diffusion_matched/mcity_diff10,29,1545236020.882621,1,-0.089358,-0.089358,-0.089358,0.000000,0.000000,4,12,743
diffusion_matched/mcity_diff10,30,1545236023.922633,1,-0.046616,-0.046616,-0.046616,0.000000,0.000000,4,12,773
diffusion_matched/mcity_diff10,31,1545236024.902571,1,-0.066047,-0.066047,-0.066047,0.000000,0.000000,4,12,783
diffusion_matched/mcity_diff10,32,1545236026.902694,1,-0.063705,-0.063705,-0.063705,0.000000,0.000000,4,12,803
diffusion_matched/mcity_diff10,33,1545236029.902567,1,-0.061148,-0.061148,-0.061148,0.000000,0.000000,4,12,833
diffusion_matched/mcity_diff10,34,1545236032.902556,1,-0.058507,-0.058507,-0.058507,0.000000,0.000000,4,12,863
diffusion_matched/mcity_diff10,35,1545236033.882473,1,-0.077796,-0.077796,-0.077796,0.000000,0.000000,4,12,873
diffusion_matched/mcity_diff10,36,1545236035.902520,1,-0.055644,-0.055644,-0.055644,0.000000,0.000000,4,12,893
diffusion_matched/mcity_diff10,37,1545236037.902443,1,-0.053888,-0.053888,-0.053888,0.000000,0.000000,4,12,913
diffusion_matched/mcity_diff10,38,1545236039.922448,1,-0.032341,-0.032341,-0.032341,0.000000,0.000000,4,12,933
diffusion_matched/mcity_diff10,39,1545236041.922422,1,-0.030216,-0.030216,-0.030216,0.000000,0.000000,4,12,953
diffusion_matched/mcity_diff10,40,1545236043.902399,1,-0.048471,-0.048471,-0.048471,0.000000,0.000000,4,12,973
diffusion_matched/mcity_diff10,41,1545236046.882434,1,-0.065703,-0.065703,-0.065703,0.000000,0.000000,4,12,1003
diffusion_matched/mcity_diff10,42,1545236048.902375,1,-0.044272,-0.044272,-0.044272,0.000000,0.000000,4,12,1023
diffusion_matched/mcity_diff10,43,1545236050.902428,1,-0.041964,-0.041964,-0.041964,0.000000,0.000000,4,12,1043
diffusion_matched/mcity_diff10,44,1545236052.922340,1,-0.020197,-0.020197,-0.020197,0.000000,0.000000,4,12,1063
diffusion_matched/mcity_diff10,45,1545236054.882306,1,-0.058770,-0.058770,-0.058770,0.000000,0.000000,4,12,1083
diffusion_matched/mcity_diff10,46,1545236056.902365,1,-0.036485,-0.036485,-0.036485,0.000000,0.000000,4,12,1103
diffusion_matched/mcity_diff10,47,1545236058.902375,1,-0.034653,-0.034653,-0.034653,0.000000,0.000000,4,12,1123
diffusion_matched/mcity_diff10,48,1545236060.922315,1,-0.013137,-0.013137,-0.013137,0.000000,0.000000,4,12,1143
diffusion_matched/mcity_diff10,49,1545236062.882249,1,-0.051068,-0.051068,-0.051068,0.000000,0.000000,4,12,1163
diffusion_matched/mcity_diff10,50,1545236063.922281,1,-0.010434,-0.010434,-0.010434,0.000000,0.000000,4,12,1173
diffusion_matched/mcity_diff10,51,1545236065.902293,1,-0.028375,-0.028375,-0.028375,0.000000,0.000000,4,12,1193
diffusion_matched/mcity_diff10,52,1545236067.902213,1,-0.026552,-0.026552,-0.026552,0.000000,0.000000,4,12,1213
diffusion_matched/mcity_diff10,53,1545236069.922260,1,-0.005002,-0.005002,-0.005002,0.000000,0.000000,4,12,1233
diffusion_matched/mcity_diff10,54,1545236071.882316,1,-0.042835,-0.042835,-0.042835,0.000000,0.000000,4,12,1253
diffusion_matched/mcity_diff10,55,1545236073.882236,1,-0.041017,-0.041017,-0.041017,0.000000,0.000000,4,12,1273
diffusion_matched/mcity_diff10,56,1545236075.902159,1,-0.019530,-0.019530,-0.019530,0.000000,0.000000,4,12,1293
diffusion_matched/mcity_diff10,57,1545236077.922225,1,0.002665,0.002665,0.002665,0.000000,0.000000,4,12,1313
diffusion_matched/mcity_diff10,58,1545236079.882269,1,-0.035437,-0.035437,-0.035437,0.000000,0.000000,4,12,1333
diffusion_matched/mcity_diff10,59,1545236081.902133,1,-0.014034,-0.014034,-0.014034,0.000000,0.000000,4,12,1353
diffusion_matched/mcity_diff10,60,1545236083.902162,1,-0.011906,-0.011906,-0.011906,0.000000,0.000000,4,12,1373
diffusion_matched/mcity_diff10,61,1545236085.922084,1,0.009781,0.009781,0.009781,0.000000,0.000000,4,12,1393
diffusion_matched/mcity_diff10,62,1545236087.922098,1,0.011386,0.011386,0.011386,0.000000,0.000000,4,12,1413
diffusion_matched/mcity_diff10,63,1545236089.882042,1,-0.026514,-0.026514,-0.026514,0.000000,0.000000,4,12,1433
diffusion_matched/mcity_diff10,64,1545236091.902031,1,-0.004755,-0.004755,-0.004755,0.000000,0.000000,4,12,1453
diffusion_matched/mcity_diff10,65,1545236093.902008,1,-0.003161,-0.003161,-0.003161,0.000000,0.000000,4,12,1473
diffusion_matched/mcity_diff10,66,1545236095.922080,1,-0.081239,-0.081239,-0.081239,0.000000,0.000000,4,12,1494
diffusion_matched/mcity_diff10,67,1545236097.921987,1,-0.079376,-0.079376,-0.079376,0.000000,0.000000,4,12,1514
diffusion_matched/mcity_diff10,68,1545236099.881977,1,-0.117346,-0.117346,-0.117346,0.000000,0.000000,4,12,1534
diffusion_matched/mcity_diff10,69,1545236101.921944,1,-0.075874,-0.075874,-0.075874,0.000000,0.000000,4,12,1554
diffusion_matched/mcity_diff10,70,1545236102.922086,1,-0.074461,-0.074461,-0.074461,0.000000,0.000000,4,12,1564
diffusion_matched/mcity_diff10,71,1545236103.901969,1,-0.093932,-0.093932,-0.093932,0.000000,0.000000,4,12,1574
diffusion_matched/mcity_diff10,72,1545236105.921948,1,-0.071857,-0.071857,-0.071857,0.000000,0.000000,4,12,1594
diffusion_matched/mcity_diff10,73,1545236107.881902,1,-0.110329,-0.110329,-0.110329,0.000000,0.000000,4,12,1614
diffusion_matched/mcity_diff10,74,1545236108.901975,1,-0.089387,-0.089387,-0.089387,0.000000,0.000000,4,12,1624
diffusion_matched/mcity_diff10,75,1545236110.881882,1,-0.107764,-0.107764,-0.107764,0.000000,0.000000,4,12,1644
diffusion_matched/mcity_diff10,76,1545236111.921944,1,-0.066261,-0.066261,-0.066261,0.000000,0.000000,4,12,1654
diffusion_matched/mcity_diff10,77,1545236112.901949,1,-0.085743,-0.085743,-0.085743,0.000000,0.000000,4,12,1664
diffusion_matched/mcity_diff10,78,1545236114.901885,1,-0.083593,-0.083593,-0.083593,0.000000,0.000000,4,12,1684
diffusion_matched/mcity_diff10,79,1545236115.921826,1,-0.063146,-0.063146,-0.063146,0.000000,0.000000,4,12,1694
diffusion_matched/mcity_diff10,80,1545236117.901838,1,-0.080985,-0.080985,-0.080985,0.000000,0.000000,4,12,1714
diffusion_matched/mcity_diff10,81,1545236119.921811,1,-0.059394,-0.059394,-0.059394,0.000000,0.000000,4,12,1734
diffusion_matched/mcity_diff10,82,1545236120.901822,1,-0.078224,-0.078224,-0.078224,0.000000,0.000000,4,12,1744
diffusion_matched/mcity_diff10,83,1545236121.901804,1,-0.077632,-0.077632,-0.077632,0.000000,0.000000,4,12,1754
diffusion_matched/mcity_diff10,84,1545236123.921809,1,-0.055425,-0.055425,-0.055425,0.000000,0.000000,4,12,1774
diffusion_matched/mcity_diff10,85,1545236125.901829,1,-0.073937,-0.073937,-0.073937,0.000000,0.000000,4,12,1794
diffusion_matched/mcity_diff10,86,1545236126.881773,1,-0.092713,-0.092713,-0.092713,0.000000,0.000000,4,12,1804
diffusion_matched/mcity_diff10,87,1545236127.921757,1,-0.052109,-0.052109,-0.052109,0.000000,0.000000,4,12,1814
diffusion_matched/mcity_diff10,88,1545236129.881743,1,-0.090041,-0.090041,-0.090041,0.000000,0.000000,4,12,1834
diffusion_matched/mcity_diff10,89,1545236131.901794,1,-0.068409,-0.068409,-0.068409,0.000000,0.000000,4,12,1854
diffusion_matched/mcity_diff10,90,1545236133.921697,1,-0.046700,-0.046700,-0.046700,0.000000,0.000000,4,12,1874
diffusion_matched/mcity_diff10,91,1545236135.901700,1,-0.064533,-0.064533,-0.064533,0.000000,0.000000,4,12,1894
diffusion_matched/mcity_diff10,92,1545236137.901736,1,-0.062948,-0.062948,-0.062948,0.000000,0.000000,4,12,1914
diffusion_matched/mcity_diff10,93,1545236139.921661,1,-0.041221,-0.041221,-0.041221,0.000000,0.000000,4,12,1934
diffusion_matched/mcity_diff10,94,1545236141.881711,1,-0.078927,-0.078927,-0.078927,0.000000,0.000000,4,12,1954
diffusion_matched/mcity_diff10,95,1545236143.901706,1,-0.057484,-0.057484,-0.057484,0.000000,0.000000,4,12,1974
diffusion_matched/mcity_diff10,96,1545236145.921607,1,-0.035655,-0.035655,-0.035655,0.000000,0.000000,4,12,1994
diffusion_matched/mcity_diff10,97,1545236148.921597,1,-0.032915,-0.032915,-0.032915,0.000000,0.000000,4,12,2024
diffusion_matched/mcity_diff10,98,1545236150.921613,1,-0.030756,-0.030756,-0.030756,0.000000,0.000000,4,12,2044
diffusion_matched/mcity_diff10,99,1545236152.881558,1,-0.069370,-0.069370,-0.069370,0.000000,0.000000,4,12,2064
diffusion_matched/mcity_diff10,100,1545236155.881530,1,-0.066671,-0.066671,-0.066671,0.000000,0.000000,4,12,2094
diffusion_matched/mcity_diff10,101,1545236157.901681,1,-0.044623,-0.044623,-0.044623,0.000000,0.000000,4,12,2114
diffusion_matched/mcity_diff10,102,1545236159.901609,1,-0.042629,-0.042629,-0.042629,0.000000,0.000000,4,12,2134
diffusion_matched/mcity_diff10,103,1545236161.901580,1,-0.041090,-0.041090,-0.041090,0.000000,0.000000,4,12,2154
diffusion_matched/mcity_diff10,104,1545236163.881526,1,-0.059225,-0.059225,-0.059225,0.000000,0.000000,4,12,2174
diffusion_matched/mcity_diff10,105,1545236166.881532,1,-0.056541,-0.056541,-0.056541,0.000000,0.000000,4,12,2204
diffusion_matched/mcity_diff10,106,1545236168.901428,1,-0.037284,-0.037284,-0.037284,0.000000,0.000000,4,12,2224
diffusion_matched/mcity_diff10,107,1545236170.901482,1,-0.032864,-0.032864,-0.032864,0.000000,0.000000,4,12,2244
diffusion_matched/mcity_diff10,108,1545236171.921480,1,-0.011849,-0.011849,-0.011849,0.000000,0.000000,4,12,2254
diffusion_matched/mcity_diff10,109,1545236173.901414,1,-0.030252,-0.030252,-0.030252,0.000000,0.000000,4,12,2274
diffusion_matched/mcity_diff10,110,1545236175.921376,1,-0.008386,-0.008386,-0.008386,0.000000,0.000000,4,12,2294
diffusion_matched/mcity_diff10,111,1545236177.881368,1,-0.046342,-0.046342,-0.046342,0.000000,0.000000,4,12,2314
diffusion_matched/mcity_diff10,112,1545236179.901402,1,-0.024726,-0.024726,-0.024726,0.000000,0.000000,4,12,2334
diffusion_matched/mcity_diff10,113,1545236181.901324,1,-0.023011,-0.023011,-0.023011,0.000000,0.000000,4,12,2354
diffusion_matched/mcity_diff10,114,1545236183.921347,1,-0.000718,-0.000718,-0.000718,0.000000,0.000000,4,12,2374
diffusion_matched/mcity_diff10,115,1545236185.881303,1,-0.039280,-0.039280,-0.039280,0.000000,0.000000,4,12,2394
diffusion_matched/mcity_diff10,116,1545236187.921297,1,0.002633,0.002633,0.002633,0.000000,0.000000,4,12,2414
diffusion_matched/mcity_diff10,117,1545236189.921305,1,0.004703,0.004703,0.004703,0.000000,0.000000,4,12,2434
diffusion_matched/mcity_diff10,118,1545236191.881341,1,-0.033803,-0.033803,-0.033803,0.000000,0.000000,4,12,2454
diffusion_matched/mcity_diff10,119,1545236193.901239,1,-0.011962,-0.011962,-0.011962,0.000000,0.000000,4,12,2474
diffusion_matched/mcity_diff10,120,1545236195.901215,1,-0.009918,-0.009918,-0.009918,0.000000,0.000000,4,12,2494
diffusion_matched/mcity_diff10,121,1545236196.881266,1,-0.029196,-0.029196,-0.029196,0.000000,0.000000,4,12,2504
diffusion_matched/mcity_diff10,122,1545236198.901188,1,-0.007130,-0.007130,-0.007130,0.000000,0.000000,4,12,2524
diffusion_matched/mcity_diff10,123,1545236200.901238,1,-0.005537,-0.005537,-0.005537,0.000000,0.000000,4,12,2544
diffusion_matched/mcity_diff10,124,1545236202.921177,1,0.016549,0.016549,0.016549,0.000000,0.000000,4,12,2564
diffusion_matched/mcity_diff10,125,1545236203.901169,1,-0.002930,-0.002930,-0.002930,0.000000,0.000000,4,12,2574
diffusion_matched/mcity_diff10,126,1545236204.881136,1,-0.121910,-0.121910,-0.121910,0.000000,0.000000,4,12,2585
diffusion_matched/mcity_diff10,127,1545236206.901187,1,-0.099989,-0.099989,-0.099989,0.000000,0.000000,4,12,2605
diffusion_matched/mcity_diff10,128,1545236207.901150,1,0.001044,0.001044,0.001044,0.000000,0.000000,4,12,2614
diffusion_matched/mcity_diff10,129,1545236208.701174,1,-0.297887,-0.297887,-0.297887,0.000000,0.000000,4,12,2625
diffusion_matched/mcity_diff10,130,1545236208.701174,1,-2.296387,-2.296387,-2.296387,0.000000,0.000000,4,12,2645
diffusion_matched/mcity_diff2,0,1545235952.923106,1,-0.011394,-0.011394,-0.011394,0.000000,0.000000,4,12,62
diffusion_matched/mcity_diff2,1,1545235954.923095,1,-0.009954,-0.009954,-0.009954,0.000000,0.000000,4,12,82
diffusion_matched/mcity_diff2,2,1545235956.923071,1,-0.008010,-0.008010,-0.008010,0.000000,0.000000,4,12,102
diffusion_matched/mcity_diff2,3,1545235959.923032,1,-0.005333,-0.005333,-0.005333,0.000000,0.000000,4,12,132
diffusion_matched/mcity_diff2,4,1545235961.883028,1,-0.043224,-0.043224,-0.043224,0.000000,0.000000,4,12,152
diffusion_matched/mcity_diff2,5,1545235962.923022,1,-0.002580,-0.002580,-0.002580,0.000000,0.000000,4,12,162
diffusion_matched/mcity_diff2,6,1545235963.903080,1,-0.021612,-0.021612,-0.021612,0.000000,0.000000,4,12,172
diffusion_matched/mcity_diff2,7,1545235964.882997,1,-0.040493,-0.040493,-0.040493,0.000000,0.000000,4,12,182
diffusion_matched/mcity_diff2,8,1545235965.923000,1,0.000087,0.000087,0.000087,0.000000,0.000000,4,12,192
diffusion_matched/mcity_diff2,9,1545235966.923059,1,0.000976,0.000976,0.000976,0.000000,0.000000,4,12,202
diffusion_matched/mcity_diff2,10,1545235967.902999,1,-0.017765,-0.017765,-0.017765,0.000000,0.000000,4,12,212
diffusion_matched/mcity_diff2,11,1545235968.883028,1,-0.037177,-0.037177,-0.037177,0.000000,0.000000,4,12,222
diffusion_matched/mcity_diff2,12,1545235969.903026,1,-0.016236,-0.016236,-0.016236,0.000000,0.000000,4,12,232
diffusion_matched/mcity_diff2,13,1545235970.882940,1,-0.035047,-0.035047,-0.035047,0.000000,0.000000,4,12,242
diffusion_matched/mcity_diff2,14,1545235971.922974,1,0.005551,0.005551,0.005551,0.000000,0.000000,4,12,252
diffusion_matched/mcity_diff2,15,1545235972.903028,1,-0.013521,-0.013521,-0.013521,0.000000,0.000000,4,12,262
diffusion_matched/mcity_diff2,16,1545235974.902918,1,-0.011719,-0.011719,-0.011719,0.000000,0.000000,4,12,282
diffusion_matched/mcity_diff2,17,1545235976.922934,1,0.010491,0.010491,0.010491,0.000000,0.000000,4,12,302
diffusion_matched/mcity_diff2,18,1545235978.882946,1,-0.028056,-0.028056,-0.028056,0.000000,0.000000,4,12,322
diffusion_matched/mcity_diff2,19,1545235979.922915,1,0.013181,0.013181,0.013181,0.000000,0.000000,4,12,332
diffusion_matched/mcity_diff2,20,1545235980.902993,1,-0.006088,-0.006088,-0.006088,0.000000,0.000000,4,12,342
diffusion_matched/mcity_diff2,21,1545235981.882960,1,-0.025229,-0.025229,-0.025229,0.000000,0.000000,4,12,352
diffusion_matched/mcity_diff2,22,1545235982.922967,1,0.016029,0.016029,0.016029,0.000000,0.000000,4,12,362
diffusion_matched/mcity_diff2,23,1545235984.882971,1,-0.022459,-0.022459,-0.022459,0.000000,0.000000,4,12,382
diffusion_matched/mcity_diff2,24,1545235985.902844,1,-0.001328,-0.001328,-0.001328,0.000000,0.000000,4,12,392
diffusion_matched/mcity_diff2,25,1545235988.902899,1,-0.098751,-0.098751,-0.098751,0.000000,0.000000,4,12,423
diffusion_matched/mcity_diff2,26,1545235989.902864,1,-0.097508,-0.097508,-0.097508,0.000000,0.000000,4,12,433
diffusion_matched/mcity_diff2,27,1545235990.922870,1,0.022934,0.022934,0.022934,0.000000,0.000000,4,12,442
diffusion_matched/mcity_diff2,28,1545235991.902853,1,-0.096067,-0.096067,-0.096067,0.000000,0.000000,4,12,453
diffusion_matched/mcity_diff2,29,1545235992.882976,1,-0.114661,-0.114661,-0.114661,0.000000,0.000000,4,12,463
diffusion_matched/mcity_diff2,30,1545235993.922772,1,-0.073977,-0.073977,-0.073977,0.000000,0.000000,4,12,473
diffusion_matched/mcity_diff2,31,1545235994.902849,1,-0.093372,-0.093372,-0.093372,0.000000,0.000000,4,12,483
diffusion_matched/mcity_diff2,32,1545235995.922783,1,-0.072162,-0.072162,-0.072162,0.000000,0.000000,4,12,493
diffusion_matched/mcity_diff2,33,1545235997.882877,1,-0.110546,-0.110546,-0.110546,0.000000,0.000000,4,12,513
diffusion_matched/mcity_diff2,34,1545235998.902751,1,-0.089555,-0.089555,-0.089555,0.000000,0.000000,4,12,523
diffusion_matched/mcity_diff2,35,1545236000.902746,1,-0.087911,-0.087911,-0.087911,0.000000,0.000000,4,12,543
diffusion_matched/mcity_diff2,36,1545236003.902715,1,-0.085144,-0.085144,-0.085144,0.000000,0.000000,4,12,573
diffusion_matched/mcity_diff2,37,1545236004.882754,1,-0.103844,-0.103844,-0.103844,0.000000,0.000000,4,12,583
diffusion_matched/mcity_diff2,38,1545236005.922679,1,-0.063020,-0.063020,-0.063020,0.000000,0.000000,4,12,593
diffusion_matched/mcity_diff2,39,1545236006.902815,1,-0.082324,-0.082324,-0.082324,0.000000,0.000000,4,12,603
diffusion_matched/mcity_diff2,40,1545236007.882821,1,-0.101068,-0.101068,-0.101068,0.000000,0.000000,4,12,613
diffusion_matched/mcity_diff2,41,1545236008.922624,1,-0.060418,-0.060418,-0.060418,0.000000,0.000000,4,12,623
diffusion_matched/mcity_diff2,42,1545236009.902685,1,-0.079713,-0.079713,-0.079713,0.000000,0.000000,4,12,633
diffusion_matched/mcity_diff2,43,1545236010.922653,1,-0.058510,-0.058510,-0.058510,0.000000,0.000000,4,12,643
diffusion_matched/mcity_diff2,44,1545236011.922659,1,-0.057513,-0.057513,-0.057513,0.000000,0.000000,4,12,653
diffusion_matched/mcity_diff2,45,1545236012.902693,1,-0.077016,-0.077016,-0.077016,0.000000,0.000000,4,12,663
diffusion_matched/mcity_diff2,46,1545236013.882709,1,-0.096069,-0.096069,-0.096069,0.000000,0.000000,4,12,673
diffusion_matched/mcity_diff2,47,1545236014.922673,1,-0.054775,-0.054775,-0.054775,0.000000,0.000000,4,12,683
diffusion_matched/mcity_diff2,48,1545236015.922744,1,-0.054128,-0.054128,-0.054128,0.000000,0.000000,4,12,693
diffusion_matched/mcity_diff2,49,1545236016.902630,1,-0.073019,-0.073019,-0.073019,0.000000,0.000000,4,12,703
diffusion_matched/mcity_diff2,50,1545236017.922680,1,-0.052067,-0.052067,-0.052067,0.000000,0.000000,4,12,713
diffusion_matched/mcity_diff2,51,1545236018.902597,1,-0.071452,-0.071452,-0.071452,0.000000,0.000000,4,12,723
diffusion_matched/mcity_diff2,52,1545236019.882693,1,-0.090127,-0.090127,-0.090127,0.000000,0.000000,4,12,733
diffusion_matched/mcity_diff2,53,1545236020.882621,1,-0.089358,-0.089358,-0.089358,0.000000,0.000000,4,12,743
diffusion_matched/mcity_diff2,54,1545236023.922633,1,-0.046616,-0.046616,-0.046616,0.000000,0.000000,4,12,773
diffusion_matched/mcity_diff2,55,1545236024.902571,1,-0.066047,-0.066047,-0.066047,0.000000,0.000000,4,12,783
diffusion_matched/mcity_diff2,56,1545236025.882617,1,-0.084796,-0.084796,-0.084796,0.000000,0.000000,4,12,793
diffusion_matched/mcity_diff2,57,1545236026.902694,1,-0.063705,-0.063705,-0.063705,0.000000,0.000000,4,12,803
diffusion_matched/mcity_diff2,58,1545236027.882519,1,-0.083338,-0.083338,-0.083338,0.000000,0.000000,4,12,813
diffusion_matched/mcity_diff2,59,1545236028.922605,1,-0.041996,-0.041996,-0.041996,0.000000,0.000000,4,12,823
diffusion_matched/mcity_diff2,60,1545236029.902567,1,-0.061148,-0.061148,-0.061148,0.000000,0.000000,4,12,833
diffusion_matched/mcity_diff2,61,1545236030.882491,1,-0.080529,-0.080529,-0.080529,0.000000,0.000000,4,12,843
diffusion_matched/mcity_diff2,62,1545236031.922488,1,-0.039313,-0.039313,-0.039313,0.000000,0.000000,4,12,853
diffusion_matched/mcity_diff2,63,1545236032.902556,1,-0.058507,-0.058507,-0.058507,0.000000,0.000000,4,12,863
diffusion_matched/mcity_diff2,64,1545236033.882473,1,-0.077796,-0.077796,-0.077796,0.000000,0.000000,4,12,873
diffusion_matched/mcity_diff2,65,1545236035.902520,1,-0.055644,-0.055644,-0.055644,0.000000,0.000000,4,12,893
diffusion_matched/mcity_diff2,66,1545236036.922458,1,-0.035153,-0.035153,-0.035153,0.000000,0.000000,4,12,903
diffusion_matched/mcity_diff2,67,1545236037.902443,1,-0.053888,-0.053888,-0.053888,0.000000,0.000000,4,12,913
diffusion_matched/mcity_diff2,68,1545236039.922448,1,-0.032341,-0.032341,-0.032341,0.000000,0.000000,4,12,933
diffusion_matched/mcity_diff2,69,1545236040.902438,1,-0.051177,-0.051177,-0.051177,0.000000,0.000000,4,12,943
diffusion_matched/mcity_diff2,70,1545236041.922422,1,-0.030216,-0.030216,-0.030216,0.000000,0.000000,4,12,953
diffusion_matched/mcity_diff2,71,1545236042.902428,1,-0.049670,-0.049670,-0.049670,0.000000,0.000000,4,12,963
diffusion_matched/mcity_diff2,72,1545236043.902399,1,-0.048471,-0.048471,-0.048471,0.000000,0.000000,4,12,973
diffusion_matched/mcity_diff2,73,1545236046.882434,1,-0.065703,-0.065703,-0.065703,0.000000,0.000000,4,12,1003
diffusion_matched/mcity_diff2,74,1545236048.902375,1,-0.044272,-0.044272,-0.044272,0.000000,0.000000,4,12,1023
diffusion_matched/mcity_diff2,75,1545236051.922370,1,-0.021522,-0.021522,-0.021522,0.000000,0.000000,4,12,1053
diffusion_matched/mcity_diff2,76,1545236052.922340,1,-0.020197,-0.020197,-0.020197,0.000000,0.000000,4,12,1063
diffusion_matched/mcity_diff2,77,1545236053.902387,1,-0.039302,-0.039302,-0.039302,0.000000,0.000000,4,12,1073
diffusion_matched/mcity_diff2,78,1545236055.902403,1,-0.037377,-0.037377,-0.037377,0.000000,0.000000,4,12,1093
diffusion_matched/mcity_diff2,79,1545236056.902365,1,-0.036485,-0.036485,-0.036485,0.000000,0.000000,4,12,1103
diffusion_matched/mcity_diff2,80,1545236058.902375,1,-0.034653,-0.034653,-0.034653,0.000000,0.000000,4,12,1123
diffusion_matched/mcity_diff2,81,1545236061.902342,1,-0.031966,-0.031966,-0.031966,0.000000,0.000000,4,12,1153
diffusion_matched/mcity_diff2,82,1545236063.922281,1,-0.010434,-0.010434,-0.010434,0.000000,0.000000,4,12,1173
diffusion_matched/mcity_diff2,83,1545236064.902238,1,-0.029262,-0.029262,-0.029262,0.000000,0.000000,4,12,1183
diffusion_matched/mcity_diff2,84,1545236065.902293,1,-0.028375,-0.028375,-0.028375,0.000000,0.000000,4,12,1193
diffusion_matched/mcity_diff2,85,1545236066.922266,1,-0.007666,-0.007666,-0.007666,0.000000,0.000000,4,12,1203
diffusion_matched/mcity_diff2,86,1545236067.902213,1,-0.026552,-0.026552,-0.026552,0.000000,0.000000,4,12,1213
diffusion_matched/mcity_diff2,87,1545236070.902199,1,-0.023778,-0.023778,-0.023778,0.000000,0.000000,4,12,1243
diffusion_matched/mcity_diff2,88,1545236071.882316,1,-0.042835,-0.042835,-0.042835,0.000000,0.000000,4,12,1253
diffusion_matched/mcity_diff2,89,1545236072.902180,1,-0.022300,-0.022300,-0.022300,0.000000,0.000000,4,12,1263
diffusion_matched/mcity_diff2,90,1545236074.922160,1,-0.000217,-0.000217,-0.000217,0.000000,0.000000,4,12,1283
diffusion_matched/mcity_diff2,91,1545236077.922225,1,0.002665,0.002665,0.002665,0.000000,0.000000,4,12,1313
diffusion_matched/mcity_diff2,92,1545236078.902167,1,-0.016749,-0.016749,-0.016749,0.000000,0.000000,4,12,1323
diffusion_matched/mcity_diff2,93,1545236079.882269,1,-0.035437,-0.035437,-0.035437,0.000000,0.000000,4,12,1333
diffusion_matched/mcity_diff2,94,1545236080.922125,1,0.005196,0.005196,0.005196,0.000000,0.000000,4,12,1343
diffusion_matched/mcity_diff2,95,1545236081.902133,1,-0.014034,-0.014034,-0.014034,0.000000,0.000000,4,12,1353
diffusion_matched/mcity_diff2,96,1545236083.902162,1,-0.011906,-0.011906,-0.011906,0.000000,0.000000,4,12,1373
diffusion_matched/mcity_diff2,97,1545236084.902142,1,-0.011374,-0.011374,-0.011374,0.000000,0.000000,4,12,1383
diffusion_matched/mcity_diff2,98,1545236085.922084,1,0.009781,0.009781,0.009781,0.000000,0.000000,4,12,1393
diffusion_matched/mcity_diff2,99,1545236086.902141,1,-0.009177,-0.009177,-0.009177,0.000000,0.000000,4,12,1403
diffusion_matched/mcity_diff2,100,1545236087.922098,1,0.011386,0.011386,0.011386,0.000000,0.000000,4,12,1413
diffusion_matched/mcity_diff2,101,1545236088.902062,1,-0.007438,-0.007438,-0.007438,0.000000,0.000000,4,12,1423
diffusion_matched/mcity_diff2,102,1545236089.882042,1,-0.026514,-0.026514,-0.026514,0.000000,0.000000,4,12,1433
diffusion_matched/mcity_diff2,103,1545236090.902130,1,-0.005810,-0.005810,-0.005810,0.000000,0.000000,4,12,1443
diffusion_matched/mcity_diff2,104,1545236092.882114,1,-0.023642,-0.023642,-0.023642,0.000000,0.000000,4,12,1463
diffusion_matched/mcity_diff2,105,1545236093.902008,1,-0.003161,-0.003161,-0.003161,0.000000,0.000000,4,12,1473
diffusion_matched/mcity_diff2,106,1545236094.902024,1,-0.001992,-0.001992,-0.001992,0.000000,0.000000,4,12,1483
diffusion_matched/mcity_diff2,107,1545236095.922080,1,-0.081239,-0.081239,-0.081239,0.000000,0.000000,4,12,1494
diffusion_matched/mcity_diff2,108,1545236098.902065,1,-0.098471,-0.098471,-0.098471,0.000000,0.000000,4,12,1524
diffusion_matched/mcity_diff2,109,1545236099.881977,1,-0.117346,-0.117346,-0.117346,0.000000,0.000000,4,12,1534
diffusion_matched/mcity_diff2,110,1545236100.921971,1,-0.076676,-0.076676,-0.076676,0.000000,0.000000,4,12,1544
diffusion_matched/mcity_diff2,111,1545236101.921944,1,-0.075874,-0.075874,-0.075874,0.000000,0.000000,4,12,1554
diffusion_matched/mcity_diff2,112,1545236102.922086,1,-0.074461,-0.074461,-0.074461,0.000000,0.000000,4,12,1564
diffusion_matched/mcity_diff2,113,1545236104.921991,1,-0.073056,-0.073056,-0.073056,0.000000,0.000000,4,12,1584
diffusion_matched/mcity_diff2,114,1545236105.921948,1,-0.071857,-0.071857,-0.071857,0.000000,0.000000,4,12,1594
diffusion_matched/mcity_diff2,115,1545236106.901981,1,-0.091249,-0.091249,-0.091249,0.000000,0.000000,4,12,1604
diffusion_matched/mcity_diff2,116,1545236107.881902,1,-0.110329,-0.110329,-0.110329,0.000000,0.000000,4,12,1614
diffusion_matched/mcity_diff2,117,1545236108.901975,1,-0.089387,-0.089387,-0.089387,0.000000,0.000000,4,12,1624
diffusion_matched/mcity_diff2,118,1545236109.901900,1,-0.088750,-0.088750,-0.088750,0.000000,0.000000,4,12,1634
diffusion_matched/mcity_diff2,119,1545236110.881882,1,-0.107764,-0.107764,-0.107764,0.000000,0.000000,4,12,1644
diffusion_matched/mcity_diff2,120,1545236111.921944,1,-0.066261,-0.066261,-0.066261,0.000000,0.000000,4,12,1654
diffusion_matched/mcity_diff2,121,1545236112.901949,1,-0.085743,-0.085743,-0.085743,0.000000,0.000000,4,12,1664
diffusion_matched/mcity_diff2,122,1545236114.901885,1,-0.083593,-0.083593,-0.083593,0.000000,0.000000,4,12,1684
diffusion_matched/mcity_diff2,123,1545236115.921826,1,-0.063146,-0.063146,-0.063146,0.000000,0.000000,4,12,1694
diffusion_matched/mcity_diff2,124,1545236116.881876,1,-0.102063,-0.102063,-0.102063,0.000000,0.000000,4,12,1704
diffusion_matched/mcity_diff2,125,1545236117.901838,1,-0.080985,-0.080985,-0.080985,0.000000,0.000000,4,12,1714
diffusion_matched/mcity_diff2,126,1545236118.881874,1,-0.100213,-0.100213,-0.100213,0.000000,0.000000,4,12,1724
diffusion_matched/mcity_diff2,127,1545236121.901804,1,-0.077632,-0.077632,-0.077632,0.000000,0.000000,4,12,1754
diffusion_matched/mcity_diff2,128,1545236123.921809,1,-0.055425,-0.055425,-0.055425,0.000000,0.000000,4,12,1774
diffusion_matched/mcity_diff2,129,1545236125.901829,1,-0.073937,-0.073937,-0.073937,0.000000,0.000000,4,12,1794
diffusion_matched/mcity_diff2,130,1545236126.881773,1,-0.092713,-0.092713,-0.092713,0.000000,0.000000,4,12,1804
diffusion_matched/mcity_diff2,131,1545236127.921757,1,-0.052109,-0.052109,-0.052109,0.000000,0.000000,4,12,1814
diffusion_matched/mcity_diff2,132,1545236128.901808,1,-0.071171,-0.071171,-0.071171,0.000000,0.000000,4,12,1824
diffusion_matched/mcity_diff2,133,1545236129.881743,1,-0.090041,-0.090041,-0.090041,0.000000,0.000000,4,12,1834
diffusion_matched/mcity_diff2,134,1545236130.921737,1,-0.049352,-0.049352,-0.049352,0.000000,0.000000,4,12,1844
diffusion_matched/mcity_diff2,135,1545236131.901794,1,-0.068409,-0.068409,-0.068409,0.000000,0.000000,4,12,1854
diffusion_matched/mcity_diff2,136,1545236132.901794,1,-0.067222,-0.067222,-0.067222,0.000000,0.000000,4,12,1864
diffusion_matched/mcity_diff2,137,1545236134.901762,1,-0.065586,-0.065586,-0.065586,0.000000,0.000000,4,12,1884
diffusion_matched/mcity_diff2,138,1545236135.901700,1,-0.064533,-0.064533,-0.064533,0.000000,0.000000,4,12,1894
diffusion_matched/mcity_diff2,139,1545236136.921690,1,-0.043934,-0.043934,-0.043934,0.000000,0.000000,4,12,1904
diffusion_matched/mcity_diff2,140,1545236138.921722,1,-0.041703,-0.041703,-0.041703,0.000000,0.000000,4,12,1924
diffusion_matched/mcity_diff2,141,1545236139.921661,1,-0.041221,-0.041221,-0.041221,0.000000,0.000000,4,12,1934
diffusion_matched/mcity_diff2,142,1545236140.901797,1,-0.060142,-0.060142,-0.060142,0.000000,0.000000,4,12,1944
diffusion_matched/mcity_diff2,143,1545236141.881711,1,-0.078927,-0.078927,-0.078927,0.000000,0.000000,4,12,1954
diffusion_matched/mcity_diff2,144,1545236143.901706,1,-0.057484,-0.057484,-0.057484,0.000000,0.000000,4,12,1974
diffusion_matched/mcity_diff2,145,1545236144.901636,1,-0.056402,-0.056402,-0.056402,0.000000,0.000000,4,12,1984
diffusion_matched/mcity_diff2,146,1545236145.921607,1,-0.035655,-0.035655,-0.035655,0.000000,0.000000,4,12,1994
diffusion_matched/mcity_diff2,147,1545236146.901737,1,-0.054677,-0.054677,-0.054677,0.000000,0.000000,4,12,2004
diffusion_matched/mcity_diff2,148,1545236148.921597,1,-0.032915,-0.032915,-0.032915,0.000000,0.000000,4,12,2024
diffusion_matched/mcity_diff2,149,1545236150.921613,1,-0.030756,-0.030756,-0.030756,0.000000,0.000000,4,12,2044
diffusion_matched/mcity_diff2,150,1545236152.881558,1,-0.069370,-0.069370,-0.069370,0.000000,0.000000,4,12,2064
diffusion_matched/mcity_diff2,151,1545236153.921569,1,-0.028018,-0.028018,-0.028018,0.000000,0.000000,4,12,2074
diffusion_matched/mcity_diff2,152,1545236154.901681,1,-0.047409,-0.047409,-0.047409,0.000000,0.000000,4,12,2084
diffusion_matched/mcity_diff2,153,1545236157.901681,1,-0.044623,-0.044623,-0.044623,0.000000,0.000000,4,12,2114
diffusion_matched/mcity_diff2,154,1545236158.921581,1,-0.023814,-0.023814,-0.023814,0.000000,0.000000,4,12,2124
diffusion_matched/mcity_diff2,155,1545236159.901609,1,-0.042629,-0.042629,-0.042629,0.000000,0.000000,4,12,2134
diffusion_matched/mcity_diff2,156,1545236160.881557,1,-0.061951,-0.061951,-0.061951,0.000000,0.000000,4,12,2144
diffusion_matched/mcity_diff2,157,1545236161.901580,1,-0.041090,-0.041090,-0.041090,0.000000,0.000000,4,12,2154
diffusion_matched/mcity_diff2,158,1545236162.921539,1,-0.019947,-0.019947,-0.019947,0.000000,0.000000,4,12,2164
diffusion_matched/mcity_diff2,159,1545236163.881526,1,-0.059225,-0.059225,-0.059225,0.000000,0.000000,4,12,2174
diffusion_matched/mcity_diff2,160,1545236164.881593,1,-0.058245,-0.058245,-0.058245,0.000000,0.000000,4,12,2184
diffusion_matched/mcity_diff2,161,1545236165.901462,1,-0.037247,-0.037247,-0.037247,0.000000,0.000000,4,12,2194
diffusion_matched/mcity_diff2,162,1545236166.881532,1,-0.056541,-0.056541,-0.056541,0.000000,0.000000,4,12,2204
diffusion_matched/mcity_diff2,163,1545236167.901515,1,-0.035574,-0.035574,-0.035574,0.000000,0.000000,4,12,2214
diffusion_matched/mcity_diff2,164,1545236170.901482,1,-0.032864,-0.032864,-0.032864,0.000000,0.000000,4,12,2244
diffusion_matched/mcity_diff2,165,1545236171.921480,1,-0.011849,-0.011849,-0.011849,0.000000,0.000000,4,12,2254
diffusion_matched/mcity_diff2,166,1545236172.921389,1,-0.011112,-0.011112,-0.011112,0.000000,0.000000,4,12,2264
diffusion_matched/mcity_diff2,167,1545236174.921466,1,-0.008904,-0.008904,-0.008904,0.000000,0.000000,4,12,2284
diffusion_matched/mcity_diff2,168,1545236175.921376,1,-0.008386,-0.008386,-0.008386,0.000000,0.000000,4,12,2294
diffusion_matched/mcity_diff2,169,1545236176.901428,1,-0.027445,-0.027445,-0.027445,0.000000,0.000000,4,12,2304
diffusion_matched/mcity_diff2,170,1545236178.921368,1,-0.005654,-0.005654,-0.005654,0.000000,0.000000,4,12,2324
diffusion_matched/mcity_diff2,171,1545236179.901402,1,-0.024726,-0.024726,-0.024726,0.000000,0.000000,4,12,2334
diffusion_matched/mcity_diff2,172,1545236182.921308,1,-0.001999,-0.001999,-0.001999,0.000000,0.000000,4,12,2364
diffusion_matched/mcity_diff2,173,1545236183.921347,1,-0.000718,-0.000718,-0.000718,0.000000,0.000000,4,12,2374
diffusion_matched/mcity_diff2,174,1545236184.901301,1,-0.020162,-0.020162,-0.020162,0.000000,0.000000,4,12,2384
diffusion_matched/mcity_diff2,175,1545236185.881303,1,-0.039280,-0.039280,-0.039280,0.000000,0.000000,4,12,2394
diffusion_matched/mcity_diff2,176,1545236186.921347,1,0.002078,0.002078,0.002078,0.000000,0.000000,4,12,2404
diffusion_matched/mcity_diff2,177,1545236187.921297,1,0.002633,0.002633,0.002633,0.000000,0.000000,4,12,2414
diffusion_matched/mcity_diff2,178,1545236188.881263,1,-0.036614,-0.036614,-0.036614,0.000000,0.000000,4,12,2424
diffusion_matched/mcity_diff2,179,1545236190.901274,1,-0.014706,-0.014706,-0.014706,0.000000,0.000000,4,12,2444
diffusion_matched/mcity_diff2,180,1545236191.881341,1,-0.033803,-0.033803,-0.033803,0.000000,0.000000,4,12,2454
diffusion_matched/mcity_diff2,181,1545236192.921302,1,0.007443,0.007443,0.007443,0.000000,0.000000,4,12,2464
diffusion_matched/mcity_diff2,182,1545236193.901239,1,-0.011962,-0.011962,-0.011962,0.000000,0.000000,4,12,2474
diffusion_matched/mcity_diff2,183,1545236194.881221,1,-0.031074,-0.031074,-0.031074,0.000000,0.000000,4,12,2484
diffusion_matched/mcity_diff2,184,1545236195.901215,1,-0.009918,-0.009918,-0.009918,0.000000,0.000000,4,12,2494
diffusion_matched/mcity_diff2,185,1545236196.881266,1,-0.029196,-0.029196,-0.029196,0.000000,0.000000,4,12,2504
diffusion_matched/mcity_diff2,186,1545236197.921189,1,0.011645,0.011645,0.011645,0.000000,0.000000,4,12,2514
diffusion_matched/mcity_diff2,187,1545236198.901188,1,-0.007130,-0.007130,-0.007130,0.000000,0.000000,4,12,2524
diffusion_matched/mcity_diff2,188,1545236199.921199,1,0.013459,0.013459,0.013459,0.000000,0.000000,4,12,2534
diffusion_matched/mcity_diff2,189,1545236200.901238,1,-0.005537,-0.005537,-0.005537,0.000000,0.000000,4,12,2544
diffusion_matched/mcity_diff2,190,1545236201.901193,1,-0.004305,-0.004305,-0.004305,0.000000,0.000000,4,12,2554
diffusion_matched/mcity_diff2,191,1545236202.921177,1,0.016549,0.016549,0.016549,0.000000,0.000000,4,12,2564
diffusion_matched/mcity_diff2,192,1545236203.901169,1,-0.002930,-0.002930,-0.002930,0.000000,0.000000,4,12,2574
diffusion_matched/mcity_diff2,193,1545236204.881136,1,-0.021676,-0.021676,-0.021676,0.000000,0.000000,4,12,2584
diffusion_matched/mcity_diff2,194,1545236205.921130,1,-0.080673,-0.080673,-0.080673,0.000000,0.000000,4,12,2595
diffusion_matched/mcity_diff2,195,1545236206.901187,1,-0.099989,-0.099989,-0.099989,0.000000,0.000000,4,12,2605
diffusion_matched/mcity_diff2,196,1545236207.901150,1,-0.099295,-0.099295,-0.099295,0.000000,0.000000,4,12,2615
diffusion_matched/mcity_diff2,197,1545236208.701174,1,-0.198169,-0.198169,-0.198169,0.000000,0.000000,4,12,2624
diffusion_matched/mcity_diff2,198,1545236208.701174,1,-1.297211,-1.297211,-1.297211,0.000000,0.000000,4,12,2635
diffusion_matched/mcity_diff2,199,1545236208.701174,1,-2.296387,-2.296387,-2.296387,0.000000,0.000000,4,12,2645
diffusion_matched/mcity_diff5,0,1545235952.923106,1,-0.011394,-0.011394,-0.011394,0.000000,0.000000,4,12,62
diffusion_matched/mcity_diff5,1,1545235954.923095,1,-0.009954,-0.009954,-0.009954,0.000000,0.000000,4,12,82
diffusion_matched/mcity_diff5,2,1545235956.923071,1,-0.008010,-0.008010,-0.008010,0.000000,0.000000,4,12,102
diffusion_matched/mcity_diff5,3,1545235959.923032,1,-0.005333,-0.005333,-0.005333,0.000000,0.000000,4,12,132
diffusion_matched/mcity_diff5,4,1545235961.883028,1,-0.043224,-0.043224,-0.043224,0.000000,0.000000,4,12,152
diffusion_matched/mcity_diff5,5,1545235962.923022,1,-0.002580,-0.002580,-0.002580,0.000000,0.000000,4,12,162
diffusion_matched/mcity_diff5,6,1545235964.882997,1,-0.040493,-0.040493,-0.040493,0.000000,0.000000,4,12,182
diffusion_matched/mcity_diff5,7,1545235966.923059,1,0.000976,0.000976,0.000976,0.000000,0.000000,4,12,202
diffusion_matched/mcity_diff5,8,1545235967.902999,1,-0.017765,-0.017765,-0.017765,0.000000,0.000000,4,12,212
diffusion_matched/mcity_diff5,9,1545235968.883028,1,-0.037177,-0.037177,-0.037177,0.000000,0.000000,4,12,222
diffusion_matched/mcity_diff5,10,1545235970.882940,1,-0.035047,-0.035047,-0.035047,0.000000,0.000000,4,12,242
diffusion_matched/mcity_diff5,11,1545235971.922974,1,0.005551,0.005551,0.005551,0.000000,0.000000,4,12,252
diffusion_matched/mcity_diff5,12,1545235972.903028,1,-0.013521,-0.013521,-0.013521,0.000000,0.000000,4,12,262
diffusion_matched/mcity_diff5,13,1545235974.902918,1,-0.011719,-0.011719,-0.011719,0.000000,0.000000,4,12,282
diffusion_matched/mcity_diff5,14,1545235977.902895,1,-0.008962,-0.008962,-0.008962,0.000000,0.000000,4,12,312
diffusion_matched/mcity_diff5,15,1545235980.902993,1,-0.006088,-0.006088,-0.006088,0.000000,0.000000,4,12,342
diffusion_matched/mcity_diff5,16,1545235982.922967,1,0.016029,0.016029,0.016029,0.000000,0.000000,4,12,362
diffusion_matched/mcity_diff5,17,1545235983.902869,1,-0.003500,-0.003500,-0.003500,0.000000,0.000000,4,12,372
diffusion_matched/mcity_diff5,18,1545235985.902844,1,-0.001328,-0.001328,-0.001328,0.000000,0.000000,4,12,392
diffusion_matched/mcity_diff5,19,1545235987.922825,1,-0.079466,-0.079466,-0.079466,0.000000,0.000000,4,12,413
diffusion_matched/mcity_diff5,20,1545235989.902864,1,0.002023,0.002023,0.002023,0.000000,0.000000,4,12,432
diffusion_matched/mcity_diff5,21,1545235991.902853,1,-0.096067,-0.096067,-0.096067,0.000000,0.000000,4,12,453
diffusion_matched/mcity_diff5,22,1545235992.882976,1,-0.114661,-0.114661,-0.114661,0.000000,0.000000,4,12,463
diffusion_matched/mcity_diff5,23,1545235993.922772,1,-0.073977,-0.073977,-0.073977,0.000000,0.000000,4,12,473
diffusion_matched/mcity_diff5,24,1545235995.922783,1,-0.072162,-0.072162,-0.072162,0.000000,0.000000,4,12,493
diffusion_matched/mcity_diff5,25,1545235997.882877,1,-0.110546,-0.110546,-0.110546,0.000000,0.000000,4,12,513
diffusion_matched/mcity_diff5,26,1545235998.902751,1,-0.089555,-0.089555,-0.089555,0.000000,0.000000,4,12,523
diffusion_matched/mcity_diff5,27,1545236000.902746,1,-0.087911,-0.087911,-0.087911,0.000000,0.000000,4,12,543
diffusion_matched/mcity_diff5,28,1545236001.922702,1,-0.066733,-0.066733,-0.066733,0.000000,0.000000,4,12,553
diffusion_matched/mcity_diff5,29,1545236003.902715,1,-0.085144,-0.085144,-0.085144,0.000000,0.000000,4,12,573
diffusion_matched/mcity_diff5,30,1545236004.882754,1,-0.103844,-0.103844,-0.103844,0.000000,0.000000,4,12,583
diffusion_matched/mcity_diff5,31,1545236005.922679,1,-0.063020,-0.063020,-0.063020,0.000000,0.000000,4,12,593
diffusion_matched/mcity_diff5,32,1545236006.902815,1,-0.082324,-0.082324,-0.082324,0.000000,0.000000,4,12,603
diffusion_matched/mcity_diff5,33,1545236007.882821,1,-0.101068,-0.101068,-0.101068,0.000000,0.000000,4,12,613
diffusion_matched/mcity_diff5,34,1545236008.922624,1,-0.060418,-0.060418,-0.060418,0.000000,0.000000,4,12,623
diffusion_matched/mcity_diff5,35,1545236009.902685,1,-0.079713,-0.079713,-0.079713,0.000000,0.000000,4,12,633
diffusion_matched/mcity_diff5,36,1545236011.922659,1,-0.057513,-0.057513,-0.057513,0.000000,0.000000,4,12,653
diffusion_matched/mcity_diff5,37,1545236013.882709,1,-0.096069,-0.096069,-0.096069,0.000000,0.000000,4,12,673
diffusion_matched/mcity_diff5,38,1545236015.922744,1,-0.054128,-0.054128,-0.054128,0.000000,0.000000,4,12,693
diffusion_matched/mcity_diff5,39,1545236016.902630,1,-0.073019,-0.073019,-0.073019,0.000000,0.000000,4,12,703
diffusion_matched/mcity_diff5,40,1545236018.902597,1,-0.071452,-0.071452,-0.071452,0.000000,0.000000,4,12,723
diffusion_matched/mcity_diff5,41,1545236020.882621,1,-0.089358,-0.089358,-0.089358,0.000000,0.000000,4,12,743
diffusion_matched/mcity_diff5,42,1545236021.902569,1,-0.068765,-0.068765,-0.068765,0.000000,0.000000,4,12,753
diffusion_matched/mcity_diff5,43,1545236022.882689,1,-0.087447,-0.087447,-0.087447,0.000000,0.000000,4,12,763
diffusion_matched/mcity_diff5,44,1545236023.922633,1,-0.046616,-0.046616,-0.046616,0.000000,0.000000,4,12,773
diffusion_matched/mcity_diff5,45,1545236025.882617,1,-0.084796,-0.084796,-0.084796,0.000000,0.000000,4,12,793
diffusion_matched/mcity_diff5,46,1545236027.882519,1,-0.083338,-0.083338,-0.083338,0.000000,0.000000,4,12,813
diffusion_matched/mcity_diff5,47,1545236030.882491,1,-0.080529,-0.080529,-0.080529,0.000000,0.000000,4,12,843
diffusion_matched/mcity_diff5,48,1545236031.922488,1,-0.039313,-0.039313,-0.039313,0.000000,0.000000,4,12,853
diffusion_matched/mcity_diff5,49,1545236032.902556,1,-0.058507,-0.058507,-0.058507,0.000000,0.000000,4,12,863
diffusion_matched/mcity_diff5,50,1545236033.882473,1,-0.077796,-0.077796,-0.077796,0.000000,0.000000,4,12,873
diffusion_matched/mcity_diff5,51,1545236036.922458,1,-0.035153,-0.035153,-0.035153,0.000000,0.000000,4,12,903
diffusion_matched/mcity_diff5,52,1545236038.902442,1,-0.053058,-0.053058,-0.053058,0.000000,0.000000,4,12,923
diffusion_matched/mcity_diff5,53,1545236040.902438,1,-0.051177,-0.051177,-0.051177,0.000000,0.000000,4,12,943
diffusion_matched/mcity_diff5,54,1545236042.902428,1,-0.049670,-0.049670,-0.049670,0.000000,0.000000,4,12,963
diffusion_matched/mcity_diff5,55,1545236044.922470,1,-0.027388,-0.027388,-0.027388,0.000000,0.000000,4,12,983
diffusion_matched/mcity_diff5,56,1545236046.882434,1,-0.065703,-0.065703,-0.065703,0.000000,0.000000,4,12,1003
diffusion_matched/mcity_diff5,57,1545236048.902375,1,-0.044272,-0.044272,-0.044272,0.000000,0.000000,4,12,1023
diffusion_matched/mcity_diff5,58,1545236050.902428,1,-0.041964,-0.041964,-0.041964,0.000000,0.000000,4,12,1043
diffusion_matched/mcity_diff5,59,1545236052.922340,1,-0.020197,-0.020197,-0.020197,0.000000,0.000000,4,12,1063
diffusion_matched/mcity_diff5,60,1545236054.882306,1,-0.058770,-0.058770,-0.058770,0.000000,0.000000,4,12,1083
diffusion_matched/mcity_diff5,61,1545236055.902403,1,-0.037377,-0.037377,-0.037377,0.000000,0.000000,4,12,1093
diffusion_matched/mcity_diff5,62,1545236056.902365,1,-0.036485,-0.036485,-0.036485,0.000000,0.000000,4,12,1103
diffusion_matched/mcity_diff5,63,1545236058.902375,1,-0.034653,-0.034653,-0.034653,0.000000,0.000000,4,12,1123
diffusion_matched/mcity_diff5,64,1545236059.882276,1,-0.053797,-0.053797,-0.053797,0.000000,0.000000,4,12,1133
diffusion_matched/mcity_diff5,65,1545236061.902342,1,-0.031966,-0.031966,-0.031966,0.000000,0.000000,4,12,1153
diffusion_matched/mcity_diff5,66,1545236063.922281,1,-0.010434,-0.010434,-0.010434,0.000000,0.000000,4,12,1173
diffusion_matched/mcity_diff5,67,1545236065.902293,1,-0.028375,-0.028375,-0.028375,0.000000,0.000000,4,12,1193
diffusion_matched/mcity_diff5,68,1545236067.902213,1,-0.026552,-0.026552,-0.026552,0.000000,0.000000,4,12,1213
diffusion_matched/mcity_diff5,69,1545236069.922260,1,-0.005002,-0.005002,-0.005002,0.000000,0.000000,4,12,1233
diffusion_matched/mcity_diff5,70,1545236070.902199,1,-0.023778,-0.023778,-0.023778,0.000000,0.000000,4,12,1243
diffusion_matched/mcity_diff5,71,1545236071.882316,1,-0.042835,-0.042835,-0.042835,0.000000,0.000000,4,12,1253
diffusion_matched/mcity_diff5,72,1545236073.882236,1,-0.041017,-0.041017,-0.041017,0.000000,0.000000,4,12,1273
diffusion_matched/mcity_diff5,73,1545236076.882249,1,-0.038360,-0.038360,-0.038360,0.000000,0.000000,4,12,1303
diffusion_matched/mcity_diff5,74,1545236078.902167,1,-0.016749,-0.016749,-0.016749,0.000000,0.000000,4,12,1323
diffusion_matched/mcity_diff5,75,1545236081.902133,1,-0.014034,-0.014034,-0.014034,0.000000,0.000000,4,12,1353
diffusion_matched/mcity_diff5,76,1545236082.882157,1,-0.032791,-0.032791,-0.032791,0.000000,0.000000,4,12,1363
diffusion_matched/mcity_diff5,77,1545236083.902162,1,-0.011906,-0.011906,-0.011906,0.000000,0.000000,4,12,1373
diffusion_matched/mcity_diff5,78,1545236085.922084,1,0.009781,0.009781,0.009781,0.000000,0.000000,4,12,1393
diffusion_matched/mcity_diff5,79,1545236086.902141,1,-0.009177,-0.009177,-0.009177,0.000000,0.000000,4,12,1403
diffusion_matched/mcity_diff5,80,1545236089.882042,1,-0.026514,-0.026514,-0.026514,0.000000,0.000000,4,12,1433
diffusion_matched/mcity_diff5,81,1545236091.902031,1,-0.004755,-0.004755,-0.004755,0.000000,0.000000,4,12,1453
diffusion_matched/mcity_diff5,82,1545236093.902008,1,-0.003161,-0.003161,-0.003161,0.000000,0.000000,4,12,1473
diffusion_matched/mcity_diff5,83,1545236095.922080,1,-0.081239,-0.081239,-0.081239,0.000000,0.000000,4,12,1494
diffusion_matched/mcity_diff5,84,1545236097.921987,1,-0.079376,-0.079376,-0.079376,0.000000,0.000000,4,12,1514
diffusion_matched/mcity_diff5,85,1545236099.881977,1,-0.017741,-0.017741,-0.017741,0.000000,0.000000,4,12,1533
diffusion_matched/mcity_diff5,86,1545236101.921944,1,-0.075874,-0.075874,-0.075874,0.000000,0.000000,4,12,1554
diffusion_matched/mcity_diff5,87,1545236102.922086,1,-0.074461,-0.074461,-0.074461,0.000000,0.000000,4,12,1564
diffusion_matched/mcity_diff5,88,1545236103.901969,1,-0.093932,-0.093932,-0.093932,0.000000,0.000000,4,12,1574
diffusion_matched/mcity_diff5,89,1545236105.921948,1,-0.071857,-0.071857,-0.071857,0.000000,0.000000,4,12,1594
diffusion_matched/mcity_diff5,90,1545236106.901981,1,-0.091249,-0.091249,-0.091249,0.000000,0.000000,4,12,1604
diffusion_matched/mcity_diff5,91,1545236107.881902,1,-0.110329,-0.110329,-0.110329,0.000000,0.000000,4,12,1614
diffusion_matched/mcity_diff5,92,1545236109.901900,1,-0.088750,-0.088750,-0.088750,0.000000,0.000000,4,12,1634
diffusion_matched/mcity_diff5,93,1545236110.881882,1,-0.107764,-0.107764,-0.107764,0.000000,0.000000,4,12,1644
diffusion_matched/mcity_diff5,94,1545236112.901949,1,-0.085743,-0.085743,-0.085743,0.000000,0.000000,4,12,1664
diffusion_matched/mcity_diff5,95,1545236114.901885,1,-0.083593,-0.083593,-0.083593,0.000000,0.000000,4,12,1684
diffusion_matched/mcity_diff5,96,1545236115.921826,1,-0.063146,-0.063146,-0.063146,0.000000,0.000000,4,12,1694
diffusion_matched/mcity_diff5,97,1545236116.881876,1,-0.102063,-0.102063,-0.102063,0.000000,0.000000,4,12,1704
diffusion_matched/mcity_diff5,98,1545236117.901838,1,-0.080985,-0.080985,-0.080985,0.000000,0.000000,4,12,1714
diffusion_matched/mcity_diff5,99,1545236118.881874,1,-0.100213,-0.100213,-0.100213,0.000000,0.000000,4,12,1724
diffusion_matched/mcity_diff5,100,1545236119.921811,1,-0.059394,-0.059394,-0.059394,0.000000,0.000000,4,12,1734
diffusion_matched/mcity_diff5,101,1545236120.901822,1,-0.078224,-0.078224,-0.078224,0.000000,0.000000,4,12,1744
diffusion_matched/mcity_diff5,102,1545236122.921825,1,-0.056638,-0.056638,-0.056638,0.000000,0.000000,4,12,1764
diffusion_matched/mcity_diff5,103,1545236123.921809,1,-0.055425,-0.055425,-0.055425,0.000000,0.000000,4,12,1774
diffusion_matched/mcity_diff5,104,1545236125.901829,1,-0.073937,-0.073937,-0.073937,0.000000,0.000000,4,12,1794
diffusion_matched/mcity_diff5,105,1545236127.921757,1,-0.052109,-0.052109,-0.052109,0.000000,0.000000,4,12,1814
diffusion_matched/mcity_diff5,106,1545236128.901808,1,-0.071171,-0.071171,-0.071171,0.000000,0.000000,4,12,1824
diffusion_matched/mcity_diff5,107,1545236129.881743,1,-0.090041,-0.090041,-0.090041,0.000000,0.000000,4,12,1834
diffusion_matched/mcity_diff5,108,1545236131.901794,1,-0.068409,-0.068409,-0.068409,0.000000,0.000000,4,12,1854
diffusion_matched/mcity_diff5,109,1545236132.901794,1,-0.067222,-0.067222,-0.067222,0.000000,0.000000,4,12,1864
diffusion_matched/mcity_diff5,110,1545236135.901700,1,-0.064533,-0.064533,-0.064533,0.000000,0.000000,4,12,1894
diffusion_matched/mcity_diff5,111,1545236137.901736,1,-0.062948,-0.062948,-0.062948,0.000000,0.000000,4,12,1914
diffusion_matched/mcity_diff5,112,1545236139.921661,1,-0.041221,-0.041221,-0.041221,0.000000,0.000000,4,12,1934
diffusion_matched/mcity_diff5,113,1545236141.881711,1,-0.078927,-0.078927,-0.078927,0.000000,0.000000,4,12,1954
diffusion_matched/mcity_diff5,114,1545236143.901706,1,-0.057484,-0.057484,-0.057484,0.000000,0.000000,4,12,1974
diffusion_matched/mcity_diff5,115,1545236145.921607,1,-0.035655,-0.035655,-0.035655,0.000000,0.000000,4,12,1994
diffusion_matched/mcity_diff5,116,1545236147.881592,1,-0.073713,-0.073713,-0.073713,0.000000,0.000000,4,12,2014
diffusion_matched/mcity_diff5,117,1545236149.901712,1,-0.051905,-0.051905,-0.051905,0.000000,0.000000,4,12,2034
diffusion_matched/mcity_diff5,118,1545236151.901667,1,-0.050212,-0.050212,-0.050212,0.000000,0.000000,4,12,2054
diffusion_matched/mcity_diff5,119,1545236152.881558,1,-0.069370,-0.069370,-0.069370,0.000000,0.000000,4,12,2064
diffusion_matched/mcity_diff5,120,1545236153.921569,1,-0.028018,-0.028018,-0.028018,0.000000,0.000000,4,12,2074
diffusion_matched/mcity_diff5,121,1545236156.901679,1,-0.045185,-0.045185,-0.045185,0.000000,0.000000,4,12,2104
diffusion_matched/mcity_diff5,122,1545236158.921581,1,-0.023814,-0.023814,-0.023814,0.000000,0.000000,4,12,2124
diffusion_matched/mcity_diff5,123,1545236159.901609,1,-0.042629,-0.042629,-0.042629,0.000000,0.000000,4,12,2134
diffusion_matched/mcity_diff5,124,1545236160.881557,1,-0.061951,-0.061951,-0.061951,0.000000,0.000000,4,12,2144
diffusion_matched/mcity_diff5,125,1545236161.901580,1,-0.041090,-0.041090,-0.041090,0.000000,0.000000,4,12,2154
diffusion_matched/mcity_diff5,126,1545236162.921539,1,-0.019947,-0.019947,-0.019947,0.000000,0.000000,4,12,2164
diffusion_matched/mcity_diff5,127,1545236163.881526,1,-0.059225,-0.059225,-0.059225,0.000000,0.000000,4,12,2174
diffusion_matched/mcity_diff5,128,1545236166.881532,1,-0.056541,-0.056541,-0.056541,0.000000,0.000000,4,12,2204
diffusion_matched/mcity_diff5,129,1545236168.901428,1,-0.037284,-0.037284,-0.037284,0.000000,0.000000,4,12,2224
diffusion_matched/mcity_diff5,130,1545236170.901482,1,-0.032864,-0.032864,-0.032864,0.000000,0.000000,4,12,2244
diffusion_matched/mcity_diff5,131,1545236171.921480,1,-0.011849,-0.011849,-0.011849,0.000000,0.000000,4,12,2254
diffusion_matched/mcity_diff5,132,1545236173.901414,1,-0.030252,-0.030252,-0.030252,0.000000,0.000000,4,12,2274
diffusion_matched/mcity_diff5,133,1545236174.921466,1,-0.008904,-0.008904,-0.008904,0.000000,0.000000,4,12,2284
diffusion_matched/mcity_diff5,134,1545236177.881368,1,-0.046342,-0.046342,-0.046342,0.000000,0.000000,4,12,2314
diffusion_matched/mcity_diff5,135,1545236180.881390,1,-0.043531,-0.043531,-0.043531,0.000000,0.000000,4,12,2344
diffusion_matched/mcity_diff5,136,1545236182.921308,1,-0.001999,-0.001999,-0.001999,0.000000,0.000000,4,12,2364
diffusion_matched/mcity_diff5,137,1545236184.901301,1,-0.020162,-0.020162,-0.020162,0.000000,0.000000,4,12,2384
diffusion_matched/mcity_diff5,138,1545236185.881303,1,-0.039280,-0.039280,-0.039280,0.000000,0.000000,4,12,2394
diffusion_matched/mcity_diff5,139,1545236186.921347,1,0.002078,0.002078,0.002078,0.000000,0.000000,4,12,2404
diffusion_matched/mcity_diff5,140,1545236188.881263,1,-0.036614,-0.036614,-0.036614,0.000000,0.000000,4,12,2424
diffusion_matched/mcity_diff5,141,1545236190.901274,1,-0.014706,-0.014706,-0.014706,0.000000,0.000000,4,12,2444
diffusion_matched/mcity_diff5,142,1545236192.921302,1,0.007443,0.007443,0.007443,0.000000,0.000000,4,12,2464
diffusion_matched/mcity_diff5,143,1545236193.901239,1,-0.011962,-0.011962,-0.011962,0.000000,0.000000,4,12,2474
diffusion_matched/mcity_diff5,144,1545236194.881221,1,-0.031074,-0.031074,-0.031074,0.000000,0.000000,4,12,2484
diffusion_matched/mcity_diff5,145,1545236195.901215,1,-0.009918,-0.009918,-0.009918,0.000000,0.000000,4,12,2494
diffusion_matched/mcity_diff5,146,1545236196.881266,1,-0.029196,-0.029196,-0.029196,0.000000,0.000000,4,12,2504
diffusion_matched/mcity_diff5,147,1545236197.921189,1,0.011645,0.011645,0.011645,0.000000,0.000000,4,12,2514
diffusion_matched/mcity_diff5,148,1545236198.901188,1,-0.007130,-0.007130,-0.007130,0.000000,0.000000,4,12,2524
diffusion_matched/mcity_diff5,149,1545236200.901238,1,-0.005537,-0.005537,-0.005537,0.000000,0.000000,4,12,2544
diffusion_matched/mcity_diff5,150,1545236202.921177,1,0.016549,0.016549,0.016549,0.000000,0.000000,4,12,2564
diffusion_matched/mcity_diff5,151,1545236204.881136,1,-0.121910,-0.121910,-0.121910,0.000000,0.000000,4,12,2585
diffusion_matched/mcity_diff5,152,1545236206.901187,1,-0.099989,-0.099989,-0.099989,0.000000,0.000000,4,12,2605
diffusion_matched/mcity_diff5,153,1545236207.901150,1,-0.099295,-0.099295,-0.099295,0.000000,0.000000,4,12,2615
diffusion_matched/mcity_diff5,154,1545236208.701174,1,-0.297887,-0.297887,-0.297887,0.000000,0.000000,4,12,2625
diffusion_matched/mcity_diff5,155,1545236208.701174,1,-1.197754,-1.197754,-1.197754,0.000000,0.000000,4,12,2634
diffusion_matched/waymo_diff10,0,1552440196.961980,4,0.000000,0.000000,0.000000,0.000000,0.000000,4,12,17
diffusion_matched/waymo_diff10,1,1552440197.461606,4,0.000000,0.000000,0.000000,0.000000,0.000000,4,12,22
diffusion_matched/waymo_diff10,2,1552440197.961536,4,0.000000,0.000000,0.000000,0.000000,0.000000,4,12,27
diffusion_matched/waymo_diff10,3,1552440198.461682,4,0.000000,0.000000,0.000000,0.000000,0.000000,4,12,32
diffusion_matched/waymo_diff10,4,1552440198.962023,4,0.000000,0.000000,0.000000,0.000000,0.000000,4,12,37
diffusion_matched/waymo_diff10,5,1552440199.462292,4,0.000000,0.000000,0.000000,0.000000,0.000000,4,12,42
diffusion_matched/waymo_diff10,6,1552440200.462525,4,0.000000,0.000000,0.000000,0.000000,0.000000,4,12,52
diffusion_matched/waymo_diff10,7,1552440200.862590,4,0.000000,0.000000,0.000000,0.000000,0.000000,4,12,56
diffusion_matched/waymo_diff10,8,1552440201.262585,4,0.000000,0.000000,0.000000,0.000000,0.000000,4,12,60
diffusion_matched/waymo_diff10,9,1552440201.662519,4,0.000000,0.000000,0.000000,0.000000,0.000000,4,12,64
diffusion_matched/waymo_diff10,10,1552440202.062501,4,0.000000,0.000000,0.000000,0.000000,0.000000,4,12,68
diffusion_matched/waymo_diff10,11,1552440202.462481,4,0.000000,0.000000,0.000000,0.000000,0.000000,4,12,72
diffusion_matched/waymo_diff10,12,1552440202.862531,4,0.000000,0.000000,0.000000,0.000000,0.000000,4,12,76
diffusion_matched/waymo_diff10,13,1552440203.262548,4,0.000000,0.000000,0.000000,0.000000,0.000000,4,12,80
diffusion_matched/waymo_diff10,14,1552440203.662526,4,0.000000,0.000000,0.000000,0.000000,0.000000,4,12,84
diffusion_matched/waymo_diff10,15,1552440204.062537,4,0.000000,0.000000,0.000000,0.000000,0.000000,4,12,88
diffusion_matched/waymo_diff10,16,1552440204.462506,4,0.000000,0.000000,0.000000,0.000000,0.000000,4,12,92
diffusion_matched/waymo_diff10,17,1552440204.862543,4,0.000000,0.000000,0.000000,0.000000,0.000000,4,12,96
diffusion_matched/waymo_diff10,18,1552440205.262596,4,0.000000,0.000000,0.000000,0.000000,0.000000,4,12,100
diffusion_matched/waymo_diff10,19,1552440205.662536,4,0.000000,0.000000,0.000000,0.000000,0.000000,4,12,104
diffusion_matched/waymo_diff10,20,1552440206.062392,4,0.000000,0.000000,0.000000,0.000000,0.000000,4,12,108
diffusion_matched/waymo_diff10,21,1552440206.462312,4,0.000000,0.000000,0.000000,0.000000,0.000000,4,12,112
diffusion_matched/waymo_diff10,22,1552440206.862362,4,0.000000,0.000000,0.000000,0.000000,0.000000,4,12,116
diffusion_matched/waymo_diff10,23,1552440207.262465,4,0.000000,0.000000,0.000000,0.000000,0.000000,4,12,120
diffusion_matched/waymo_diff10,24,1552440207.762621,4,0.000000,0.000000,0.000000,0.000000,0.000000,4,12,125
diffusion_matched/waymo_diff10,25,1552440208.162619,4,0.000000,0.000000,0.000000,0.000000,0.000000,4,12,129
diffusion_matched/waymo_diff10,26,1552440208.562580,4,0.000000,0.000000,0.000000,0.000000,0.000000,4,12,133
diffusion_matched/waymo_diff10,27,1552440208.962571,4,0.000000,0.000000,0.000000,0.000000,0.000000,4,12,137
diffusion_matched/waymo_diff10,28,1552440209.462589,4,0.000000,0.000000,0.000000,0.000000,0.000000,4,12,142
diffusion_matched/waymo_diff10,29,1552440209.862538,4,0.000000,0.000000,0.000000,0.000000,0.000000,4,12,146
diffusion_matched/waymo_diff10,30,1552440210.262529,4,0.000000,0.000000,0.000000,0.000000,0.000000,4,12,150
diffusion_matched/waymo_diff10,31,1552440210.662502,4,0.000000,0.000000,0.000000,0.000000,0.000000,4,12,154
diffusion_matched/waymo_diff10,32,1552440211.062555,4,0.000000,0.000000,0.000000,0.000000,0.000000,4,12,158
diffusion_matched/waymo_diff10,33,1552440211.462561,4,0.000000,0.000000,0.000000,0.000000,0.000000,4,12,162
diffusion_matched/waymo_diff10,34,1552440211.862570,4,0.000000,0.000000,0.000000,0.000000,0.000000,4,12,166
diffusion_matched/waymo_diff10,35,1552440212.262587,4,0.000000,0.000000,0.000000,0.000000,0.000000,4,12,170
diffusion_matched/waymo_diff10,36,1552440212.662526,4,0.000000,0.000000,0.000000,0.000000,0.000000,4,12,174
diffusion_matched/waymo_diff10,37,1552440213.062490,4,0.000000,0.000000,0.000000,0.000000,0.000000,4,12,178
diffusion_matched/waymo_diff10,38,1552440213.462541,4,0.000000,0.000000,0.000000,0.000000,0.000000,4,12,182
diffusion_matched/waymo_diff10,39,1552440213.862516,4,0.000000,0.000000,0.000000,0.000000,0.000000,4,12,186
diffusion_matched/waymo_diff10,40,1552440214.262547,4,0.000000,0.000000,0.000000,0.000000,0.000000,4,12,190
diffusion_matched/waymo_diff10,41,1552440214.662526,4,0.000000,0.000000,0.000000,0.000000,0.000000,4,12,194
diffusion_matched/waymo_diff10,42,1552440215.062536,4,0.000000,0.000000,0.000000,0.000000,0.000000,4,12,198
diffusion_matched/waymo_diff2,0,1552440196.862068,4,0.000000,0.000000,0.000000,0.000000,0.000000,4,12,16
diffusion_matched/waymo_diff2,1,1552440197.261778,4,0.000000,0.000000,0.000000,0.000000,0.000000,4,12,20
diffusion_matched/waymo_diff2,2,1552440197.661538,4,0.000000,0.000000,0.000000,0.000000,0.000000,4,12,24
diffusion_matched/waymo_diff2,3,1552440198.061558,4,0.000000,0.000000,0.000000,0.000000,0.000000,4,12,28
diffusion_matched/waymo_diff2,4,1552440198.461682,4,0.000000,0.000000,0.000000,0.000000,0.000000,4,12,32
diffusion_matched/waymo_diff2,5,1552440198.861960,4,0.000000,0.000000,0.000000,0.000000,0.000000,4,12,36
diffusion_matched/waymo_diff2,6,1552440199.262213,4,0.000000,0.000000,0.000000,0.000000,0.000000,4,12,40
diffusion_matched/waymo_diff2,7,1552440199.662372,4,0.000000,0.000000,0.000000,0.000000,0.000000,4,12,44
diffusion_matched/waymo_diff2,8,1552440200.062459,4,0.000000,0.000000,0.000000,0.000000,0.000000,4,12,48
diffusion_matched/waymo_diff2,9,1552440200.562515,4,0.000000,0.000000,0.000000,0.000000,0.000000,4,12,53
diffusion_matched/waymo_diff2,10,1552440201.062589,4,0.000000,0.000000,0.000000,0.000000,0.000000,4,12,58
diffusion_matched/waymo_diff2,11,1552440201.462555,4,0.000000,0.000000,0.000000,0.000000,0.000000,4,12,62
diffusion_matched/waymo_diff2,12,1552440201.862530,4,0.000000,0.000000,0.000000,0.000000,0.000000,4,12,66
diffusion_matched/waymo_diff2,13,1552440202.262511,4,0.000000,0.000000,0.000000,0.000000,0.000000,4,12,70
diffusion_matched/waymo_diff2,14,1552440202.662482,4,0.000000,0.000000,0.000000,0.000000,0.000000,4,12,74
diffusion_matched/waymo_diff2,15,1552440203.062567,4,0.000000,0.000000,0.000000,0.000000,0.000000,4,12,78
diffusion_matched/waymo_diff2,16,1552440203.462559,4,0.000000,0.000000,0.000000,0.000000,0.000000,4,12,82
diffusion_matched/waymo_diff2,17,1552440203.862528,4,0.000000,0.000000,0.000000,0.000000,0.000000,4,12,86
diffusion_matched/waymo_diff2,18,1552440204.262537,4,0.000000,0.000000,0.000000,0.000000,0.000000,4,12,90
diffusion_matched/waymo_diff2,19,1552440204.662544,4,0.000000,0.000000,0.000000,0.000000,0.000000,4,12,94
diffusion_matched/waymo_diff2,20,1552440205.062588,4,0.000000,0.000000,0.000000,0.000000,0.000000,4,12,98
diffusion_matched/waymo_diff2,21,1552440205.462567,4,0.000000,0.000000,0.000000,0.000000,0.000000,4,12,102
diffusion_matched/waymo_diff2,22,1552440205.862467,4,0.000000,0.000000,0.000000,0.000000,0.000000,4,12,106
diffusion_matched/waymo_diff2,23,1552440206.262311,4,0.000000,0.000000,0.000000,0.000000,0.000000,4,12,110
diffusion_matched/waymo_diff2,24,1552440206.662319,4,0.000000,0.000000,0.000000,0.000000,0.000000,4,12,114
diffusion_matched/waymo_diff2,25,1552440207.062422,4,0.000000,0.000000,0.000000,0.000000,0.000000,4,12,118
diffusion_matched/waymo_diff2,26,1552440207.462549,4,0.000000,0.000000,0.000000,0.000000,0.000000,4,12,122
diffusion_matched/waymo_diff2,27,1552440207.862641,4,0.000000,0.000000,0.000000,0.000000,0.000000,4,12,126
diffusion_matched/waymo_diff2,28,1552440208.362613,4,0.000000,0.000000,0.000000,0.000000,0.000000,4,12,131
diffusion_matched/waymo_diff2,29,1552440208.762593,4,0.000000,0.000000,0.000000,0.000000,0.000000,4,12,135
diffusion_matched/waymo_diff2,30,1552440209.262542,4,0.000000,0.000000,0.000000,0.000000,0.000000,4,12,140
diffusion_matched/waymo_diff2,31,1552440209.662565,4,0.000000,0.000000,0.000000,0.000000,0.000000,4,12,144
diffusion_matched/waymo_diff2,32,1552440210.062516,4,0.000000,0.000000,0.000000,0.000000,0.000000,4,12,148
diffusion_matched/waymo_diff2,33,1552440210.462502,4,0.000000,0.000000,0.000000,0.000000,0.000000,4,12,152
diffusion_matched/waymo_diff2,34,1552440210.862539,4,0.000000,0.000000,0.000000,0.000000,0.000000,4,12,156
diffusion_matched/waymo_diff2,35,1552440211.262562,4,0.000000,0.000000,0.000000,0.000000,0.000000,4,12,160
diffusion_matched/waymo_diff2,36,1552440211.662525,4,0.000000,0.000000,0.000000,0.000000,0.000000,4,12,164
diffusion_matched/waymo_diff2,37,1552440212.062583,4,0.000000,0.000000,0.000000,0.000000,0.000000,4,12,168
diffusion_matched/waymo_diff2,38,1552440212.562541,4,0.000000,0.000000,0.000000,0.000000,0.000000,4,12,173
diffusion_matched/waymo_diff2,39,1552440212.962514,4,0.000000,0.000000,0.000000,0.000000,0.000000,4,12,177
diffusion_matched/waymo_diff2,40,1552440213.462541,4,0.000000,0.000000,0.000000,0.000000,0.000000,4,12,182
diffusion_matched/waymo_diff2,41,1552440213.862516,4,0.000000,0.000000,0.000000,0.000000,0.000000,4,12,186
diffusion_matched/waymo_diff2,42,1552440214.262547,4,0.000000,0.000000,0.000000,0.000000,0.000000,4,12,190
diffusion_matched/waymo_diff2,43,1552440214.662526,4,0.000000,0.000000,0.000000,0.000000,0.000000,4,12,194
diffusion_matched/waymo_diff2,44,1552440215.062536,4,0.000000,0.000000,0.000000,0.000000,0.000000,4,12,198
diffusion_matched/waymo_diff5,0,1552440196.862068,4,0.000000,0.000000,0.000000,0.000000,0.000000,4,12,16
diffusion_matched/waymo_diff5,1,1552440197.361693,4,0.000000,0.000000,0.000000,0.000000,0.000000,4,12,21
diffusion_matched/waymo_diff5,2,1552440197.861510,4,0.000000,0.000000,0.000000,0.000000,0.000000,4,12,26
diffusion_matched/waymo_diff5,3,1552440198.261568,4,0.000000,0.000000,0.000000,0.000000,0.000000,4,12,30
diffusion_matched/waymo_diff5,4,1552440198.761861,4,0.000000,0.000000,0.000000,0.000000,0.000000,4,12,35
diffusion_matched/waymo_diff5,5,1552440199.162145,4,0.000000,0.000000,0.000000,0.000000,0.000000,4,12,39
diffusion_matched/waymo_diff5,6,1552440199.562359,4,0.000000,0.000000,0.000000,0.000000,0.000000,4,12,43
diffusion_matched/waymo_diff5,7,1552440199.962467,4,0.000000,0.000000,0.000000,0.000000,0.000000,4,12,47
diffusion_matched/waymo_diff5,8,1552440200.362506,4,0.000000,0.000000,0.000000,0.000000,0.000000,4,12,51
diffusion_matched/waymo_diff5,9,1552440200.862590,4,0.000000,0.000000,0.000000,0.000000,0.000000,4,12,56
diffusion_matched/waymo_diff5,10,1552440201.262585,4,0.000000,0.000000,0.000000,0.000000,0.000000,4,12,60
diffusion_matched/waymo_diff5,11,1552440201.662519,4,0.000000,0.000000,0.000000,0.000000,0.000000,4,12,64
diffusion_matched/waymo_diff5,12,1552440202.162491,4,0.000000,0.000000,0.000000,0.000000,0.000000,4,12,69
diffusion_matched/waymo_diff5,13,1552440202.662482,4,0.000000,0.000000,0.000000,0.000000,0.000000,4,12,74
diffusion_matched/waymo_diff5,14,1552440203.062567,4,0.000000,0.000000,0.000000,0.000000,0.000000,4,12,78
diffusion_matched/waymo_diff5,15,1552440203.462559,4,0.000000,0.000000,0.000000,0.000000,0.000000,4,12,82
diffusion_matched/waymo_diff5,16,1552440203.862528,4,0.000000,0.000000,0.000000,0.000000,0.000000,4,12,86
diffusion_matched/waymo_diff5,17,1552440204.262537,4,0.000000,0.000000,0.000000,0.000000,0.000000,4,12,90
diffusion_matched/waymo_diff5,18,1552440204.662544,4,0.000000,0.000000,0.000000,0.000000,0.000000,4,12,94
diffusion_matched/waymo_diff5,19,1552440205.162607,4,0.000000,0.000000,0.000000,0.000000,0.000000,4,12,99
diffusion_matched/waymo_diff5,20,1552440205.762516,4,0.000000,0.000000,0.000000,0.000000,0.000000,4,12,105
diffusion_matched/waymo_diff5,21,1552440206.162334,4,0.000000,0.000000,0.000000,0.000000,0.000000,4,12,109
diffusion_matched/waymo_diff5,22,1552440206.462312,4,0.000000,0.000000,0.000000,0.000000,0.000000,4,12,112
diffusion_matched/waymo_diff5,23,1552440206.762344,4,0.000000,0.000000,0.000000,0.000000,0.000000,4,12,115
diffusion_matched/waymo_diff5,24,1552440207.162441,4,0.000000,0.000000,0.000000,0.000000,0.000000,4,12,119
diffusion_matched/waymo_diff5,25,1552440207.562568,4,0.000000,0.000000,0.000000,0.000000,0.000000,4,12,123
diffusion_matched/waymo_diff5,26,1552440207.962624,4,0.000000,0.000000,0.000000,0.000000,0.000000,4,12,127
diffusion_matched/waymo_diff5,27,1552440208.362613,4,0.000000,0.000000,0.000000,0.000000,0.000000,4,12,131
diffusion_matched/waymo_diff5,28,1552440208.862579,4,0.000000,0.000000,0.000000,0.000000,0.000000,4,12,136
diffusion_matched/waymo_diff5,29,1552440209.262542,4,0.000000,0.000000,0.000000,0.000000,0.000000,4,12,140
diffusion_matched/waymo_diff5,30,1552440209.662565,4,0.000000,0.000000,0.000000,0.000000,0.000000,4,12,144
diffusion_matched/waymo_diff5,31,1552440210.062516,4,0.000000,0.000000,0.000000,0.000000,0.000000,4,12,148
diffusion_matched/waymo_diff5,32,1552440210.362521,4,0.000000,0.000000,0.000000,0.000000,0.000000,4,12,151
diffusion_matched/waymo_diff5,33,1552440210.762518,4,0.000000,0.000000,0.000000,0.000000,0.000000,4,12,155
diffusion_matched/waymo_diff5,34,1552440211.162579,4,0.000000,0.000000,0.000000,0.000000,0.000000,4,12,159
diffusion_matched/waymo_diff5,35,1552440211.462561,4,0.000000,0.000000,0.000000,0.000000,0.000000,4,12,162
diffusion_matched/waymo_diff5,36,1552440211.762549,4,0.000000,0.000000,0.000000,0.000000,0.000000,4,12,165
diffusion_matched/waymo_diff5,37,1552440212.062583,4,0.000000,0.000000,0.000000,0.000000,0.000000,4,12,168
diffusion_matched/waymo_diff5,38,1552440212.362571,4,0.000000,0.000000,0.000000,0.000000,0.000000,4,12,171
diffusion_matched/waymo_diff5,39,1552440212.662526,4,0.000000,0.000000,0.000000,0.000000,0.000000,4,12,174
diffusion_matched/waymo_diff5,40,1552440213.062490,4,0.000000,0.000000,0.000000,0.000000,0.000000,4,12,178
diffusion_matched/waymo_diff5,41,1552440213.362519,4,0.000000,0.000000,0.000000,0.000000,0.000000,4,12,181
diffusion_matched/waymo_diff5,42,1552440213.762531,4,0.000000,0.000000,0.000000,0.000000,0.000000,4,12,185
diffusion_matched/waymo_diff5,43,1552440214.162524,4,0.000000,0.000000,0.000000,0.000000,0.000000,4,12,189
diffusion_matched/waymo_diff5,44,1552440214.562543,4,0.000000,0.000000,0.000000,0.000000,0.000000,4,12,193
diffusion_matched/waymo_diff5,45,1552440214.962518,4,0.000000,0.000000,0.000000,0.000000,0.000000,4,12,197
exp/diff10,0,1552440203.562534,0,,,,,,,,
exp/diff10,1,1552440204.562527,0,,,,,,,,
exp/diff10,2,1552440205.562555,0,,,,,,,,
exp/diff10,3,1552440206.562295,0,,,,,,,,
exp/diff10,4,1552440207.562568,0,,,,,,,,
exp/diff10,5,1552440208.562580,0,,,,,,,,
exp/diff10,6,1552440209.562575,0,,,,,,,,
exp/diff10,7,1552440210.562518,0,,,,,,,,
exp/diff10,8,1552440211.562545,0,,,,,,,,
exp/diff10,9,1552440212.562541,0,,,,,,,,
exp/diff10,10,1552440213.562524,0,,,,,,,,
exp/diff10,11,1552440214.562543,0,,,,,,,,
exp/diff2,0,1552440203.562534,0,,,,,,,,
exp/diff2,1,1552440204.562527,0,,,,,,,,
exp/diff2,2,1552440205.562555,0,,,,,,,,
exp/diff2,3,1552440206.562295,0,,,,,,,,
exp/diff2,4,1552440207.562568,0,,,,,,,,
exp/diff2,5,1552440208.562580,0,,,,,,,,
exp/diff2,6,1552440209.562575,0,,,,,,,,
exp/diff2,7,1552440210.562518,0,,,,,,,,
exp/diff2,8,1552440211.562545,0,,,,,,,,
exp/diff2,9,1552440212.562541,0,,,,,,,,
exp/diff2,10,1552440213.562524,0,,,,,,,,
exp/diff2,11,1552440214.562543,0,,,,,,,,
exp/diff5,0,1552440203.562534,0,,,,,,,,
exp/diff5,1,1552440204.562527,0,,,,,,,,
exp/diff5,2,1552440205.562555,0,,,,,,,,
exp/diff5,3,1552440206.562295,0,,,,,,,,
exp/diff5,4,1552440207.562568,0,,,,,,,,
exp/diff5,5,1552440208.562580,0,,,,,,,,
exp/diff5,6,1552440209.562575,0,,,,,,,,
exp/diff5,7,1552440210.562518,0,,,,,,,,
exp/diff5,8,1552440211.562545,0,,,,,,,,
exp/diff5,9,1552440212.562541,0,,,,,,,,
exp/diff5,10,1552440213.562524,0,,,,,,,,
exp/diff5,11,1552440214.562543,0,,,,,,,,
exp/tok16,0,1552440203.562534,0,,,,,,,,
exp/tok16,1,1552440204.562527,0,,,,,,,,
exp/tok16,2,1552440205.562555,0,,,,,,,,
exp/tok16,3,1552440206.562295,0,,,,,,,,
exp/tok16,4,1552440207.562568,0,,,,,,,,
exp/tok16,5,1552440208.562580,0,,,,,,,,
exp/tok16,6,1552440209.562575,0,,,,,,,,
exp/tok16,7,1552440210.562518,0,,,,,,,,
exp/tok16,8,1552440211.562545,0,,,,,,,,
exp/tok16,9,1552440212.562541,0,,,,,,,,
exp/tok16,10,1552440213.562524,0,,,,,,,,
exp/tok16,11,1552440214.562543,0,,,,,,,,
exp/tok32,0,1552440203.562534,0,,,,,,,,
exp/tok32,1,1552440204.562527,0,,,,,,,,
exp/tok32,2,1552440205.562555,0,,,,,,,,
exp/tok32,3,1552440206.562295,0,,,,,,,,
exp/tok32,4,1552440207.562568,0,,,,,,,,
exp/tok32,5,1552440208.562580,0,,,,,,,,
exp/tok32,6,1552440209.562575,0,,,,,,,,
exp/tok32,7,1552440210.562518,0,,,,,,,,
exp/tok32,8,1552440211.562545,0,,,,,,,,
exp/tok32,9,1552440212.562541,0,,,,,,,,
exp/tok32,10,1552440213.562524,0,,,,,,,,
exp/tok32,11,1552440214.562543,0,,,,,,,,
exp/tok64,0,1552440203.562534,0,,,,,,,,
exp/tok64,1,1552440204.562527,0,,,,,,,,
exp/tok64,2,1552440205.562555,0,,,,,,,,
exp/tok64,3,1552440206.562295,0,,,,,,,,
exp/tok64,4,1552440207.562568,0,,,,,,,,
exp/tok64,5,1552440208.562580,0,,,,,,,,
exp/tok64,6,1552440209.562575,0,,,,,,,,
exp/tok64,7,1552440210.562518,0,,,,,,,,
exp/tok64,8,1552440211.562545,0,,,,,,,,
exp/tok64,9,1552440212.562541,0,,,,,,,,
exp/tok64,10,1552440213.562524,0,,,,,,,,
exp/tok64,11,1552440214.562543,0,,,,,,,,
exp_clean/tok16,0,1552440203.562534,0,,,,,,,,
exp_clean/tok16,1,1552440204.562527,0,,,,,,,,
exp_clean/tok16,2,1552440205.562555,0,,,,,,,,
exp_clean/tok16,3,1552440206.562295,0,,,,,,,,
exp_clean/tok16,4,1552440207.562568,0,,,,,,,,
exp_clean/tok16,5,1552440208.562580,0,,,,,,,,
exp_clean/tok16,6,1552440209.562575,0,,,,,,,,
exp_clean/tok16,7,1552440210.562518,0,,,,,,,,
exp_clean/tok16,8,1552440211.562545,0,,,,,,,,
exp_clean/tok16,9,1552440212.562541,0,,,,,,,,
exp_clean/tok16,10,1552440213.562524,0,,,,,,,,
exp_clean/tok16,11,1552440214.562543,0,,,,,,,,
exp_clean/tok32,0,1552440203.562534,0,,,,,,,,
exp_clean/tok32,1,1552440204.562527,0,,,,,,,,
exp_clean/tok32,2,1552440205.562555,0,,,,,,,,
exp_clean/tok32,3,1552440206.562295,0,,,,,,,,
exp_clean/tok32,4,1552440207.562568,0,,,,,,,,
exp_clean/tok32,5,1552440208.562580,0,,,,,,,,
exp_clean/tok32,6,1552440209.562575,0,,,,,,,,
exp_clean/tok32,7,1552440210.562518,0,,,,,,,,
exp_clean/tok32,8,1552440211.562545,0,,,,,,,,
exp_clean/tok32,9,1552440212.562541,0,,,,,,,,
exp_clean/tok32,10,1552440213.562524,0,,,,,,,,
exp_clean/tok32,11,1552440214.562543,0,,,,,,,,
exp_clean/tok64,0,1552440203.562534,0,,,,,,,,
exp_clean/tok64,1,1552440204.562527,0,,,,,,,,
exp_clean/tok64,2,1552440205.562555,0,,,,,,,,
exp_clean/tok64,3,1552440206.562295,0,,,,,,,,
exp_clean/tok64,4,1552440207.562568,0,,,,,,,,
exp_clean/tok64,5,1552440208.562580,0,,,,,,,,
exp_clean/tok64,6,1552440209.562575,0,,,,,,,,
exp_clean/tok64,7,1552440210.562518,0,,,,,,,,
exp_clean/tok64,8,1552440211.562545,0,,,,,,,,
exp_clean/tok64,9,1552440212.562541,0,,,,,,,,
exp_clean/tok64,10,1552440213.562524,0,,,,,,,,
exp_clean/tok64,11,1552440214.562543,0,,,,,,,,
exp_eval/moving_diff2,0,1552440196.862068,4,0.000000,0.000000,0.000000,0.000000,0.000000,4,12,16
exp_eval/moving_diff2,1,1552440197.261778,4,0.000000,0.000000,0.000000,0.000000,0.000000,4,12,20
exp_eval/moving_diff2,2,1552440197.661538,4,0.000000,0.000000,0.000000,0.000000,0.000000,4,12,24
exp_eval/moving_diff2,3,1552440198.061558,4,0.000000,0.000000,0.000000,0.000000,0.000000,4,12,28
exp_eval/moving_diff2,4,1552440198.461682,4,0.000000,0.000000,0.000000,0.000000,0.000000,4,12,32
exp_eval/moving_diff2,5,1552440198.861960,4,0.000000,0.000000,0.000000,0.000000,0.000000,4,12,36
exp_eval/moving_diff2,6,1552440199.262213,4,0.000000,0.000000,0.000000,0.000000,0.000000,4,12,40
exp_eval/moving_diff2,7,1552440199.662372,4,0.000000,0.000000,0.000000,0.000000,0.000000,4,12,44
exp_eval/moving_diff2,8,1552440200.062459,4,0.000000,0.000000,0.000000,0.000000,0.000000,4,12,48
exp_eval/moving_diff2,9,1552440200.462525,4,0.000000,0.000000,0.000000,0.000000,0.000000,4,12,52
exp_eval/moving_diff2,10,1552440200.862590,4,0.000000,0.000000,0.000000,0.000000,0.000000,4,12,56
exp_eval/moving_diff2,11,1552440201.262585,4,0.000000,0.000000,0.000000,0.000000,0.000000,4,12,60
exp_eval/moving_diff2,12,1552440201.662519,4,0.000000,0.000000,0.000000,0.000000,0.000000,4,12,64
exp_eval/moving_diff2,13,1552440202.062501,4,0.000000,0.000000,0.000000,0.000000,0.000000,4,12,68
exp_eval/moving_diff2,14,1552440202.462481,4,0.000000,0.000000,0.000000,0.000000,0.000000,4,12,72
exp_eval/moving_diff2,15,1552440202.862531,4,0.000000,0.000000,0.000000,0.000000,0.000000,4,12,76
exp_eval/moving_diff2,16,1552440203.262548,4,0.000000,0.000000,0.000000,0.000000,0.000000,4,12,80
exp_eval/moving_diff2,17,1552440203.662526,4,0.000000,0.000000,0.000000,0.000000,0.000000,4,12,84
exp_eval/moving_diff2,18,1552440204.062537,4,0.000000,0.000000,0.000000,0.000000,0.000000,4,12,88
exp_eval/moving_diff2,19,1552440204.462506,4,0.000000,0.000000,0.000000,0.000000,0.000000,4,12,92
exp_eval/moving_diff2,20,1552440204.862543,4,0.000000,0.000000,0.000000,0.000000,0.000000,4,12,96
exp_eval/moving_diff2,21,1552440205.262596,4,0.000000,0.000000,0.000000,0.000000,0.000000,4,12,100
exp_eval/moving_diff2,22,1552440205.662536,4,0.000000,0.000000,0.000000,0.000000,0.000000,4,12,104
exp_eval/moving_diff2,23,1552440206.062392,4,0.000000,0.000000,0.000000,0.000000,0.000000,4,12,108
exp_eval/moving_diff2,24,1552440206.462312,4,0.000000,0.000000,0.000000,0.000000,0.000000,4,12,112
exp_eval/moving_diff2,25,1552440206.862362,4,0.000000,0.000000,0.000000,0.000000,0.000000,4,12,116
exp_eval/moving_diff2,26,1552440207.262465,4,0.000000,0.000000,0.000000,0.000000,0.000000,4,12,120
exp_eval/moving_diff2,27,1552440207.662594,4,0.000000,0.000000,0.000000,0.000000,0.000000,4,12,124
exp_eval/moving_diff2,28,1552440208.062640,4,0.000000,0.000000,0.000000,0.000000,0.000000,4,12,128
exp_eval/moving_diff2,29,1552440208.462598,4,0.000000,0.000000,0.000000,0.000000,0.000000,4,12,132
exp_eval/moving_diff2,30,1552440208.862579,4,0.000000,0.000000,0.000000,0.000000,0.000000,4,12,136
exp_eval/moving_diff2,31,1552440209.262542,4,0.000000,0.000000,0.000000,0.000000,0.000000,4,12,140
exp_eval/moving_diff2,32,1552440209.662565,4,0.000000,0.000000,0.000000,0.000000,0.000000,4,12,144
exp_eval/moving_diff2,33,1552440210.062516,4,0.000000,0.000000,0.000000,0.000000,0.000000,4,12,148
exp_eval/moving_diff2,34,1552440210.562518,4,0.000000,0.000000,0.000000,0.000000,0.000000,4,12,153
exp_eval/moving_diff2,35,1552440210.962525,4,0.000000,0.000000,0.000000,0.000000,0.000000,4,12,157
exp_eval/moving_diff2,36,1552440211.362542,4,0.000000,0.000000,0.000000,0.000000,0.000000,4,12,161
exp_eval/moving_diff2,37,1552440211.762549,4,0.000000,0.000000,0.000000,0.000000,0.000000,4,12,165
exp_eval/moving_diff2,38,1552440212.162565,4,0.000000,0.000000,0.000000,0.000000,0.000000,4,12,169
exp_eval/moving_diff2,39,1552440212.562541,4,0.000000,0.000000,0.000000,0.000000,0.000000,4,12,173
exp_eval/moving_diff2,40,1552440212.962514,4,0.000000,0.000000,0.000000,0.000000,0.000000,4,12,177
exp_eval/moving_diff2,41,1552440213.362519,4,0.000000,0.000000,0.000000,0.000000,0.000000,4,12,181
exp_eval/moving_diff2,42,1552440213.762531,4,0.000000,0.000000,0.000000,0.000000,0.000000,4,12,185
exp_eval/moving_diff2,43,1552440214.162524,4,0.000000,0.000000,0.000000,0.000000,0.000000,4,12,189
exp_eval/moving_diff2,44,1552440214.562543,4,0.000000,0.000000,0.000000,0.000000,0.000000,4,12,193
exp_eval/moving_diff2,45,1552440214.962518,4,0.000000,0.000000,0.000000,0.000000,0.000000,4,12,197
frame_trace_0p1_loki,0,1552440202.862531,4,-0.400017,-0.400017,-0.400017,0.000000,0.000000,4,12,80
frame_trace_0p1_loki,1,1552440203.362569,4,-0.399980,-0.399980,-0.399980,0.000000,0.000000,4,12,85
frame_trace_0p1_loki,2,1552440203.762549,4,-0.400003,-0.400003,-0.400003,0.000000,0.000000,4,12,89
frame_trace_0p1_loki,3,1552440204.162552,4,-0.399975,-0.399975,-0.399975,0.000000,0.000000,4,12,93
frame_trace_0p1_loki,4,1552440204.562527,4,-0.400039,-0.400039,-0.400039,0.000000,0.000000,4,12,97
frame_trace_0p1_loki,5,1552440205.062588,4,-0.399979,-0.399979,-0.399979,0.000000,0.000000,4,12,102
frame_trace_0p1_loki,6,1552440205.562555,4,-0.399864,-0.399864,-0.399864,0.000000,0.000000,4,12,107
frame_trace_0p1_loki,7,1552440205.962419,4,-0.399875,-0.399875,-0.399875,0.000000,0.000000,4,12,111
frame_trace_0p1_loki,8,1552440206.362294,4,-0.400050,-0.400050,-0.400050,0.000000,0.000000,4,12,115
frame_trace_0p1_loki,9,1552440206.762344,4,-0.400097,-0.400097,-0.400097,0.000000,0.000000,4,12,119
frame_trace_0p1_loki,10,1552440207.262465,4,-0.400129,-0.400129,-0.400129,0.000000,0.000000,4,12,124
frame_trace_0p1_loki,11,1552440207.662594,4,-0.400046,-0.400046,-0.400046,0.000000,0.000000,4,12,128
frame_trace_0p1_loki,12,1552440208.062640,4,-0.399958,-0.399958,-0.399958,0.000000,0.000000,4,12,132
frame_trace_0p1_loki,13,1552440208.462598,4,-0.399981,-0.399981,-0.399981,0.000000,0.000000,4,12,136
frame_trace_0p1_loki,14,1552440208.862579,4,-0.399963,-0.399963,-0.399963,0.000000,0.000000,4,12,140
frame_trace_0p1_loki,15,1552440209.262542,4,-0.400023,-0.400023,-0.400023,0.000000,0.000000,4,12,144
frame_trace_0p1_loki,16,1552440209.762556,4,-0.399955,-0.399955,-0.399955,0.000000,0.000000,4,12,149
frame_trace_0p1_loki,17,1552440210.162511,4,-0.400007,-0.400007,-0.400007,0.000000,0.000000,4,12,153
frame_trace_0p1_loki,18,1552440210.562518,4,-0.400007,-0.400007,-0.400007,0.000000,0.000000,4,12,157
frame_trace_0p1_loki,19,1552440210.962525,4,-0.400017,-0.400017,-0.400017,0.000000,0.000000,4,12,161
frame_trace_0p1_loki,20,1552440211.362542,4,-0.400007,-0.400007,-0.400007,0.000000,0.000000,4,12,165
frame_trace_0p1_loki,21,1552440211.762549,4,-0.400016,-0.400016,-0.400016,0.000000,0.000000,4,12,169
frame_trace_0p1_loki,22,1552440212.162565,4,-0.399976,-0.399976,-0.399976,0.000000,0.000000,4,12,173
frame_trace_0p1_loki,23,1552440212.562541,4,-0.399973,-0.399973,-0.399973,0.000000,0.000000,4,12,177
frame_trace_0p1_loki,24,1552440212.962514,4,-0.400005,-0.400005,-0.400005,0.000000,0.000000,4,12,181
frame_trace_0p1_loki,25,1552440213.362519,4,-0.400012,-0.400012,-0.400012,0.000000,0.000000,4,12,185
frame_trace_0p1_loki,26,1552440213.762531,4,-0.399993,-0.399993,-0.399993,0.000000,0.000000,4,12,189
frame_trace_0p1_loki,27,1552440214.162524,4,-0.400019,-0.400019,-0.400019,0.000000,0.000000,4,12,193
frame_trace_0p1_loki,28,1552440214.562543,4,-0.399975,-0.399975,-0.399975,0.000000,0.000000,4,12,197
frame_trace_loki,0,1552440203.562534,4,-0.400018,-0.400018,-0.400018,0.000000,0.000000,4,12,87
frame_trace_loki,1,1552440204.562527,4,-0.400039,-0.400039,-0.400039,0.000000,0.000000,4,12,97
frame_trace_loki,2,1552440205.562555,4,-0.399864,-0.399864,-0.399864,0.000000,0.000000,4,12,107
frame_trace_loki,3,1552440206.562295,4,-0.400100,-0.400100,-0.400100,0.000000,0.000000,4,12,117
frame_trace_loki,4,1552440207.562568,4,-0.400056,-0.400056,-0.400056,0.000000,0.000000,4,12,127
frame_trace_loki,5,1552440208.562580,4,-0.399991,-0.399991,-0.399991,0.000000,0.000000,4,12,137
frame_trace_loki,6,1552440209.562575,4,-0.399953,-0.399953,-0.399953,0.000000,0.000000,4,12,147
frame_trace_loki,7,1552440210.562518,4,-0.400007,-0.400007,-0.400007,0.000000,0.000000,4,12,157
frame_trace_loki,8,1552440211.562545,4,-0.400012,-0.400012,-0.400012,0.000000,0.000000,4,12,167
frame_trace_loki,9,1552440212.562541,4,-0.399973,-0.399973,-0.399973,0.000000,0.000000,4,12,177
frame_trace_loki,10,1552440213.562524,4,-0.399975,-0.399975,-0.399975,0.000000,0.000000,4,12,187
frame_trace_loki,11,1552440214.562543,4,-0.399975,-0.399975,-0.399975,0.000000,0.000000,4,12,197
kv/mcity_diff2,0,1545235952.923106,1,-0.011394,-0.011394,-0.011394,0.000000,0.000000,4,12,62
kv/mcity_diff2,1,1545235954.923095,1,-0.009954,-0.009954,-0.009954,0.000000,0.000000,4,12,82
kv/mcity_diff2,2,1545235956.923071,1,-0.008010,-0.008010,-0.008010,0.000000,0.000000,4,12,102
kv/mcity_diff2,3,1545235959.923032,1,-0.005333,-0.005333,-0.005333,0.000000,0.000000,4,12,132
kv/mcity_diff2,4,1545235961.883028,1,-0.043224,-0.043224,-0.043224,0.000000,0.000000,4,12,152
kv/mcity_diff2,5,1545235962.923022,1,-0.002580,-0.002580,-0.002580,0.000000,0.000000,4,12,162
kv/mcity_diff2,6,1545235964.882997,1,-0.040493,-0.040493,-0.040493,0.000000,0.000000,4,12,182
kv/mcity_diff2,7,1545235966.923059,1,0.000976,0.000976,0.000976,0.000000,0.000000,4,12,202
kv/mcity_diff2,8,1545235967.902999,1,-0.017765,-0.017765,-0.017765,0.000000,0.000000,4,12,212
kv/mcity_diff2,9,1545235968.883028,1,-0.037177,-0.037177,-0.037177,0.000000,0.000000,4,12,222
kv/mcity_diff2,10,1545235970.882940,1,-0.035047,-0.035047,-0.035047,0.000000,0.000000,4,12,242
kv/mcity_diff2,11,1545235972.903028,1,-0.013521,-0.013521,-0.013521,0.000000,0.000000,4,12,262
kv/mcity_diff2,12,1545235974.902918,1,-0.011719,-0.011719,-0.011719,0.000000,0.000000,4,12,282
kv/mcity_diff2,13,1545235978.882946,1,-0.028056,-0.028056,-0.028056,0.000000,0.000000,4,12,322
kv/mcity_diff2,14,1545235980.902993,1,-0.006088,-0.006088,-0.006088,0.000000,0.000000,4,12,342
kv/mcity_diff2,15,1545235982.922967,1,0.016029,0.016029,0.016029,0.000000,0.000000,4,12,362
kv/mcity_diff2,16,1545235985.902844,1,-0.001328,-0.001328,-0.001328,0.000000,0.000000,4,12,392
kv/mcity_diff2,17,1545235986.882974,1,-0.120170,-0.120170,-0.120170,0.000000,0.000000,4,12,403
kv/mcity_diff2,18,1545235987.922825,1,-0.079466,-0.079466,-0.079466,0.000000,0.000000,4,12,413
kv/mcity_diff2,19,1545235989.902864,1,-0.097508,-0.097508,-0.097508,0.000000,0.000000,4,12,433
kv/mcity_diff2,20,1545235990.922870,1,-0.076637,-0.076637,-0.076637,0.000000,0.000000,4,12,443
kv/mcity_diff2,21,1545235992.882976,1,-0.114661,-0.114661,-0.114661,0.000000,0.000000,4,12,463
kv/mcity_diff2,22,1545235993.922772,1,-0.073977,-0.073977,-0.073977,0.000000,0.000000,4,12,473
kv/mcity_diff2,23,1545235996.902841,1,-0.091081,-0.091081,-0.091081,0.000000,0.000000,4,12,503
kv/mcity_diff2,24,1545235998.902751,1,-0.089555,-0.089555,-0.089555,0.000000,0.000000,4,12,523
kv/mcity_diff2,25,1545236002.882707,1,-0.105878,-0.105878,-0.105878,0.000000,0.000000,4,12,563
kv/mcity_diff2,26,1545236003.902715,1,-0.085144,-0.085144,-0.085144,0.000000,0.000000,4,12,573
kv/mcity_diff2,27,1545236005.922679,1,-0.063020,-0.063020,-0.063020,0.000000,0.000000,4,12,593
kv/mcity_diff2,28,1545236006.902815,1,-0.082324,-0.082324,-0.082324,0.000000,0.000000,4,12,603
kv/mcity_diff2,29,1545236007.882821,1,-0.101068,-0.101068,-0.101068,0.000000,0.000000,4,12,613
kv/mcity_diff2,30,1545236009.902685,1,-0.079713,-0.079713,-0.079713,0.000000,0.000000,4,12,633
kv/mcity_diff2,31,1545236011.922659,1,-0.057513,-0.057513,-0.057513,0.000000,0.000000,4,12,653
kv/mcity_diff2,32,1545236013.882709,1,-0.096069,-0.096069,-0.096069,0.000000,0.000000,4,12,673
kv/mcity_diff2,33,1545236015.922744,1,-0.054128,-0.054128,-0.054128,0.000000,0.000000,4,12,693
kv/mcity_diff2,34,1545236016.902630,1,-0.073019,-0.073019,-0.073019,0.000000,0.000000,4,12,703
kv/mcity_diff2,35,1545236018.902597,1,-0.071452,-0.071452,-0.071452,0.000000,0.000000,4,12,723
kv/mcity_diff2,36,1545236019.882693,1,-0.090127,-0.090127,-0.090127,0.000000,0.000000,4,12,733
kv/mcity_diff2,37,1545236021.902569,1,-0.068765,-0.068765,-0.068765,0.000000,0.000000,4,12,753
kv/mcity_diff2,38,1545236023.922633,1,-0.046616,-0.046616,-0.046616,0.000000,0.000000,4,12,773
kv/mcity_diff2,39,1545236025.882617,1,-0.084796,-0.084796,-0.084796,0.000000,0.000000,4,12,793
kv/mcity_diff2,40,1545236026.902694,1,-0.063705,-0.063705,-0.063705,0.000000,0.000000,4,12,803
kv/mcity_diff2,41,1545236029.902567,1,-0.061148,-0.061148,-0.061148,0.000000,0.000000,4,12,833
kv/mcity_diff2,42,1545236031.922488,1,-0.039313,-0.039313,-0.039313,0.000000,0.000000,4,12,853
kv/mcity_diff2,43,1545236033.882473,1,-0.077796,-0.077796,-0.077796,0.000000,0.000000,4,12,873
kv/mcity_diff2,44,1545236035.902520,1,-0.055644,-0.055644,-0.055644,0.000000,0.000000,4,12,893
kv/mcity_diff2,45,1545236037.902443,1,-0.053888,-0.053888,-0.053888,0.000000,0.000000,4,12,913
kv/mcity_diff2,46,1545236039.922448,1,-0.032341,-0.032341,-0.032341,0.000000,0.000000,4,12,933
kv/mcity_diff2,47,1545236041.922422,1,-0.030216,-0.030216,-0.030216,0.000000,0.000000,4,12,953
kv/mcity_diff2,48,1545236043.902399,1,-0.048471,-0.048471,-0.048471,0.000000,0.000000,4,12,973
kv/mcity_diff2,49,1545236047.922363,1,-0.024740,-0.024740,-0.024740,0.000000,0.000000,4,12,1013
kv/mcity_diff2,50,1545236049.882417,1,-0.062871,-0.062871,-0.062871,0.000000,0.000000,4,12,1033
kv/mcity_diff2,51,1545236051.922370,1,-0.021522,-0.021522,-0.021522,0.000000,0.000000,4,12,1053
kv/mcity_diff2,52,1545236052.922340,1,-0.020197,-0.020197,-0.020197,0.000000,0.000000,4,12,1063
kv/mcity_diff2,53,1545236054.882306,1,-0.058770,-0.058770,-0.058770,0.000000,0.000000,4,12,1083
kv/mcity_diff2,54,1545236056.902365,1,-0.036485,-0.036485,-0.036485,0.000000,0.000000,4,12,1103
kv/mcity_diff2,55,1545236058.902375,1,-0.034653,-0.034653,-0.034653,0.000000,0.000000,4,12,1123
kv/mcity_diff2,56,1545236060.922315,1,-0.013137,-0.013137,-0.013137,0.000000,0.000000,4,12,1143
kv/mcity_diff2,57,1545236062.882249,1,-0.051068,-0.051068,-0.051068,0.000000,0.000000,4,12,1163
kv/mcity_diff2,58,1545236063.922281,1,-0.010434,-0.010434,-0.010434,0.000000,0.000000,4,12,1173
kv/mcity_diff2,59,1545236065.902293,1,-0.028375,-0.028375,-0.028375,0.000000,0.000000,4,12,1193
kv/mcity_diff2,60,1545236067.902213,1,-0.026552,-0.026552,-0.026552,0.000000,0.000000,4,12,1213
kv/mcity_diff2,61,1545236069.922260,1,-0.005002,-0.005002,-0.005002,0.000000,0.000000,4,12,1233
kv/mcity_diff2,62,1545236071.882316,1,-0.042835,-0.042835,-0.042835,0.000000,0.000000,4,12,1253
kv/mcity_diff2,63,1545236072.902180,1,-0.022300,-0.022300,-0.022300,0.000000,0.000000,4,12,1263
kv/mcity_diff2,64,1545236074.922160,1,-0.000217,-0.000217,-0.000217,0.000000,0.000000,4,12,1283
kv/mcity_diff2,65,1545236076.882249,1,-0.038360,-0.038360,-0.038360,0.000000,0.000000,4,12,1303
kv/mcity_diff2,66,1545236077.922225,1,0.002665,0.002665,0.002665,0.000000,0.000000,4,12,1313
kv/mcity_diff2,67,1545236079.882269,1,-0.035437,-0.035437,-0.035437,0.000000,0.000000,4,12,1333
kv/mcity_diff2,68,1545236081.902133,1,-0.014034,-0.014034,-0.014034,0.000000,0.000000,4,12,1353
kv/mcity_diff2,69,1545236083.902162,1,-0.011906,-0.011906,-0.011906,0.000000,0.000000,4,12,1373
kv/mcity_diff2,70,1545236085.922084,1,0.009781,0.009781,0.009781,0.000000,0.000000,4,12,1393
kv/mcity_diff2,71,1545236087.922098,1,0.011386,0.011386,0.011386,0.000000,0.000000,4,12,1413
kv/mcity_diff2,72,1545236089.882042,1,-0.026514,-0.026514,-0.026514,0.000000,0.000000,4,12,1433
kv/mcity_diff2,73,1545236092.882114,1,-0.023642,-0.023642,-0.023642,0.000000,0.000000,4,12,1463
kv/mcity_diff2,74,1545236095.922080,1,-0.081239,-0.081239,-0.081239,0.000000,0.000000,4,12,1494
kv/mcity_diff2,75,1545236096.902021,1,-0.100040,-0.100040,-0.100040,0.000000,0.000000,4,12,1504
kv/mcity_diff2,76,1545236098.902065,1,-0.098471,-0.098471,-0.098471,0.000000,0.000000,4,12,1524
kv/mcity_diff2,77,1545236100.921971,1,-0.076676,-0.076676,-0.076676,0.000000,0.000000,4,12,1544
kv/mcity_diff2,78,1545236101.921944,1,-0.075874,-0.075874,-0.075874,0.000000,0.000000,4,12,1554
kv/mcity_diff2,79,1545236102.922086,1,-0.074461,-0.074461,-0.074461,0.000000,0.000000,4,12,1564
kv/mcity_diff2,80,1545236104.921991,1,-0.073056,-0.073056,-0.073056,0.000000,0.000000,4,12,1584
kv/mcity_diff2,81,1545236106.901981,1,-0.091249,-0.091249,-0.091249,0.000000,0.000000,4,12,1604
kv/mcity_diff2,82,1545236108.901975,1,-0.089387,-0.089387,-0.089387,0.000000,0.000000,4,12,1624
kv/mcity_diff2,83,1545236110.881882,1,-0.107764,-0.107764,-0.107764,0.000000,0.000000,4,12,1644
kv/mcity_diff2,84,1545236112.901949,1,-0.085743,-0.085743,-0.085743,0.000000,0.000000,4,12,1664
kv/mcity_diff2,85,1545236113.881852,1,-0.104890,-0.104890,-0.104890,0.000000,0.000000,4,12,1674
kv/mcity_diff2,86,1545236115.921826,1,-0.063146,-0.063146,-0.063146,0.000000,0.000000,4,12,1694
kv/mcity_diff2,87,1545236117.901838,1,-0.080985,-0.080985,-0.080985,0.000000,0.000000,4,12,1714
kv/mcity_diff2,88,1545236118.881874,1,-0.100213,-0.100213,-0.100213,0.000000,0.000000,4,12,1724
kv/mcity_diff2,89,1545236120.901822,1,-0.078224,-0.078224,-0.078224,0.000000,0.000000,4,12,1744
kv/mcity_diff2,90,1545236122.921825,1,-0.056638,-0.056638,-0.056638,0.000000,0.000000,4,12,1764
kv/mcity_diff2,91,1545236123.921809,1,-0.055425,-0.055425,-0.055425,0.000000,0.000000,4,12,1774
kv/mcity_diff2,92,1545236125.901829,1,-0.073937,-0.073937,-0.073937,0.000000,0.000000,4,12,1794
kv/mcity_diff2,93,1545236127.921757,1,-0.052109,-0.052109,-0.052109,0.000000,0.000000,4,12,1814
kv/mcity_diff2,94,1545236129.881743,1,-0.090041,-0.090041,-0.090041,0.000000,0.000000,4,12,1834
kv/mcity_diff2,95,1545236130.921737,1,-0.049352,-0.049352,-0.049352,0.000000,0.000000,4,12,1844
kv/mcity_diff2,96,1545236132.901794,1,-0.067222,-0.067222,-0.067222,0.000000,0.000000,4,12,1864
kv/mcity_diff2,97,1545236134.901762,1,-0.065586,-0.065586,-0.065586,0.000000,0.000000,4,12,1884
kv/mcity_diff2,98,1545236136.921690,1,-0.043934,-0.043934,-0.043934,0.000000,0.000000,4,12,1904
kv/mcity_diff2,99,1545236138.921722,1,-0.041703,-0.041703,-0.041703,0.000000,0.000000,4,12,1924
kv/mcity_diff2,100,1545236140.901797,1,-0.060142,-0.060142,-0.060142,0.000000,0.000000,4,12,1944
kv/mcity_diff2,101,1545236142.921634,1,-0.038453,-0.038453,-0.038453,0.000000,0.000000,4,12,1964
kv/mcity_diff2,102,1545236144.901636,1,-0.056402,-0.056402,-0.056402,0.000000,0.000000,4,12,1984
kv/mcity_diff2,103,1545236146.901737,1,-0.054677,-0.054677,-0.054677,0.000000,0.000000,4,12,2004
kv/mcity_diff2,104,1545236148.921597,1,-0.032915,-0.032915,-0.032915,0.000000,0.000000,4,12,2024
kv/mcity_diff2,105,1545236152.881558,1,-0.069370,-0.069370,-0.069370,0.000000,0.000000,4,12,2064
kv/mcity_diff2,106,1545236154.901681,1,-0.047409,-0.047409,-0.047409,0.000000,0.000000,4,12,2084
kv/mcity_diff2,107,1545236156.901679,1,-0.045185,-0.045185,-0.045185,0.000000,0.000000,4,12,2104
kv/mcity_diff2,108,1545236158.921581,1,-0.023814,-0.023814,-0.023814,0.000000,0.000000,4,12,2124
kv/mcity_diff2,109,1545236160.881557,1,-0.061951,-0.061951,-0.061951,0.000000,0.000000,4,12,2144
kv/mcity_diff2,110,1545236162.921539,1,-0.019947,-0.019947,-0.019947,0.000000,0.000000,4,12,2164
kv/mcity_diff2,111,1545236164.881593,1,-0.058245,-0.058245,-0.058245,0.000000,0.000000,4,12,2184
kv/mcity_diff2,112,1545236166.881532,1,-0.056541,-0.056541,-0.056541,0.000000,0.000000,4,12,2204
kv/mcity_diff2,113,1545236168.901428,1,-0.037284,-0.037284,-0.037284,0.000000,0.000000,4,12,2224
kv/mcity_diff2,114,1545236170.901482,1,-0.032864,-0.032864,-0.032864,0.000000,0.000000,4,12,2244
kv/mcity_diff2,115,1545236171.921480,1,-0.011849,-0.011849,-0.011849,0.000000,0.000000,4,12,2254
kv/mcity_diff2,116,1545236173.901414,1,-0.030252,-0.030252,-0.030252,0.000000,0.000000,4,12,2274
kv/mcity_diff2,117,1545236174.921466,1,-0.008904,-0.008904,-0.008904,0.000000,0.000000,4,12,2284
kv/mcity_diff2,118,1545236176.901428,1,-0.027445,-0.027445,-0.027445,0.000000,0.000000,4,12,2304
kv/mcity_diff2,119,1545236178.921368,1,-0.005654,-0.005654,-0.005654,0.000000,0.000000,4,12,2324
kv/mcity_diff2,120,1545236180.881390,1,-0.043531,-0.043531,-0.043531,0.000000,0.000000,4,12,2344
kv/mcity_diff2,121,1545236182.921308,1,-0.001999,-0.001999,-0.001999,0.000000,0.000000,4,12,2364
kv/mcity_diff2,122,1545236184.901301,1,-0.020162,-0.020162,-0.020162,0.000000,0.000000,4,12,2384
kv/mcity_diff2,123,1545236186.921347,1,0.002078,0.002078,0.002078,0.000000,0.000000,4,12,2404
kv/mcity_diff2,124,1545236188.881263,1,-0.036614,-0.036614,-0.036614,0.000000,0.000000,4,12,2424
kv/mcity_diff2,125,1545236190.901274,1,-0.014706,-0.014706,-0.014706,0.000000,0.000000,4,12,2444
kv/mcity_diff2,126,1545236192.921302,1,0.007443,0.007443,0.007443,0.000000,0.000000,4,12,2464
kv/mcity_diff2,127,1545236193.901239,1,-0.011962,-0.011962,-0.011962,0.000000,0.000000,4,12,2474
kv/mcity_diff2,128,1545236195.901215,1,-0.009918,-0.009918,-0.009918,0.000000,0.000000,4,12,2494
kv/mcity_diff2,129,1545236197.921189,1,0.011645,0.011645,0.011645,0.000000,0.000000,4,12,2514
kv/mcity_diff2,130,1545236199.921199,1,0.013459,0.013459,0.013459,0.000000,0.000000,4,12,2534
kv/mcity_diff2,131,1545236201.901193,1,-0.004305,-0.004305,-0.004305,0.000000,0.000000,4,12,2554
kv/mcity_diff2,132,1545236203.901169,1,-0.002930,-0.002930,-0.002930,0.000000,0.000000,4,12,2574
kv/mcity_diff2,133,1545236205.921130,1,0.019257,0.019257,0.019257,0.000000,0.000000,4,12,2594
kv/mcity_diff2,134,1545236206.901187,1,-0.099989,-0.099989,-0.099989,0.000000,0.000000,4,12,2605
kv/mcity_diff2,135,1545236208.701174,1,-0.297887,-0.297887,-0.297887,0.000000,0.000000,4,12,2625
kv/mcity_diff2,136,1545236208.701174,1,-2.296387,-2.296387,-2.296387,0.000000,0.000000,4,12,2645
kv/waymo_moving_diff2,0,1552440196.862068,4,0.000000,0.000000,0.000000,0.000000,0.000000,4,12,16
kv/waymo_moving_diff2,1,1552440197.361693,4,0.000000,0.000000,0.000000,0.000000,0.000000,4,12,21
kv/waymo_moving_diff2,2,1552440197.761529,4,0.000000,0.000000,0.000000,0.000000,0.000000,4,12,25
kv/waymo_moving_diff2,3,1552440198.161543,4,0.000000,0.000000,0.000000,0.000000,0.000000,4,12,29
kv/waymo_moving_diff2,4,1552440198.561742,4,0.000000,0.000000,0.000000,0.000000,0.000000,4,12,33
kv/waymo_moving_diff2,5,1552440198.962023,4,0.000000,0.000000,0.000000,0.000000,0.000000,4,12,37
kv/waymo_moving_diff2,6,1552440199.362275,4,0.000000,0.000000,0.000000,0.000000,0.000000,4,12,41
kv/waymo_moving_diff2,7,1552440199.762434,4,0.000000,0.000000,0.000000,0.000000,0.000000,4,12,45
kv/waymo_moving_diff2,8,1552440200.162477,4,0.000000,0.000000,0.000000,0.000000,0.000000,4,12,49
kv/waymo_moving_diff2,9,1552440200.662540,4,0.000000,0.000000,0.000000,0.000000,0.000000,4,12,54
kv/waymo_moving_diff2,10,1552440201.162602,4,0.000000,0.000000,0.000000,0.000000,0.000000,4,12,59
kv/waymo_moving_diff2,11,1552440201.862530,4,0.000000,0.000000,0.000000,0.000000,0.000000,4,12,66
kv/waymo_moving_diff2,12,1552440202.262511,4,0.000000,0.000000,0.000000,0.000000,0.000000,4,12,70
kv/waymo_moving_diff2,13,1552440202.762508,4,0.000000,0.000000,0.000000,0.000000,0.000000,4,12,75
kv/waymo_moving_diff2,14,1552440203.162558,4,0.000000,0.000000,0.000000,0.000000,0.000000,4,12,79
kv/waymo_moving_diff2,15,1552440203.562534,4,0.000000,0.000000,0.000000,0.000000,0.000000,4,12,83
kv/waymo_moving_diff2,16,1552440203.962552,4,0.000000,0.000000,0.000000,0.000000,0.000000,4,12,87
kv/waymo_moving_diff2,17,1552440204.362522,4,0.000000,0.000000,0.000000,0.000000,0.000000,4,12,91
kv/waymo_moving_diff2,18,1552440204.762531,4,0.000000,0.000000,0.000000,0.000000,0.000000,4,12,95
kv/waymo_moving_diff2,19,1552440205.162607,4,0.000000,0.000000,0.000000,0.000000,0.000000,4,12,99
kv/waymo_moving_diff2,20,1552440205.562555,4,0.000000,0.000000,0.000000,0.000000,0.000000,4,12,103
kv/waymo_moving_diff2,21,1552440205.962419,4,0.000000,0.000000,0.000000,0.000000,0.000000,4,12,107
kv/waymo_moving_diff2,22,1552440206.362294,4,0.000000,0.000000,0.000000,0.000000,0.000000,4,12,111
kv/waymo_moving_diff2,23,1552440206.762344,4,0.000000,0.000000,0.000000,0.000000,0.000000,4,12,115
kv/waymo_moving_diff2,24,1552440207.162441,4,0.000000,0.000000,0.000000,0.000000,0.000000,4,12,119
kv/waymo_moving_diff2,25,1552440207.562568,4,0.000000,0.000000,0.000000,0.000000,0.000000,4,12,123
kv/waymo_moving_diff2,26,1552440208.162619,4,0.000000,0.000000,0.000000,0.000000,0.000000,4,12,129
kv/waymo_moving_diff2,27,1552440208.562580,4,0.000000,0.000000,0.000000,0.000000,0.000000,4,12,133
kv/waymo_moving_diff2,28,1552440208.962571,4,0.000000,0.000000,0.000000,0.000000,0.000000,4,12,137
kv/waymo_moving_diff2,29,1552440209.362568,4,0.000000,0.000000,0.000000,0.000000,0.000000,4,12,141
kv/waymo_moving_diff2,30,1552440209.962528,4,0.000000,0.000000,0.000000,0.000000,0.000000,4,12,147
kv/waymo_moving_diff2,31,1552440210.362521,4,0.000000,0.000000,0.000000,0.000000,0.000000,4,12,151
kv/waymo_moving_diff2,32,1552440210.762518,4,0.000000,0.000000,0.000000,0.000000,0.000000,4,12,155
kv/waymo_moving_diff2,33,1552440211.162579,4,0.000000,0.000000,0.000000,0.000000,0.000000,4,12,159
kv/waymo_moving_diff2,34,1552440211.562545,4,0.000000,0.000000,0.000000,0.000000,0.000000,4,12,163
kv/waymo_moving_diff2,35,1552440211.962557,4,0.000000,0.000000,0.000000,0.000000,0.000000,4,12,167
kv/waymo_moving_diff2,36,1552440212.362571,4,0.000000,0.000000,0.000000,0.000000,0.000000,4,12,171
kv/waymo_moving_diff2,37,1552440212.762544,4,0.000000,0.000000,0.000000,0.000000,0.000000,4,12,175
kv/waymo_moving_diff2,38,1552440213.162514,4,0.000000,0.000000,0.000000,0.000000,0.000000,4,12,179
kv/waymo_moving_diff2,39,1552440213.562524,4,0.000000,0.000000,0.000000,0.000000,0.000000,4,12,183
kv/waymo_moving_diff2,40,1552440213.962499,4,0.000000,0.000000,0.000000,0.000000,0.000000,4,12,187
kv/waymo_moving_diff2,41,1552440214.362535,4,0.000000,0.000000,0.000000,0.000000,0.000000,4,12,191
kv/waymo_moving_diff2,42,1552440214.762521,4,0.000000,0.000000,0.000000,0.000000,0.000000,4,12,195
mcity_top_level,0,1545235952.923106,0,,,,,,,,
mcity_top_level,1,1545235954.923095,0,,,,,,,,
mcity_top_level,2,1545235956.923071,0,,,,,,,,
mcity_top_level,3,1545235959.923032,0,,,,,,,,
mcity_top_level,4,1545235961.883028,0,,,,,,,,
mcity_top_level,5,1545235963.903080,0,,,,,,,,
mcity_top_level,6,1545235965.923000,0,,,,,,,,
mcity_top_level,7,1545235966.923059,0,,,,,,,,
mcity_top_level,8,1545235968.883028,0,,,,,,,,
mcity_top_level,9,1545235970.882940,0,,,,,,,,
mcity_top_level,10,1545235972.903028,0,,,,,,,,
mcity_top_level,11,1545235975.883008,0,,,,,,,,
mcity_top_level,12,1545235977.902895,0,,,,,,,,
mcity_top_level,13,1545235979.922915,0,,,,,,,,
mcity_top_level,14,1545235981.882960,0,,,,,,,,
mcity_top_level,15,1545235983.902869,0,,,,,,,,
mcity_top_level,16,1545235985.902844,0,,,,,,,,
mcity_top_level,17,1545235987.922825,0,,,,,,,,
mcity_top_level,18,1545235990.922870,0,,,,,,,,
mcity_top_level,19,1545235991.902853,0,,,,,,,,
mcity_top_level,20,1545235993.922772,0,,,,,,,,
mcity_top_level,21,1545235995.922783,0,,,,,,,,
mcity_top_level,22,1545235997.882877,0,,,,,,,,
mcity_top_level,23,1545235999.882800,0,,,,,,,,
mcity_top_level,24,1545236001.922702,0,,,,,,,,
mcity_top_level,25,1545236003.902715,0,,,,,,,,
mcity_top_level,26,1545236005.922679,0,,,,,,,,
mcity_top_level,27,1545236007.882821,0,,,,,,,,
mcity_top_level,28,1545236009.902685,0,,,,,,,,
mcity_top_level,29,1545236010.922653,0,,,,,,,,
mcity_top_level,30,1545236012.902693,0,,,,,,,,
mcity_top_level,31,1545236014.922673,0,,,,,,,,
mcity_top_level,32,1545236015.922744,0,,,,,,,,
mcity_top_level,33,1545236016.902630,0,,,,,,,,
mcity_top_level,34,1545236018.902597,0,,,,,,,,
mcity_top_level,35,1545236020.882621,0,,,,,,,,
mcity_top_level,36,1545236022.882689,0,,,,,,,,
mcity_top_level,37,1545236024.902571,0,,,,,,,,
mcity_top_level,38,1545236025.882617,0,,,,,,,,
mcity_top_level,39,1545236026.902694,0,,,,,,,,
mcity_top_level,40,1545236027.882519,0,,,,,,,,
mcity_top_level,41,1545236028.922605,0,,,,,,,,
mcity_top_level,42,1545236030.882491,0,,,,,,,,
mcity_top_level,43,1545236031.922488,0,,,,,,,,
mcity_top_level,44,1545236033.882473,0,,,,,,,,
mcity_top_level,45,1545236035.902520,0,,,,,,,,
mcity_top_level,46,1545236037.902443,0,,,,,,,,
mcity_top_level,47,1545236039.922448,0,,,,,,,,
mcity_top_level,48,1545236041.922422,0,,,,,,,,
mcity_top_level,49,1545236043.902399,0,,,,,,,,
mcity_top_level,50,1545236045.902403,0,,,,,,,,
mcity_top_level,51,1545236047.922363,0,,,,,,,,
mcity_top_level,52,1545236051.922370,0,,,,,,,,
mcity_top_level,53,1545236052.922340,0,,,,,,,,
mcity_top_level,54,1545236054.882306,0,,,,,,,,
mcity_top_level,55,1545236055.902403,0,,,,,,,,
mcity_top_level,56,1545236057.922314,0,,,,,,,,
mcity_top_level,57,1545236059.882276,0,,,,,,,,
mcity_top_level,58,1545236061.902342,0,,,,,,,,
mcity_top_level,59,1545236063.922281,0,,,,,,,,
mcity_top_level,60,1545236065.902293,0,,,,,,,,
mcity_top_level,61,1545236068.882209,0,,,,,,,,
mcity_top_level,62,1545236070.902199,0,,,,,,,,
mcity_top_level,63,1545236072.902180,0,,,,,,,,
mcity_top_level,64,1545236074.922160,0,,,,,,,,
mcity_top_level,65,1545236076.882249,0,,,,,,,,
mcity_top_level,66,1545236078.902167,0,,,,,,,,
mcity_top_level,67,1545236082.882157,0,,,,,,,,
mcity_top_level,68,1545236084.902142,0,,,,,,,,
mcity_top_level,69,1545236086.902141,0,,,,,,,,
mcity_top_level,70,1545236088.902062,0,,,,,,,,
mcity_top_level,71,1545236090.902130,0,,,,,,,,
mcity_top_level,72,1545236092.882114,0,,,,,,,,
mcity_top_level,73,1545236094.902024,0,,,,,,,,
mcity_top_level,74,1545236096.902021,0,,,,,,,,
mcity_top_level,75,1545236098.902065,0,,,,,,,,
mcity_top_level,76,1545236100.921971,0,,,,,,,,
mcity_top_level,77,1545236102.922086,0,,,,,,,,
mcity_top_level,78,1545236104.921991,0,,,,,,,,
mcity_top_level,79,1545236106.901981,0,,,,,,,,
mcity_top_level,80,1545236108.901975,0,,,,,,,,
mcity_top_level,81,1545236109.901900,0,,,,,,,,
mcity_top_level,82,1545236111.921944,0,,,,,,,,
mcity_top_level,83,1545236114.901885,0,,,,,,,,
mcity_top_level,84,1545236115.921826,0,,,,,,,,
mcity_top_level,85,1545236116.881876,0,,,,,,,,
mcity_top_level,86,1545236118.881874,0,,,,,,,,
mcity_top_level,87,1545236120.901822,0,,,,,,,,
mcity_top_level,88,1545236121.901804,0,,,,,,,,
mcity_top_level,89,1545236122.921825,0,,,,,,,,
mcity_top_level,90,1545236124.921873,0,,,,,,,,
mcity_top_level,91,1545236125.901829,0,,,,,,,,
mcity_top_level,92,1545236127.921757,0,,,,,,,,
mcity_top_level,93,1545236129.881743,0,,,,,,,,
mcity_top_level,94,1545236131.901794,0,,,,,,,,
mcity_top_level,95,1545236133.921697,0,,,,,,,,
mcity_top_level,96,1545236135.901700,0,,,,,,,,
mcity_top_level,97,1545236137.901736,0,,,,,,,,
mcity_top_level,98,1545236139.921661,0,,,,,,,,
mcity_top_level,99,1545236141.881711,0,,,,,,,,
mcity_top_level,100,1545236143.901706,0,,,,,,,,
mcity_top_level,101,1545236146.901737,0,,,,,,,,
mcity_top_level,102,1545236148.921597,0,,,,,,,,
mcity_top_level,103,1545236150.921613,0,,,,,,,,
mcity_top_level,104,1545236152.881558,0,,,,,,,,
mcity_top_level,105,1545236154.901681,0,,,,,,,,
mcity_top_level,106,1545236156.901679,0,,,,,,,,
mcity_top_level,107,1545236158.921581,0,,,,,,,,
mcity_top_level,108,1545236160.881557,0,,,,,,,,
mcity_top_level,109,1545236162.921539,0,,,,,,,,
mcity_top_level,110,1545236164.881593,0,,,,,,,,
mcity_top_level,111,1545236166.881532,0,,,,,,,,
mcity_top_level,112,1545236168.901428,0,,,,,,,,
mcity_top_level,113,1545236170.901482,0,,,,,,,,
mcity_top_level,114,1545236172.921389,0,,,,,,,,
mcity_top_level,115,1545236174.921466,0,,,,,,,,
mcity_top_level,116,1545236177.881368,0,,,,,,,,
mcity_top_level,117,1545236181.901324,0,,,,,,,,
mcity_top_level,118,1545236183.921347,0,,,,,,,,
mcity_top_level,119,1545236185.881303,0,,,,,,,,
mcity_top_level,120,1545236186.921347,0,,,,,,,,
mcity_top_level,121,1545236188.881263,0,,,,,,,,
mcity_top_level,122,1545236190.901274,0,,,,,,,,
mcity_top_level,123,1545236192.921302,0,,,,,,,,
mcity_top_level,124,1545236194.881221,0,,,,,,,,
mcity_top_level,125,1545236196.881266,0,,,,,,,,
mcity_top_level,126,1545236198.901188,0,,,,,,,,
mcity_top_level,127,1545236200.901238,0,,,,,,,,
mcity_top_level,128,1545236202.921177,0,,,,,,,,
mcity_top_level,129,1545236204.881136,0,,,,,,,,
mcity_top_level,130,1545236206.901187,0,,,,,,,,
mcity_top_level,131,1545236208.701174,0,,,,,,,,
mcity_top_level,132,1545236208.701174,0,,,,,,,,
nav_continue_straight_loki,0,1552440202.862531,4,-0.400017,-0.400017,-0.400017,0.000000,0.000000,4,12,80
nav_continue_straight_loki,1,1552440203.562534,4,-0.400018,-0.400018,-0.400018,0.000000,0.000000,4,12,87
nav_continue_straight_loki,2,1552440204.262537,4,-0.400007,-0.400007,-0.400007,0.000000,0.000000,4,12,94
nav_continue_straight_loki,3,1552440204.962566,4,-0.400014,-0.400014,-0.400014,0.000000,0.000000,4,12,101
nav_continue_straight_loki,4,1552440205.562555,4,-0.399864,-0.399864,-0.399864,0.000000,0.000000,4,12,107
nav_continue_straight_loki,5,1552440206.262311,4,-0.400008,-0.400008,-0.400008,0.000000,0.000000,4,12,114
nav_continue_straight_loki,6,1552440206.962395,4,-0.400091,-0.400091,-0.400091,0.000000,0.000000,4,12,121
nav_continue_straight_loki,7,1552440207.562568,4,-0.400056,-0.400056,-0.400056,0.000000,0.000000,4,12,127
nav_continue_straight_loki,8,1552440208.162619,4,-0.399961,-0.399961,-0.399961,0.000000,0.000000,4,12,133
nav_continue_straight_loki,9,1552440208.762593,4,-0.399967,-0.399967,-0.399967,0.000000,0.000000,4,12,139
nav_continue_straight_loki,10,1552440209.362568,4,-0.399988,-0.399988,-0.399988,0.000000,0.000000,4,12,145
nav_continue_straight_loki,11,1552440209.962528,4,-0.399993,-0.399993,-0.399993,0.000000,0.000000,4,12,151
nav_continue_straight_loki,12,1552440210.562518,4,-0.400007,-0.400007,-0.400007,0.000000,0.000000,4,12,157
nav_continue_straight_loki,13,1552440211.162579,4,-0.399966,-0.399966,-0.399966,0.000000,0.000000,4,12,163
nav_continue_straight_loki,14,1552440211.762549,4,-0.400016,-0.400016,-0.400016,0.000000,0.000000,4,12,169
nav_continue_straight_loki,15,1552440212.362571,4,-0.399973,-0.399973,-0.399973,0.000000,0.000000,4,12,175
nav_continue_straight_loki,16,1552440212.962514,4,-0.400005,-0.400005,-0.400005,0.000000,0.000000,4,12,181
nav_continue_straight_loki,17,1552440213.562524,4,-0.399975,-0.399975,-0.399975,0.000000,0.000000,4,12,187
nav_continue_straight_loki,18,1552440214.162524,4,-0.400019,-0.400019,-0.400019,0.000000,0.000000,4,12,193
nav_pub_stop_red_loki,0,1552440202.862531,4,-0.400017,-0.400017,-0.400017,0.000000,0.000000,4,12,80
nav_pub_stop_red_loki,1,1552440203.562534,4,-0.400018,-0.400018,-0.400018,0.000000,0.000000,4,12,87
nav_pub_stop_red_loki,2,1552440204.262537,4,-0.400007,-0.400007,-0.400007,0.000000,0.000000,4,12,94
nav_pub_stop_red_loki,3,1552440204.962566,4,-0.400014,-0.400014,-0.400014,0.000000,0.000000,4,12,101
nav_pub_stop_red_loki,4,1552440205.562555,4,-0.399864,-0.399864,-0.399864,0.000000,0.000000,4,12,107
nav_pub_stop_red_loki,5,1552440206.262311,4,-0.400008,-0.400008,-0.400008,0.000000,0.000000,4,12,114
nav_pub_stop_red_loki,6,1552440206.962395,4,-0.400091,-0.400091,-0.400091,0.000000,0.000000,4,12,121
nav_pub_stop_red_loki,7,1552440207.562568,4,-0.400056,-0.400056,-0.400056,0.000000,0.000000,4,12,127
nav_pub_stop_red_loki,8,1552440208.162619,4,-0.399961,-0.399961,-0.399961,0.000000,0.000000,4,12,133
nav_pub_stop_red_loki,9,1552440208.862579,4,-0.399963,-0.399963,-0.399963,0.000000,0.000000,4,12,140
nav_pub_stop_red_loki,10,1552440209.462589,4,-0.399949,-0.399949,-0.399949,0.000000,0.000000,4,12,146
nav_pub_stop_red_loki,11,1552440210.062516,4,-0.399986,-0.399986,-0.399986,0.000000,0.000000,4,12,152
nav_pub_stop_red_loki,12,1552440210.762518,4,-0.400061,-0.400061,-0.400061,0.000000,0.000000,4,12,159
nav_pub_stop_red_loki,13,1552440211.462561,4,-0.400009,-0.400009,-0.400009,0.000000,0.000000,4,12,166
nav_pub_stop_red_loki,14,1552440212.062583,4,-0.399973,-0.399973,-0.399973,0.000000,0.000000,4,12,172
nav_pub_stop_red_loki,15,1552440212.662526,4,-0.399964,-0.399964,-0.399964,0.000000,0.000000,4,12,178
nav_pub_stop_red_loki,16,1552440213.262499,4,-0.400010,-0.400010,-0.400010,0.000000,0.000000,4,12,184
nav_pub_stop_red_loki,17,1552440213.962499,4,-0.400036,-0.400036,-0.400036,0.000000,0.000000,4,12,191
precision/mcity_bf16,0,1545235952.923106,1,-0.011394,-0.011394,-0.011394,0.000000,0.000000,4,12,62
precision/mcity_bf16,1,1545235954.923095,1,-0.009954,-0.009954,-0.009954,0.000000,0.000000,4,12,82
precision/mcity_bf16,2,1545235956.923071,1,-0.008010,-0.008010,-0.008010,0.000000,0.000000,4,12,102
precision/mcity_bf16,3,1545235959.923032,1,-0.005333,-0.005333,-0.005333,0.000000,0.000000,4,12,132
precision/mcity_bf16,4,1545235961.883028,1,-0.043224,-0.043224,-0.043224,0.000000,0.000000,4,12,152
precision/mcity_bf16,5,1545235962.923022,1,-0.002580,-0.002580,-0.002580,0.000000,0.000000,4,12,162
precision/mcity_bf16,6,1545235964.882997,1,-0.040493,-0.040493,-0.040493,0.000000,0.000000,4,12,182
precision/mcity_bf16,7,1545235966.923059,1,0.000976,0.000976,0.000976,0.000000,0.000000,4,12,202
precision/mcity_bf16,8,1545235967.902999,1,-0.017765,-0.017765,-0.017765,0.000000,0.000000,4,12,212
precision/mcity_bf16,9,1545235968.883028,1,-0.037177,-0.037177,-0.037177,0.000000,0.000000,4,12,222
precision/mcity_bf16,10,1545235970.882940,1,-0.035047,-0.035047,-0.035047,0.000000,0.000000,4,12,242
precision/mcity_bf16,11,1545235972.903028,1,-0.013521,-0.013521,-0.013521,0.000000,0.000000,4,12,262
precision/mcity_bf16,12,1545235974.902918,1,-0.011719,-0.011719,-0.011719,0.000000,0.000000,4,12,282
precision/mcity_bf16,13,1545235978.882946,1,-0.028056,-0.028056,-0.028056,0.000000,0.000000,4,12,322
precision/mcity_bf16,14,1545235980.902993,1,-0.006088,-0.006088,-0.006088,0.000000,0.000000,4,12,342
precision/mcity_bf16,15,1545235982.922967,1,0.016029,0.016029,0.016029,0.000000,0.000000,4,12,362
precision/mcity_bf16,16,1545235985.902844,1,-0.001328,-0.001328,-0.001328,0.000000,0.000000,4,12,392
precision/mcity_bf16,17,1545235986.882974,1,-0.120170,-0.120170,-0.120170,0.000000,0.000000,4,12,403
precision/mcity_bf16,18,1545235987.922825,1,-0.079466,-0.079466,-0.079466,0.000000,0.000000,4,12,413
precision/mcity_bf16,19,1545235989.902864,1,-0.097508,-0.097508,-0.097508,0.000000,0.000000,4,12,433
precision/mcity_bf16,20,1545235990.922870,1,-0.076637,-0.076637,-0.076637,0.000000,0.000000,4,12,443
precision/mcity_bf16,21,1545235992.882976,1,-0.114661,-0.114661,-0.114661,0.000000,0.000000,4,12,463
precision/mcity_bf16,22,1545235993.922772,1,-0.073977,-0.073977,-0.073977,0.000000,0.000000,4,12,473
precision/mcity_bf16,23,1545235996.902841,1,-0.091081,-0.091081,-0.091081,0.000000,0.000000,4,12,503
precision/mcity_bf16,24,1545235998.902751,1,-0.089555,-0.089555,-0.089555,0.000000,0.000000,4,12,523
precision/mcity_bf16,25,1545236002.882707,1,-0.105878,-0.105878,-0.105878,0.000000,0.000000,4,12,563
precision/mcity_bf16,26,1545236003.902715,1,-0.085144,-0.085144,-0.085144,0.000000,0.000000,4,12,573
precision/mcity_bf16,27,1545236005.922679,1,-0.063020,-0.063020,-0.063020,0.000000,0.000000,4,12,593
precision/mcity_bf16,28,1545236006.902815,1,-0.082324,-0.082324,-0.082324,0.000000,0.000000,4,12,603
precision/mcity_bf16,29,1545236007.882821,1,-0.101068,-0.101068,-0.101068,0.000000,0.000000,4,12,613
precision/mcity_bf16,30,1545236009.902685,1,-0.079713,-0.079713,-0.079713,0.000000,0.000000,4,12,633
precision/mcity_bf16,31,1545236011.922659,1,-0.057513,-0.057513,-0.057513,0.000000,0.000000,4,12,653
precision/mcity_bf16,32,1545236013.882709,1,-0.096069,-0.096069,-0.096069,0.000000,0.000000,4,12,673
precision/mcity_bf16,33,1545236015.922744,1,-0.054128,-0.054128,-0.054128,0.000000,0.000000,4,12,693
precision/mcity_bf16,34,1545236016.902630,1,-0.073019,-0.073019,-0.073019,0.000000,0.000000,4,12,703
precision/mcity_bf16,35,1545236018.902597,1,-0.071452,-0.071452,-0.071452,0.000000,0.000000,4,12,723
precision/mcity_bf16,36,1545236019.882693,1,-0.090127,-0.090127,-0.090127,0.000000,0.000000,4,12,733
precision/mcity_bf16,37,1545236021.902569,1,-0.068765,-0.068765,-0.068765,0.000000,0.000000,4,12,753
precision/mcity_bf16,38,1545236023.922633,1,-0.046616,-0.046616,-0.046616,0.000000,0.000000,4,12,773
precision/mcity_bf16,39,1545236025.882617,1,-0.084796,-0.084796,-0.084796,0.000000,0.000000,4,12,793
precision/mcity_bf16,40,1545236026.902694,1,-0.063705,-0.063705,-0.063705,0.000000,0.000000,4,12,803
precision/mcity_bf16,41,1545236029.902567,1,-0.061148,-0.061148,-0.061148,0.000000,0.000000,4,12,833
precision/mcity_bf16,42,1545236031.922488,1,-0.039313,-0.039313,-0.039313,0.000000,0.000000,4,12,853
precision/mcity_bf16,43,1545236033.882473,1,-0.077796,-0.077796,-0.077796,0.000000,0.000000,4,12,873
precision/mcity_bf16,44,1545236034.922493,1,-0.036563,-0.036563,-0.036563,0.000000,0.000000,4,12,883
precision/mcity_bf16,45,1545236035.902520,1,-0.055644,-0.055644,-0.055644,0.000000,0.000000,4,12,893
precision/mcity_bf16,46,1545236037.902443,1,-0.053888,-0.053888,-0.053888,0.000000,0.000000,4,12,913
precision/mcity_bf16,47,1545236039.922448,1,-0.032341,-0.032341,-0.032341,0.000000,0.000000,4,12,933
precision/mcity_bf16,48,1545236041.922422,1,-0.030216,-0.030216,-0.030216,0.000000,0.000000,4,12,953
precision/mcity_bf16,49,1545236043.902399,1,-0.048471,-0.048471,-0.048471,0.000000,0.000000,4,12,973
precision/mcity_bf16,50,1545236045.902403,1,-0.046979,-0.046979,-0.046979,0.000000,0.000000,4,12,993
precision/mcity_bf16,51,1545236047.922363,1,-0.024740,-0.024740,-0.024740,0.000000,0.000000,4,12,1013
precision/mcity_bf16,52,1545236049.882417,1,-0.062871,-0.062871,-0.062871,0.000000,0.000000,4,12,1033
precision/mcity_bf16,53,1545236051.922370,1,-0.021522,-0.021522,-0.021522,0.000000,0.000000,4,12,1053
precision/mcity_bf16,54,1545236053.902387,1,-0.039302,-0.039302,-0.039302,0.000000,0.000000,4,12,1073
precision/mcity_bf16,55,1545236054.882306,1,-0.058770,-0.058770,-0.058770,0.000000,0.000000,4,12,1083
precision/mcity_bf16,56,1545236055.902403,1,-0.037377,-0.037377,-0.037377,0.000000,0.000000,4,12,1093
precision/mcity_bf16,57,1545236056.902365,1,-0.036485,-0.036485,-0.036485,0.000000,0.000000,4,12,1103
precision/mcity_bf16,58,1545236059.882276,1,-0.053797,-0.053797,-0.053797,0.000000,0.000000,4,12,1133
precision/mcity_bf16,59,1545236060.922315,1,-0.013137,-0.013137,-0.013137,0.000000,0.000000,4,12,1143
precision/mcity_bf16,60,1545236061.902342,1,-0.031966,-0.031966,-0.031966,0.000000,0.000000,4,12,1153
precision/mcity_bf16,61,1545236063.922281,1,-0.010434,-0.010434,-0.010434,0.000000,0.000000,4,12,1173
precision/mcity_bf16,62,1545236064.902238,1,-0.029262,-0.029262,-0.029262,0.000000,0.000000,4,12,1183
precision/mcity_bf16,63,1545236065.902293,1,-0.028375,-0.028375,-0.028375,0.000000,0.000000,4,12,1193
precision/mcity_bf16,64,1545236066.922266,1,-0.007666,-0.007666,-0.007666,0.000000,0.000000,4,12,1203
precision/mcity_bf16,65,1545236068.882209,1,-0.045616,-0.045616,-0.045616,0.000000,0.000000,4,12,1223
precision/mcity_bf16,66,1545236069.922260,1,-0.005002,-0.005002,-0.005002,0.000000,0.000000,4,12,1233
precision/mcity_bf16,67,1545236070.902199,1,-0.023778,-0.023778,-0.023778,0.000000,0.000000,4,12,1243
precision/mcity_bf16,68,1545236071.882316,1,-0.042835,-0.042835,-0.042835,0.000000,0.000000,4,12,1253
precision/mcity_bf16,69,1545236072.902180,1,-0.022300,-0.022300,-0.022300,0.000000,0.000000,4,12,1263
precision/mcity_bf16,70,1545236074.922160,1,-0.000217,-0.000217,-0.000217,0.000000,0.000000,4,12,1283
precision/mcity_bf16,71,1545236076.882249,1,-0.038360,-0.038360,-0.038360,0.000000,0.000000,4,12,1303
precision/mcity_bf16,72,1545236077.922225,1,0.002665,0.002665,0.002665,0.000000,0.000000,4,12,1313
precision/mcity_bf16,73,1545236078.902167,1,-0.016749,-0.016749,-0.016749,0.000000,0.000000,4,12,1323
precision/mcity_bf16,74,1545236079.882269,1,-0.035437,-0.035437,-0.035437,0.000000,0.000000,4,12,1333
precision/mcity_bf16,75,1545236080.922125,1,0.005196,0.005196,0.005196,0.000000,0.000000,4,12,1343
precision/mcity_bf16,76,1545236083.902162,1,-0.011906,-0.011906,-0.011906,0.000000,0.000000,4,12,1373
precision/mcity_bf16,77,1545236085.922084,1,0.009781,0.009781,0.009781,0.000000,0.000000,4,12,1393
precision/mcity_bf16,78,1545236086.902141,1,-0.009177,-0.009177,-0.009177,0.000000,0.000000,4,12,1403
precision/mcity_bf16,79,1545236087.922098,1,0.011386,0.011386,0.011386,0.000000,0.000000,4,12,1413
precision/mcity_bf16,80,1545236088.902062,1,-0.007438,-0.007438,-0.007438,0.000000,0.000000,4,12,1423
precision/mcity_bf16,81,1545236089.882042,1,-0.026514,-0.026514,-0.026514,0.000000,0.000000,4,12,1433
precision/mcity_bf16,82,1545236090.902130,1,-0.005810,-0.005810,-0.005810,0.000000,0.000000,4,12,1443
precision/mcity_bf16,83,1545236091.902031,1,-0.004755,-0.004755,-0.004755,0.000000,0.000000,4,12,1453
precision/mcity_bf16,84,1545236092.882114,1,-0.023642,-0.023642,-0.023642,0.000000,0.000000,4,12,1463
precision/mcity_bf16,85,1545236093.902008,1,-0.003161,-0.003161,-0.003161,0.000000,0.000000,4,12,1473
precision/mcity_bf16,86,1545236094.902024,1,-0.001992,-0.001992,-0.001992,0.000000,0.000000,4,12,1483
precision/mcity_bf16,87,1545236096.902021,1,-0.100040,-0.100040,-0.100040,0.000000,0.000000,4,12,1504
precision/mcity_bf16,88,1545236097.921987,1,-0.079376,-0.079376,-0.079376,0.000000,0.000000,4,12,1514
precision/mcity_bf16,89,1545236098.902065,1,-0.098471,-0.098471,-0.098471,0.000000,0.000000,4,12,1524
precision/mcity_bf16,90,1545236099.881977,1,-0.117346,-0.117346,-0.117346,0.000000,0.000000,4,12,1534
precision/mcity_bf16,91,1545236100.921971,1,-0.076676,-0.076676,-0.076676,0.000000,0.000000,4,12,1544
precision/mcity_bf16,92,1545236101.921944,1,-0.075874,-0.075874,-0.075874,0.000000,0.000000,4,12,1554
precision/mcity_bf16,93,1545236102.922086,1,-0.074461,-0.074461,-0.074461,0.000000,0.000000,4,12,1564
precision/mcity_bf16,94,1545236103.901969,1,-0.093932,-0.093932,-0.093932,0.000000,0.000000,4,12,1574
precision/mcity_bf16,95,1545236105.921948,1,-0.071857,-0.071857,-0.071857,0.000000,0.000000,4,12,1594
precision/mcity_bf16,96,1545236106.901981,1,-0.091249,-0.091249,-0.091249,0.000000,0.000000,4,12,1604
precision/mcity_bf16,97,1545236107.881902,1,-0.110329,-0.110329,-0.110329,0.000000,0.000000,4,12,1614
precision/mcity_bf16,98,1545236109.901900,1,-0.088750,-0.088750,-0.088750,0.000000,0.000000,4,12,1634
precision/mcity_bf16,99,1545236110.881882,1,-0.107764,-0.107764,-0.107764,0.000000,0.000000,4,12,1644
precision/mcity_bf16,100,1545236111.921944,1,-0.066261,-0.066261,-0.066261,0.000000,0.000000,4,12,1654
precision/mcity_bf16,101,1545236113.881852,1,-0.104890,-0.104890,-0.104890,0.000000,0.000000,4,12,1674
precision/mcity_bf16,102,1545236114.901885,1,-0.083593,-0.083593,-0.083593,0.000000,0.000000,4,12,1684
precision/mcity_bf16,103,1545236115.921826,1,-0.063146,-0.063146,-0.063146,0.000000,0.000000,4,12,1694
precision/mcity_bf16,104,1545236116.881876,1,-0.102063,-0.102063,-0.102063,0.000000,0.000000,4,12,1704
precision/mcity_bf16,105,1545236119.921811,1,-0.059394,-0.059394,-0.059394,0.000000,0.000000,4,12,1734
precision/mcity_bf16,106,1545236122.921825,1,-0.056638,-0.056638,-0.056638,0.000000,0.000000,4,12,1764
precision/mcity_bf16,107,1545236124.921873,1,-0.054743,-0.054743,-0.054743,0.000000,0.000000,4,12,1784
precision/mcity_bf16,108,1545236125.901829,1,-0.073937,-0.073937,-0.073937,0.000000,0.000000,4,12,1794
precision/mcity_bf16,109,1545236126.881773,1,-0.092713,-0.092713,-0.092713,0.000000,0.000000,4,12,1804
precision/mcity_bf16,110,1545236127.921757,1,-0.052109,-0.052109,-0.052109,0.000000,0.000000,4,12,1814
precision/mcity_bf16,111,1545236128.901808,1,-0.071171,-0.071171,-0.071171,0.000000,0.000000,4,12,1824
precision/mcity_bf16,112,1545236129.881743,1,-0.090041,-0.090041,-0.090041,0.000000,0.000000,4,12,1834
precision/mcity_bf16,113,1545236130.921737,1,-0.049352,-0.049352,-0.049352,0.000000,0.000000,4,12,1844
precision/mcity_bf16,114,1545236131.901794,1,-0.068409,-0.068409,-0.068409,0.000000,0.000000,4,12,1854
precision/mcity_bf16,115,1545236132.901794,1,-0.067222,-0.067222,-0.067222,0.000000,0.000000,4,12,1864
precision/mcity_bf16,116,1545236133.921697,1,-0.046700,-0.046700,-0.046700,0.000000,0.000000,4,12,1874
precision/mcity_bf16,117,1545236134.901762,1,-0.065586,-0.065586,-0.065586,0.000000,0.000000,4,12,1884
precision/mcity_bf16,118,1545236135.901700,1,-0.064533,-0.064533,-0.064533,0.000000,0.000000,4,12,1894
precision/mcity_bf16,119,1545236137.901736,1,-0.062948,-0.062948,-0.062948,0.000000,0.000000,4,12,1914
precision/mcity_bf16,120,1545236140.901797,1,-0.060142,-0.060142,-0.060142,0.000000,0.000000,4,12,1944
precision/mcity_bf16,121,1545236141.881711,1,-0.078927,-0.078927,-0.078927,0.000000,0.000000,4,12,1954
precision/mcity_bf16,122,1545236144.901636,1,-0.056402,-0.056402,-0.056402,0.000000,0.000000,4,12,1984
precision/mcity_bf16,123,1545236145.921607,1,-0.035655,-0.035655,-0.035655,0.000000,0.000000,4,12,1994
precision/mcity_bf16,124,1545236147.881592,1,-0.073713,-0.073713,-0.073713,0.000000,0.000000,4,12,2014
precision/mcity_bf16,125,1545236149.901712,1,-0.051905,-0.051905,-0.051905,0.000000,0.000000,4,12,2034
precision/mcity_bf16,126,1545236152.881558,1,-0.069370,-0.069370,-0.069370,0.000000,0.000000,4,12,2064
precision/mcity_bf16,127,1545236153.921569,1,-0.028018,-0.028018,-0.028018,0.000000,0.000000,4,12,2074
precision/mcity_bf16,128,1545236154.901681,1,-0.047409,-0.047409,-0.047409,0.000000,0.000000,4,12,2084
precision/mcity_bf16,129,1545236156.901679,1,-0.045185,-0.045185,-0.045185,0.000000,0.000000,4,12,2104
precision/mcity_bf16,130,1545236157.901681,1,-0.044623,-0.044623,-0.044623,0.000000,0.000000,4,12,2114
precision/mcity_bf16,131,1545236158.921581,1,-0.023814,-0.023814,-0.023814,0.000000,0.000000,4,12,2124
precision/mcity_bf16,132,1545236159.901609,1,-0.042629,-0.042629,-0.042629,0.000000,0.000000,4,12,2134
precision/mcity_bf16,133,1545236160.881557,1,-0.061951,-0.061951,-0.061951,0.000000,0.000000,4,12,2144
precision/mcity_bf16,134,1545236161.901580,1,-0.041090,-0.041090,-0.041090,0.000000,0.000000,4,12,2154
precision/mcity_bf16,135,1545236162.921539,1,-0.019947,-0.019947,-0.019947,0.000000,0.000000,4,12,2164
precision/mcity_bf16,136,1545236163.881526,1,-0.059225,-0.059225,-0.059225,0.000000,0.000000,4,12,2174
precision/mcity_bf16,137,1545236166.881532,1,-0.056541,-0.056541,-0.056541,0.000000,0.000000,4,12,2204
precision/mcity_bf16,138,1545236167.901515,1,-0.035574,-0.035574,-0.035574,0.000000,0.000000,4,12,2214
precision/mcity_bf16,139,1545236168.901428,1,-0.037284,-0.037284,-0.037284,0.000000,0.000000,4,12,2224
precision/mcity_bf16,140,1545236169.921423,1,-0.013999,-0.013999,-0.013999,0.000000,0.000000,4,12,2234
precision/mcity_bf16,141,1545236170.901482,1,-0.032864,-0.032864,-0.032864,0.000000,0.000000,4,12,2244
precision/mcity_bf16,142,1545236171.921480,1,-0.011849,-0.011849,-0.011849,0.000000,0.000000,4,12,2254
precision/mcity_bf16,143,1545236172.921389,1,-0.011112,-0.011112,-0.011112,0.000000,0.000000,4,12,2264
precision/mcity_bf16,144,1545236173.901414,1,-0.030252,-0.030252,-0.030252,0.000000,0.000000,4,12,2274
precision/mcity_bf16,145,1545236175.921376,1,-0.008386,-0.008386,-0.008386,0.000000,0.000000,4,12,2294
precision/mcity_bf16,146,1545236178.921368,1,-0.005654,-0.005654,-0.005654,0.000000,0.000000,4,12,2324
precision/mcity_bf16,147,1545236181.901324,1,-0.023011,-0.023011,-0.023011,0.000000,0.000000,4,12,2354
precision/mcity_bf16,148,1545236183.921347,1,-0.000718,-0.000718,-0.000718,0.000000,0.000000,4,12,2374
precision/mcity_bf16,149,1545236184.901301,1,-0.020162,-0.020162,-0.020162,0.000000,0.000000,4,12,2384
precision/mcity_bf16,150,1545236185.881303,1,-0.039280,-0.039280,-0.039280,0.000000,0.000000,4,12,2394
precision/mcity_bf16,151,1545236186.921347,1,0.002078,0.002078,0.002078,0.000000,0.000000,4,12,2404
precision/mcity_bf16,152,1545236187.921297,1,0.002633,0.002633,0.002633,0.000000,0.000000,4,12,2414
precision/mcity_bf16,153,1545236189.921305,1,0.004703,0.004703,0.004703,0.000000,0.000000,4,12,2434
precision/mcity_bf16,154,1545236190.901274,1,-0.014706,-0.014706,-0.014706,0.000000,0.000000,4,12,2444
precision/mcity_bf16,155,1545236191.881341,1,-0.033803,-0.033803,-0.033803,0.000000,0.000000,4,12,2454
precision/mcity_bf16,156,1545236192.921302,1,0.007443,0.007443,0.007443,0.000000,0.000000,4,12,2464
precision/mcity_bf16,157,1545236193.901239,1,-0.011962,-0.011962,-0.011962,0.000000,0.000000,4,12,2474
precision/mcity_bf16,158,1545236194.881221,1,-0.031074,-0.031074,-0.031074,0.000000,0.000000,4,12,2484
precision/mcity_bf16,159,1545236195.901215,1,-0.009918,-0.009918,-0.009918,0.000000,0.000000,4,12,2494
precision/mcity_bf16,160,1545236196.881266,1,-0.029196,-0.029196,-0.029196,0.000000,0.000000,4,12,2504
precision/mcity_bf16,161,1545236197.921189,1,0.011645,0.011645,0.011645,0.000000,0.000000,4,12,2514
precision/mcity_bf16,162,1545236198.901188,1,-0.007130,-0.007130,-0.007130,0.000000,0.000000,4,12,2524
precision/mcity_bf16,163,1545236199.921199,1,0.013459,0.013459,0.013459,0.000000,0.000000,4,12,2534
precision/mcity_bf16,164,1545236200.901238,1,-0.005537,-0.005537,-0.005537,0.000000,0.000000,4,12,2544
precision/mcity_bf16,165,1545236201.901193,1,-0.004305,-0.004305,-0.004305,0.000000,0.000000,4,12,2554
precision/mcity_bf16,166,1545236202.921177,1,0.016549,0.016549,0.016549,0.000000,0.000000,4,12,2564
precision/mcity_bf16,167,1545236203.901169,1,-0.002930,-0.002930,-0.002930,0.000000,0.000000,4,12,2574
precision/mcity_bf16,168,1545236204.881136,1,-0.121910,-0.121910,-0.121910,0.000000,0.000000,4,12,2585
precision/mcity_bf16,169,1545236205.921130,1,0.019257,0.019257,0.019257,0.000000,0.000000,4,12,2594
precision/mcity_bf16,170,1545236206.901187,1,-0.099989,-0.099989,-0.099989,0.000000,0.000000,4,12,2605
precision/mcity_bf16,171,1545236207.901150,1,-0.099295,-0.099295,-0.099295,0.000000,0.000000,4,12,2615
precision/mcity_bf16,172,1545236208.701174,1,-0.198169,-0.198169,-0.198169,0.000000,0.000000,4,12,2624
precision/mcity_bf16,173,1545236208.701174,1,-1.197754,-1.197754,-1.197754,0.000000,0.000000,4,12,2634
precision/mcity_bf16,174,1545236208.701174,1,-2.296387,-2.296387,-2.296387,0.000000,0.000000,4,12,2645
precision/mcity_fp16,0,1545235952.923106,1,-0.011394,-0.011394,-0.011394,0.000000,0.000000,4,12,62
precision/mcity_fp16,1,1545235955.883144,1,-0.048586,-0.048586,-0.048586,0.000000,0.000000,4,12,92
precision/mcity_fp16,2,1545235958.883050,1,-0.045926,-0.045926,-0.045926,0.000000,0.000000,4,12,122
precision/mcity_fp16,3,1545235962.923022,1,-0.002580,-0.002580,-0.002580,0.000000,0.000000,4,12,162
precision/mcity_fp16,4,1545235965.923000,1,0.000087,0.000087,0.000087,0.000000,0.000000,4,12,192
precision/mcity_fp16,5,1545235967.902999,1,-0.017765,-0.017765,-0.017765,0.000000,0.000000,4,12,212
precision/mcity_fp16,6,1545235970.882940,1,-0.035047,-0.035047,-0.035047,0.000000,0.000000,4,12,242
precision/mcity_fp16,7,1545235973.922910,1,0.007752,0.007752,0.007752,0.000000,0.000000,4,12,272
precision/mcity_fp16,8,1545235976.922934,1,0.010491,0.010491,0.010491,0.000000,0.000000,4,12,302
precision/mcity_fp16,9,1545235979.922915,1,0.013181,0.013181,0.013181,0.000000,0.000000,4,12,332
precision/mcity_fp16,10,1545235982.922967,1,0.016029,0.016029,0.016029,0.000000,0.000000,4,12,362
precision/mcity_fp16,11,1545235985.902844,1,-0.001328,-0.001328,-0.001328,0.000000,0.000000,4,12,392
precision/mcity_fp16,12,1545235988.902899,1,0.001521,0.001521,0.001521,0.000000,0.000000,4,12,422
precision/mcity_fp16,13,1545235992.882976,1,-0.114661,-0.114661,-0.114661,0.000000,0.000000,4,12,463
precision/mcity_fp16,14,1545235995.922783,1,-0.072162,-0.072162,-0.072162,0.000000,0.000000,4,12,493
precision/mcity_fp16,15,1545235998.902751,1,-0.089555,-0.089555,-0.089555,0.000000,0.000000,4,12,523
precision/mcity_fp16,16,1545236001.922702,1,-0.066733,-0.066733,-0.066733,0.000000,0.000000,4,12,553
precision/mcity_fp16,17,1545236007.882821,1,-0.101068,-0.101068,-0.101068,0.000000,0.000000,4,12,613
precision/mcity_fp16,18,1545236009.902685,1,-0.079713,-0.079713,-0.079713,0.000000,0.000000,4,12,633
precision/mcity_fp16,19,1545236012.902693,1,-0.077016,-0.077016,-0.077016,0.000000,0.000000,4,12,663
precision/mcity_fp16,20,1545236015.922744,1,-0.054128,-0.054128,-0.054128,0.000000,0.000000,4,12,693
precision/mcity_fp16,21,1545236017.922680,1,-0.052067,-0.052067,-0.052067,0.000000,0.000000,4,12,713
precision/mcity_fp16,22,1545236021.902569,1,-0.068765,-0.068765,-0.068765,0.000000,0.000000,4,12,753
precision/mcity_fp16,23,1545236024.902571,1,-0.066047,-0.066047,-0.066047,0.000000,0.000000,4,12,783
precision/mcity_fp16,24,1545236028.922605,1,-0.041996,-0.041996,-0.041996,0.000000,0.000000,4,12,823
precision/mcity_fp16,25,1545236031.922488,1,-0.039313,-0.039313,-0.039313,0.000000,0.000000,4,12,853
precision/mcity_fp16,26,1545236040.902438,1,-0.051177,-0.051177,-0.051177,0.000000,0.000000,4,12,943
precision/mcity_fp16,27,1545236043.902399,1,-0.048471,-0.048471,-0.048471,0.000000,0.000000,4,12,973
precision/mcity_fp16,28,1545236052.922340,1,-0.020197,-0.020197,-0.020197,0.000000,0.000000,4,12,1063
precision/mcity_fp16,29,1545236056.902365,1,-0.036485,-0.036485,-0.036485,0.000000,0.000000,4,12,1103
precision/mcity_fp16,30,1545236059.882276,1,-0.053797,-0.053797,-0.053797,0.000000,0.000000,4,12,1133
precision/mcity_fp16,31,1545236065.902293,1,-0.028375,-0.028375,-0.028375,0.000000,0.000000,4,12,1193
precision/mcity_fp16,32,1545236068.882209,1,-0.045616,-0.045616,-0.045616,0.000000,0.000000,4,12,1223
precision/mcity_fp16,33,1545236071.882316,1,-0.042835,-0.042835,-0.042835,0.000000,0.000000,4,12,1253
precision/mcity_fp16,34,1545236073.882236,1,-0.041017,-0.041017,-0.041017,0.000000,0.000000,4,12,1273
precision/mcity_fp16,35,1545236077.922225,1,0.002665,0.002665,0.002665,0.000000,0.000000,4,12,1313
precision/mcity_fp16,36,1545236080.922125,1,0.005196,0.005196,0.005196,0.000000,0.000000,4,12,1343
precision/mcity_fp16,37,1545236083.902162,1,-0.011906,-0.011906,-0.011906,0.000000,0.000000,4,12,1373
precision/mcity_fp16,38,1545236085.922084,1,0.009781,0.009781,0.009781,0.000000,0.000000,4,12,1393
precision/mcity_fp16,39,1545236088.902062,1,-0.007438,-0.007438,-0.007438,0.000000,0.000000,4,12,1423
precision/mcity_fp16,40,1545236091.902031,1,-0.004755,-0.004755,-0.004755,0.000000,0.000000,4,12,1453
precision/mcity_fp16,41,1545236097.921987,1,-0.079376,-0.079376,-0.079376,0.000000,0.000000,4,12,1514
precision/mcity_fp16,42,1545236101.921944,1,-0.075874,-0.075874,-0.075874,0.000000,0.000000,4,12,1554
precision/mcity_fp16,43,1545236104.921991,1,-0.073056,-0.073056,-0.073056,0.000000,0.000000,4,12,1584
precision/mcity_fp16,44,1545236107.881902,1,-0.110329,-0.110329,-0.110329,0.000000,0.000000,4,12,1614
precision/mcity_fp16,45,1545236110.881882,1,-0.107764,-0.107764,-0.107764,0.000000,0.000000,4,12,1644
precision/mcity_fp16,46,1545236113.881852,1,-0.104890,-0.104890,-0.104890,0.000000,0.000000,4,12,1674
precision/mcity_fp16,47,1545236118.881874,1,-0.100213,-0.100213,-0.100213,0.000000,0.000000,4,12,1724
precision/mcity_fp16,48,1545236121.901804,1,-0.077632,-0.077632,-0.077632,0.000000,0.000000,4,12,1754
precision/mcity_fp16,49,1545236124.921873,1,-0.054743,-0.054743,-0.054743,0.000000,0.000000,4,12,1784
precision/mcity_fp16,50,1545236127.921757,1,-0.052109,-0.052109,-0.052109,0.000000,0.000000,4,12,1814
precision/mcity_fp16,51,1545236131.901794,1,-0.068409,-0.068409,-0.068409,0.000000,0.000000,4,12,1854
precision/mcity_fp16,52,1545236134.901762,1,-0.065586,-0.065586,-0.065586,0.000000,0.000000,4,12,1884
precision/mcity_fp16,53,1545236137.901736,1,-0.062948,-0.062948,-0.062948,0.000000,0.000000,4,12,1914
precision/mcity_fp16,54,1545236142.921634,1,-0.038453,-0.038453,-0.038453,0.000000,0.000000,4,12,1964
precision/mcity_fp16,55,1545236145.921607,1,-0.035655,-0.035655,-0.035655,0.000000,0.000000,4,12,1994
precision/mcity_fp16,56,1545236148.921597,1,-0.032915,-0.032915,-0.032915,0.000000,0.000000,4,12,2024
precision/mcity_fp16,57,1545236151.901667,1,-0.050212,-0.050212,-0.050212,0.000000,0.000000,4,12,2054
precision/mcity_fp16,58,1545236153.921569,1,-0.028018,-0.028018,-0.028018,0.000000,0.000000,4,12,2074
precision/mcity_fp16,59,1545236156.901679,1,-0.045185,-0.045185,-0.045185,0.000000,0.000000,4,12,2104
precision/mcity_fp16,60,1545236159.901609,1,-0.042629,-0.042629,-0.042629,0.000000,0.000000,4,12,2134
precision/mcity_fp16,61,1545236163.881526,1,-0.059225,-0.059225,-0.059225,0.000000,0.000000,4,12,2174
precision/mcity_fp16,62,1545236168.901428,1,-0.037284,-0.037284,-0.037284,0.000000,0.000000,4,12,2224
precision/mcity_fp16,63,1545236170.901482,1,-0.032864,-0.032864,-0.032864,0.000000,0.000000,4,12,2244
precision/mcity_fp16,64,1545236172.921389,1,-0.011112,-0.011112,-0.011112,0.000000,0.000000,4,12,2264
precision/mcity_fp16,65,1545236175.921376,1,-0.008386,-0.008386,-0.008386,0.000000,0.000000,4,12,2294
precision/mcity_fp16,66,1545236178.921368,1,-0.005654,-0.005654,-0.005654,0.000000,0.000000,4,12,2324
precision/mcity_fp16,67,1545236182.921308,1,-0.001999,-0.001999,-0.001999,0.000000,0.000000,4,12,2364
precision/mcity_fp16,68,1545236185.881303,1,-0.039280,-0.039280,-0.039280,0.000000,0.000000,4,12,2394
precision/mcity_fp16,69,1545236188.881263,1,-0.036614,-0.036614,-0.036614,0.000000,0.000000,4,12,2424
precision/mcity_fp16,70,1545236191.881341,1,-0.033803,-0.033803,-0.033803,0.000000,0.000000,4,12,2454
precision/mcity_fp16,71,1545236194.881221,1,-0.031074,-0.031074,-0.031074,0.000000,0.000000,4,12,2484
precision/mcity_fp16,72,1545236197.921189,1,0.011645,0.011645,0.011645,0.000000,0.000000,4,12,2514
precision/mcity_fp16,73,1545236200.901238,1,-0.005537,-0.005537,-0.005537,0.000000,0.000000,4,12,2544
precision/mcity_fp16,74,1545236203.901169,1,-0.002930,-0.002930,-0.002930,0.000000,0.000000,4,12,2574
precision/mcity_fp16,75,1545236206.901187,1,-0.099989,-0.099989,-0.099989,0.000000,0.000000,4,12,2605
precision/mcity_fp16,76,1545236208.701174,1,-1.197754,-1.197754,-1.197754,0.000000,0.000000,4,12,2634
precision/waymo_bf16,0,1552440196.862068,4,0.000000,0.000000,0.000000,0.000000,0.000000,4,12,16
precision/waymo_bf16,1,1552440197.361693,4,0.000000,0.000000,0.000000,0.000000,0.000000,4,12,21
precision/waymo_bf16,2,1552440197.761529,4,0.000000,0.000000,0.000000,0.000000,0.000000,4,12,25
precision/waymo_bf16,3,1552440198.161543,4,0.000000,0.000000,0.000000,0.000000,0.000000,4,12,29
precision/waymo_bf16,4,1552440198.561742,4,0.000000,0.000000,0.000000,0.000000,0.000000,4,12,33
precision/waymo_bf16,5,1552440198.962023,4,0.000000,0.000000,0.000000,0.000000,0.000000,4,12,37
precision/waymo_bf16,6,1552440199.362275,4,0.000000,0.000000,0.000000,0.000000,0.000000,4,12,41
precision/waymo_bf16,7,1552440199.762434,4,0.000000,0.000000,0.000000,0.000000,0.000000,4,12,45
precision/waymo_bf16,8,1552440200.162477,4,0.000000,0.000000,0.000000,0.000000,0.000000,4,12,49
precision/waymo_bf16,9,1552440200.562515,4,0.000000,0.000000,0.000000,0.000000,0.000000,4,12,53
precision/waymo_bf16,10,1552440201.062589,4,0.000000,0.000000,0.000000,0.000000,0.000000,4,12,58
precision/waymo_bf16,11,1552440201.462555,4,0.000000,0.000000,0.000000,0.000000,0.000000,4,12,62
precision/waymo_bf16,12,1552440201.862530,4,0.000000,0.000000,0.000000,0.000000,0.000000,4,12,66
precision/waymo_bf16,13,1552440202.362493,4,0.000000,0.000000,0.000000,0.000000,0.000000,4,12,71
precision/waymo_bf16,14,1552440202.762508,4,0.000000,0.000000,0.000000,0.000000,0.000000,4,12,75
precision/waymo_bf16,15,1552440203.162558,4,0.000000,0.000000,0.000000,0.000000,0.000000,4,12,79
precision/waymo_bf16,16,1552440203.562534,4,0.000000,0.000000,0.000000,0.000000,0.000000,4,12,83
precision/waymo_bf16,17,1552440203.962552,4,0.000000,0.000000,0.000000,0.000000,0.000000,4,12,87
precision/waymo_bf16,18,1552440204.362522,4,0.000000,0.000000,0.000000,0.000000,0.000000,4,12,91
precision/waymo_bf16,19,1552440204.762531,4,0.000000,0.000000,0.000000,0.000000,0.000000,4,12,95
precision/waymo_bf16,20,1552440205.162607,4,0.000000,0.000000,0.000000,0.000000,0.000000,4,12,99
precision/waymo_bf16,21,1552440205.562555,4,0.000000,0.000000,0.000000,0.000000,0.000000,4,12,103
precision/waymo_bf16,22,1552440205.962419,4,0.000000,0.000000,0.000000,0.000000,0.000000,4,12,107
precision/waymo_bf16,23,1552440206.362294,4,0.000000,0.000000,0.000000,0.000000,0.000000,4,12,111
precision/waymo_bf16,24,1552440206.762344,4,0.000000,0.000000,0.000000,0.000000,0.000000,4,12,115
precision/waymo_bf16,25,1552440207.162441,4,0.000000,0.000000,0.000000,0.000000,0.000000,4,12,119
precision/waymo_bf16,26,1552440207.562568,4,0.000000,0.000000,0.000000,0.000000,0.000000,4,12,123
precision/waymo_bf16,27,1552440207.962624,4,0.000000,0.000000,0.000000,0.000000,0.000000,4,12,127
precision/waymo_bf16,28,1552440208.362613,4,0.000000,0.000000,0.000000,0.000000,0.000000,4,12,131
precision/waymo_bf16,29,1552440208.762593,4,0.000000,0.000000,0.000000,0.000000,0.000000,4,12,135
precision/waymo_bf16,30,1552440209.162560,4,0.000000,0.000000,0.000000,0.000000,0.000000,4,12,139
precision/waymo_bf16,31,1552440209.562575,4,0.000000,0.000000,0.000000,0.000000,0.000000,4,12,143
precision/waymo_bf16,32,1552440209.962528,4,0.000000,0.000000,0.000000,0.000000,0.000000,4,12,147
precision/waymo_bf16,33,1552440210.362521,4,0.000000,0.000000,0.000000,0.000000,0.000000,4,12,151
precision/waymo_bf16,34,1552440210.762518,4,0.000000,0.000000,0.000000,0.000000,0.000000,4,12,155
precision/waymo_bf16,35,1552440211.162579,4,0.000000,0.000000,0.000000,0.000000,0.000000,4,12,159
precision/waymo_bf16,36,1552440211.562545,4,0.000000,0.000000,0.000000,0.000000,0.000000,4,12,163
precision/waymo_bf16,37,1552440211.962557,4,0.000000,0.000000,0.000000,0.000000,0.000000,4,12,167
precision/waymo_bf16,38,1552440212.362571,4,0.000000,0.000000,0.000000,0.000000,0.000000,4,12,171
precision/waymo_bf16,39,1552440212.762544,4,0.000000,0.000000,0.000000,0.000000,0.000000,4,12,175
precision/waymo_bf16,40,1552440213.162514,4,0.000000,0.000000,0.000000,0.000000,0.000000,4,12,179
precision/waymo_bf16,41,1552440213.562524,4,0.000000,0.000000,0.000000,0.000000,0.000000,4,12,183
precision/waymo_bf16,42,1552440213.862516,4,0.000000,0.000000,0.000000,0.000000,0.000000,4,12,186
precision/waymo_bf16,43,1552440214.262547,4,0.000000,0.000000,0.000000,0.000000,0.000000,4,12,190
precision/waymo_bf16,44,1552440214.562543,4,0.000000,0.000000,0.000000,0.000000,0.000000,4,12,193
precision/waymo_bf16,45,1552440214.862533,4,0.000000,0.000000,0.000000,0.000000,0.000000,4,12,196
precision/waymo_fp16,0,1552440196.862068,4,0.000000,0.000000,0.000000,0.000000,0.000000,4,12,16
precision/waymo_fp16,1,1552440197.561553,4,0.000000,0.000000,0.000000,0.000000,0.000000,4,12,23
precision/waymo_fp16,2,1552440198.361627,4,0.000000,0.000000,0.000000,0.000000,0.000000,4,12,31
precision/waymo_fp16,3,1552440199.162145,4,0.000000,0.000000,0.000000,0.000000,0.000000,4,12,39
precision/waymo_fp16,4,1552440201.662519,4,0.000000,0.000000,0.000000,0.000000,0.000000,4,12,64
precision/waymo_fp16,5,1552440202.362493,4,0.000000,0.000000,0.000000,0.000000,0.000000,4,12,71
precision/waymo_fp16,6,1552440203.162558,4,0.000000,0.000000,0.000000,0.000000,0.000000,4,12,79
precision/waymo_fp16,7,1552440203.862528,4,0.000000,0.000000,0.000000,0.000000,0.000000,4,12,86
precision/waymo_fp16,8,1552440204.462506,4,0.000000,0.000000,0.000000,0.000000,0.000000,4,12,92
precision/waymo_fp16,9,1552440205.062588,4,0.000000,0.000000,0.000000,0.000000,0.000000,4,12,98
precision/waymo_fp16,10,1552440205.862467,4,0.000000,0.000000,0.000000,0.000000,0.000000,4,12,106
precision/waymo_fp16,11,1552440206.662319,4,0.000000,0.000000,0.000000,0.000000,0.000000,4,12,114
precision/waymo_fp16,12,1552440207.262465,4,0.000000,0.000000,0.000000,0.000000,0.000000,4,12,120
precision/waymo_fp16,13,1552440207.762621,4,0.000000,0.000000,0.000000,0.000000,0.000000,4,12,125
precision/waymo_fp16,14,1552440208.362613,4,0.000000,0.000000,0.000000,0.000000,0.000000,4,12,131
precision/waymo_fp16,15,1552440209.662565,4,0.000000,0.000000,0.000000,0.000000,0.000000,4,12,144
precision/waymo_fp16,16,1552440210.162511,4,0.000000,0.000000,0.000000,0.000000,0.000000,4,12,149
precision/waymo_fp16,17,1552440210.662502,4,0.000000,0.000000,0.000000,0.000000,0.000000,4,12,154
precision/waymo_fp16,18,1552440211.162579,4,0.000000,0.000000,0.000000,0.000000,0.000000,4,12,159
precision/waymo_fp16,19,1552440211.662525,4,0.000000,0.000000,0.000000,0.000000,0.000000,4,12,164
precision/waymo_fp16,20,1552440212.162565,4,0.000000,0.000000,0.000000,0.000000,0.000000,4,12,169
precision/waymo_fp16,21,1552440212.762544,4,0.000000,0.000000,0.000000,0.000000,0.000000,4,12,175
precision/waymo_fp16,22,1552440213.462541,4,0.000000,0.000000,0.000000,0.000000,0.000000,4,12,182
precision/waymo_fp16,23,1552440213.962499,4,0.000000,0.000000,0.000000,0.000000,0.000000,4,12,187
precision/waymo_fp16,24,1552440214.562543,4,0.000000,0.000000,0.000000,0.000000,0.000000,4,12,193
precision/waymo_fp16,25,1552440215.062536,4,0.000000,0.000000,0.000000,0.000000,0.000000,4,12,198
precision_default/mcity_bf16,0,1545235952.923106,1,-0.011394,-0.011394,-0.011394,0.000000,0.000000,4,12,62
precision_default/mcity_bf16,1,1545235954.923095,1,-0.009954,-0.009954,-0.009954,0.000000,0.000000,4,12,82
precision_default/mcity_bf16,2,1545235956.923071,1,-0.008010,-0.008010,-0.008010,0.000000,0.000000,4,12,102
precision_default/mcity_bf16,3,1545235959.923032,1,-0.005333,-0.005333,-0.005333,0.000000,0.000000,4,12,132
precision_default/mcity_bf16,4,1545235962.923022,1,-0.002580,-0.002580,-0.002580,0.000000,0.000000,4,12,162
precision_default/mcity_bf16,5,1545235964.882997,1,-0.040493,-0.040493,-0.040493,0.000000,0.000000,4,12,182
precision_default/mcity_bf16,6,1545235966.923059,1,0.000976,0.000976,0.000976,0.000000,0.000000,4,12,202
precision_default/mcity_bf16,7,1545235967.902999,1,-0.017765,-0.017765,-0.017765,0.000000,0.000000,4,12,212
precision_default/mcity_bf16,8,1545235969.903026,1,-0.016236,-0.016236,-0.016236,0.000000,0.000000,4,12,232
precision_default/mcity_bf16,9,1545235971.922974,1,0.005551,0.005551,0.005551,0.000000,0.000000,4,12,252
precision_default/mcity_bf16,10,1545235975.883008,1,-0.030745,-0.030745,-0.030745,0.000000,0.000000,4,12,292
precision_default/mcity_bf16,11,1545235978.882946,1,-0.028056,-0.028056,-0.028056,0.000000,0.000000,4,12,322
precision_default/mcity_bf16,12,1545235980.902993,1,-0.006088,-0.006088,-0.006088,0.000000,0.000000,4,12,342
precision_default/mcity_bf16,13,1545235984.882971,1,-0.022459,-0.022459,-0.022459,0.000000,0.000000,4,12,382
precision_default/mcity_bf16,14,1545235986.882974,1,-0.120170,-0.120170,-0.120170,0.000000,0.000000,4,12,403
precision_default/mcity_bf16,15,1545235988.902899,1,0.001521,0.001521,0.001521,0.000000,0.000000,4,12,422
precision_default/mcity_bf16,16,1545235990.922870,1,0.022934,0.022934,0.022934,0.000000,0.000000,4,12,442
precision_default/mcity_bf16,17,1545235992.882976,1,-0.114661,-0.114661,-0.114661,0.000000,0.000000,4,12,463
precision_default/mcity_bf16,18,1545235994.902849,1,-0.093372,-0.093372,-0.093372,0.000000,0.000000,4,12,483
precision_default/mcity_bf16,19,1545235996.902841,1,-0.091081,-0.091081,-0.091081,0.000000,0.000000,4,12,503
precision_default/mcity_bf16,20,1545235998.902751,1,-0.089555,-0.089555,-0.089555,0.000000,0.000000,4,12,523
precision_default/mcity_bf16,21,1545236000.902746,1,-0.087911,-0.087911,-0.087911,0.000000,0.000000,4,12,543
precision_default/mcity_bf16,22,1545236002.882707,1,-0.105878,-0.105878,-0.105878,0.000000,0.000000,4,12,563
precision_default/mcity_bf16,23,1545236004.882754,1,-0.103844,-0.103844,-0.103844,0.000000,0.000000,4,12,583
precision_default/mcity_bf16,24,1545236006.902815,1,-0.082324,-0.082324,-0.082324,0.000000,0.000000,4,12,603
precision_default/mcity_bf16,25,1545236008.922624,1,-0.060418,-0.060418,-0.060418,0.000000,0.000000,4,12,623
precision_default/mcity_bf16,26,1545236009.902685,1,-0.079713,-0.079713,-0.079713,0.000000,0.000000,4,12,633
precision_default/mcity_bf16,27,1545236011.922659,1,-0.057513,-0.057513,-0.057513,0.000000,0.000000,4,12,653
precision_default/mcity_bf16,28,1545236013.882709,1,-0.096069,-0.096069,-0.096069,0.000000,0.000000,4,12,673
precision_default/mcity_bf16,29,1545236015.922744,1,-0.054128,-0.054128,-0.054128,0.000000,0.000000,4,12,693
precision_default/mcity_bf16,30,1545236017.922680,1,-0.052067,-0.052067,-0.052067,0.000000,0.000000,4,12,713
precision_default/mcity_bf16,31,1545236018.902597,1,-0.071452,-0.071452,-0.071452,0.000000,0.000000,4,12,723
precision_default/mcity_bf16,32,1545236019.882693,1,-0.090127,-0.090127,-0.090127,0.000000,0.000000,4,12,733
precision_default/mcity_bf16,33,1545236020.882621,1,-0.089358,-0.089358,-0.089358,0.000000,0.000000,4,12,743
precision_default/mcity_bf16,34,1545236021.902569,1,-0.068765,-0.068765,-0.068765,0.000000,0.000000,4,12,753
precision_default/mcity_bf16,35,1545236022.882689,1,-0.087447,-0.087447,-0.087447,0.000000,0.000000,4,12,763
precision_default/mcity_bf16,36,1545236023.922633,1,-0.046616,-0.046616,-0.046616,0.000000,0.000000,4,12,773
precision_default/mcity_bf16,37,1545236024.902571,1,-0.066047,-0.066047,-0.066047,0.000000,0.000000,4,12,783
precision_default/mcity_bf16,38,1545236026.902694,1,-0.063705,-0.063705,-0.063705,0.000000,0.000000,4,12,803
precision_default/mcity_bf16,39,1545236028.922605,1,-0.041996,-0.041996,-0.041996,0.000000,0.000000,4,12,823
precision_default/mcity_bf16,40,1545236030.882491,1,-0.080529,-0.080529,-0.080529,0.000000,0.000000,4,12,843
precision_default/mcity_bf16,41,1545236032.902556,1,-0.058507,-0.058507,-0.058507,0.000000,0.000000,4,12,863
precision_default/mcity_bf16,42,1545236033.882473,1,-0.077796,-0.077796,-0.077796,0.000000,0.000000,4,12,873
precision_default/mcity_bf16,43,1545236034.922493,1,-0.036563,-0.036563,-0.036563,0.000000,0.000000,4,12,883
precision_default/mcity_bf16,44,1545236035.902520,1,-0.055644,-0.055644,-0.055644,0.000000,0.000000,4,12,893
precision_default/mcity_bf16,45,1545236036.922458,1,-0.035153,-0.035153,-0.035153,0.000000,0.000000,4,12,903
precision_default/mcity_bf16,46,1545236037.902443,1,-0.053888,-0.053888,-0.053888,0.000000,0.000000,4,12,913
precision_default/mcity_bf16,47,1545236040.902438,1,-0.051177,-0.051177,-0.051177,0.000000,0.000000,4,12,943
precision_default/mcity_bf16,48,1545236041.922422,1,-0.030216,-0.030216,-0.030216,0.000000,0.000000,4,12,953
precision_default/mcity_bf16,49,1545236043.902399,1,-0.048471,-0.048471,-0.048471,0.000000,0.000000,4,12,973
precision_default/mcity_bf16,50,1545236045.902403,1,-0.046979,-0.046979,-0.046979,0.000000,0.000000,4,12,993
precision_default/mcity_bf16,51,1545236047.922363,1,-0.024740,-0.024740,-0.024740,0.000000,0.000000,4,12,1013
precision_default/mcity_bf16,52,1545236049.882417,1,-0.062871,-0.062871,-0.062871,0.000000,0.000000,4,12,1033
precision_default/mcity_bf16,53,1545236051.922370,1,-0.021522,-0.021522,-0.021522,0.000000,0.000000,4,12,1053
precision_default/mcity_bf16,54,1545236053.902387,1,-0.039302,-0.039302,-0.039302,0.000000,0.000000,4,12,1073
precision_default/mcity_bf16,55,1545236055.902403,1,-0.037377,-0.037377,-0.037377,0.000000,0.000000,4,12,1093
precision_default/mcity_bf16,56,1545236057.922314,1,-0.015963,-0.015963,-0.015963,0.000000,0.000000,4,12,1113
precision_default/mcity_bf16,57,1545236059.882276,1,-0.053797,-0.053797,-0.053797,0.000000,0.000000,4,12,1133
precision_default/mcity_bf16,58,1545236062.882249,1,-0.051068,-0.051068,-0.051068,0.000000,0.000000,4,12,1163
precision_default/mcity_bf16,59,1545236065.902293,1,-0.028375,-0.028375,-0.028375,0.000000,0.000000,4,12,1193
precision_default/mcity_bf16,60,1545236066.922266,1,-0.007666,-0.007666,-0.007666,0.000000,0.000000,4,12,1203
precision_default/mcity_bf16,61,1545236068.882209,1,-0.045616,-0.045616,-0.045616,0.000000,0.000000,4,12,1223
precision_default/mcity_bf16,62,1545236070.902199,1,-0.023778,-0.023778,-0.023778,0.000000,0.000000,4,12,1243
precision_default/mcity_bf16,63,1545236073.882236,1,-0.041017,-0.041017,-0.041017,0.000000,0.000000,4,12,1273
precision_default/mcity_bf16,64,1545236074.922160,1,-0.000217,-0.000217,-0.000217,0.000000,0.000000,4,12,1283
precision_default/mcity_bf16,65,1545236075.902159,1,-0.019530,-0.019530,-0.019530,0.000000,0.000000,4,12,1293
precision_default/mcity_bf16,66,1545236077.922225,1,0.002665,0.002665,0.002665,0.000000,0.000000,4,12,1313
precision_default/mcity_bf16,67,1545236078.902167,1,-0.016749,-0.016749,-0.016749,0.000000,0.000000,4,12,1323
precision_default/mcity_bf16,68,1545236081.902133,1,-0.014034,-0.014034,-0.014034,0.000000,0.000000,4,12,1353
precision_default/mcity_bf16,69,1545236083.902162,1,-0.011906,-0.011906,-0.011906,0.000000,0.000000,4,12,1373
precision_default/mcity_bf16,70,1545236085.922084,1,0.009781,0.009781,0.009781,0.000000,0.000000,4,12,1393
precision_default/mcity_bf16,71,1545236086.902141,1,-0.009177,-0.009177,-0.009177,0.000000,0.000000,4,12,1403
precision_default/mcity_bf16,72,1545236087.922098,1,0.011386,0.011386,0.011386,0.000000,0.000000,4,12,1413
precision_default/mcity_bf16,73,1545236088.902062,1,-0.007438,-0.007438,-0.007438,0.000000,0.000000,4,12,1423
precision_default/mcity_bf16,74,1545236089.882042,1,-0.026514,-0.026514,-0.026514,0.000000,0.000000,4,12,1433
precision_default/mcity_bf16,75,1545236090.902130,1,-0.005810,-0.005810,-0.005810,0.000000,0.000000,4,12,1443
precision_default/mcity_bf16,76,1545236093.902008,1,-0.003161,-0.003161,-0.003161,0.000000,0.000000,4,12,1473
precision_default/mcity_bf16,77,1545236094.902024,1,-0.001992,-0.001992,-0.001992,0.000000,0.000000,4,12,1483
precision_default/mcity_bf16,78,1545236095.922080,1,-0.081239,-0.081239,-0.081239,0.000000,0.000000,4,12,1494
precision_default/mcity_bf16,79,1545236096.902021,1,-0.100040,-0.100040,-0.100040,0.000000,0.000000,4,12,1504
precision_default/mcity_bf16,80,1545236098.902065,1,0.001789,0.001789,0.001789,0.000000,0.000000,4,12,1523
precision_default/mcity_bf16,81,1545236100.921971,1,-0.076676,-0.076676,-0.076676,0.000000,0.000000,4,12,1544
precision_default/mcity_bf16,82,1545236101.921944,1,-0.075874,-0.075874,-0.075874,0.000000,0.000000,4,12,1554
precision_default/mcity_bf16,83,1545236102.922086,1,-0.074461,-0.074461,-0.074461,0.000000,0.000000,4,12,1564
precision_default/mcity_bf16,84,1545236103.901969,1,-0.093932,-0.093932,-0.093932,0.000000,0.000000,4,12,1574
precision_default/mcity_bf16,85,1545236104.921991,1,-0.073056,-0.073056,-0.073056,0.000000,0.000000,4,12,1584
precision_default/mcity_bf16,86,1545236105.921948,1,-0.071857,-0.071857,-0.071857,0.000000,0.000000,4,12,1594
precision_default/mcity_bf16,87,1545236106.901981,1,-0.091249,-0.091249,-0.091249,0.000000,0.000000,4,12,1604
precision_default/mcity_bf16,88,1545236107.881902,1,-0.110329,-0.110329,-0.110329,0.000000,0.000000,4,12,1614
precision_default/mcity_bf16,89,1545236108.901975,1,-0.089387,-0.089387,-0.089387,0.000000,0.000000,4,12,1624
precision_default/mcity_bf16,90,1545236109.901900,1,-0.088750,-0.088750,-0.088750,0.000000,0.000000,4,12,1634
precision_default/mcity_bf16,91,1545236110.881882,1,-0.107764,-0.107764,-0.107764,0.000000,0.000000,4,12,1644
precision_default/mcity_bf16,92,1545236111.921944,1,-0.066261,-0.066261,-0.066261,0.000000,0.000000,4,12,1654
precision_default/mcity_bf16,93,1545236113.881852,1,-0.104890,-0.104890,-0.104890,0.000000,0.000000,4,12,1674
precision_default/mcity_bf16,94,1545236115.921826,1,-0.063146,-0.063146,-0.063146,0.000000,0.000000,4,12,1694
precision_default/mcity_bf16,95,1545236116.881876,1,-0.102063,-0.102063,-0.102063,0.000000,0.000000,4,12,1704
precision_default/mcity_bf16,96,1545236117.901838,1,-0.080985,-0.080985,-0.080985,0.000000,0.000000,4,12,1714
precision_default/mcity_bf16,97,1545236118.881874,1,-0.100213,-0.100213,-0.100213,0.000000,0.000000,4,12,1724
precision_default/mcity_bf16,98,1545236119.921811,1,-0.059394,-0.059394,-0.059394,0.000000,0.000000,4,12,1734
precision_default/mcity_bf16,99,1545236120.901822,1,-0.078224,-0.078224,-0.078224,0.000000,0.000000,4,12,1744
precision_default/mcity_bf16,100,1545236122.921825,1,-0.056638,-0.056638,-0.056638,0.000000,0.000000,4,12,1764
precision_default/mcity_bf16,101,1545236123.921809,1,-0.055425,-0.055425,-0.055425,0.000000,0.000000,4,12,1774
precision_default/mcity_bf16,102,1545236125.901829,1,-0.073937,-0.073937,-0.073937,0.000000,0.000000,4,12,1794
precision_default/mcity_bf16,103,1545236127.921757,1,-0.052109,-0.052109,-0.052109,0.000000,0.000000,4,12,1814
precision_default/mcity_bf16,104,1545236128.901808,1,-0.071171,-0.071171,-0.071171,0.000000,0.000000,4,12,1824
precision_default/mcity_bf16,105,1545236129.881743,1,-0.090041,-0.090041,-0.090041,0.000000,0.000000,4,12,1834
precision_default/mcity_bf16,106,1545236130.921737,1,-0.049352,-0.049352,-0.049352,0.000000,0.000000,4,12,1844
precision_default/mcity_bf16,107,1545236131.901794,1,-0.068409,-0.068409,-0.068409,0.000000,0.000000,4,12,1854
precision_default/mcity_bf16,108,1545236133.921697,1,-0.046700,-0.046700,-0.046700,0.000000,0.000000,4,12,1874
precision_default/mcity_bf16,109,1545236135.901700,1,-0.064533,-0.064533,-0.064533,0.000000,0.000000,4,12,1894
precision_default/mcity_bf16,110,1545236136.921690,1,-0.043934,-0.043934,-0.043934,0.000000,0.000000,4,12,1904
precision_default/mcity_bf16,111,1545236137.901736,1,-0.062948,-0.062948,-0.062948,0.000000,0.000000,4,12,1914
precision_default/mcity_bf16,112,1545236139.921661,1,-0.041221,-0.041221,-0.041221,0.000000,0.000000,4,12,1934
precision_default/mcity_bf16,113,1545236142.921634,1,-0.038453,-0.038453,-0.038453,0.000000,0.000000,4,12,1964
precision_default/mcity_bf16,114,1545236143.901706,1,-0.057484,-0.057484,-0.057484,0.000000,0.000000,4,12,1974
precision_default/mcity_bf16,115,1545236144.901636,1,-0.056402,-0.056402,-0.056402,0.000000,0.000000,4,12,1984
precision_default/mcity_bf16,116,1545236146.901737,1,-0.054677,-0.054677,-0.054677,0.000000,0.000000,4,12,2004
precision_default/mcity_bf16,117,1545236148.921597,1,-0.032915,-0.032915,-0.032915,0.000000,0.000000,4,12,2024
precision_default/mcity_bf16,118,1545236149.901712,1,-0.051905,-0.051905,-0.051905,0.000000,0.000000,4,12,2034
precision_default/mcity_bf16,119,1545236152.881558,1,-0.069370,-0.069370,-0.069370,0.000000,0.000000,4,12,2064
precision_default/mcity_bf16,120,1545236153.921569,1,-0.028018,-0.028018,-0.028018,0.000000,0.000000,4,12,2074
precision_default/mcity_bf16,121,1545236156.901679,1,-0.045185,-0.045185,-0.045185,0.000000,0.000000,4,12,2104
precision_default/mcity_bf16,122,1545236157.901681,1,-0.044623,-0.044623,-0.044623,0.000000,0.000000,4,12,2114
precision_default/mcity_bf16,123,1545236158.921581,1,-0.023814,-0.023814,-0.023814,0.000000,0.000000,4,12,2124
precision_default/mcity_bf16,124,1545236159.901609,1,-0.042629,-0.042629,-0.042629,0.000000,0.000000,4,12,2134
precision_default/mcity_bf16,125,1545236161.901580,1,-0.041090,-0.041090,-0.041090,0.000000,0.000000,4,12,2154
precision_default/mcity_bf16,126,1545236163.881526,1,-0.059225,-0.059225,-0.059225,0.000000,0.000000,4,12,2174
precision_default/mcity_bf16,127,1545236166.881532,1,-0.056541,-0.056541,-0.056541,0.000000,0.000000,4,12,2204
precision_default/mcity_bf16,128,1545236168.901428,1,-0.037284,-0.037284,-0.037284,0.000000,0.000000,4,12,2224
precision_default/mcity_bf16,129,1545236170.901482,1,-0.032864,-0.032864,-0.032864,0.000000,0.000000,4,12,2244
precision_default/mcity_bf16,130,1545236171.921480,1,-0.011849,-0.011849,-0.011849,0.000000,0.000000,4,12,2254
precision_default/mcity_bf16,131,1545236173.901414,1,-0.030252,-0.030252,-0.030252,0.000000,0.000000,4,12,2274
precision_default/mcity_bf16,132,1545236175.921376,1,-0.008386,-0.008386,-0.008386,0.000000,0.000000,4,12,2294
precision_default/mcity_bf16,133,1545236178.921368,1,-0.005654,-0.005654,-0.005654,0.000000,0.000000,4,12,2324
precision_default/mcity_bf16,134,1545236179.901402,1,-0.024726,-0.024726,-0.024726,0.000000,0.000000,4,12,2334
precision_default/mcity_bf16,135,1545236180.881390,1,-0.043531,-0.043531,-0.043531,0.000000,0.000000,4,12,2344
precision_default/mcity_bf16,136,1545236182.921308,1,-0.001999,-0.001999,-0.001999,0.000000,0.000000,4,12,2364
precision_default/mcity_bf16,137,1545236183.921347,1,-0.000718,-0.000718,-0.000718,0.000000,0.000000,4,12,2374
precision_default/mcity_bf16,138,1545236184.901301,1,-0.020162,-0.020162,-0.020162,0.000000,0.000000,4,12,2384
precision_default/mcity_bf16,139,1545236185.881303,1,-0.039280,-0.039280,-0.039280,0.000000,0.000000,4,12,2394
precision_default/mcity_bf16,140,1545236186.921347,1,0.002078,0.002078,0.002078,0.000000,0.000000,4,12,2404
precision_default/mcity_bf16,141,1545236187.921297,1,0.002633,0.002633,0.002633,0.000000,0.000000,4,12,2414
precision_default/mcity_bf16,142,1545236188.881263,1,-0.036614,-0.036614,-0.036614,0.000000,0.000000,4,12,2424
precision_default/mcity_bf16,143,1545236189.921305,1,0.004703,0.004703,0.004703,0.000000,0.000000,4,12,2434
precision_default/mcity_bf16,144,1545236191.881341,1,-0.033803,-0.033803,-0.033803,0.000000,0.000000,4,12,2454
precision_default/mcity_bf16,145,1545236192.921302,1,0.007443,0.007443,0.007443,0.000000,0.000000,4,12,2464
precision_default/mcity_bf16,146,1545236193.901239,1,-0.011962,-0.011962,-0.011962,0.000000,0.000000,4,12,2474
precision_default/mcity_bf16,147,1545236194.881221,1,-0.031074,-0.031074,-0.031074,0.000000,0.000000,4,12,2484
precision_default/mcity_bf16,148,1545236195.901215,1,-0.009918,-0.009918,-0.009918,0.000000,0.000000,4,12,2494
precision_default/mcity_bf16,149,1545236196.881266,1,-0.029196,-0.029196,-0.029196,0.000000,0.000000,4,12,2504
precision_default/mcity_bf16,150,1545236197.921189,1,0.011645,0.011645,0.011645,0.000000,0.000000,4,12,2514
precision_default/mcity_bf16,151,1545236199.921199,1,0.013459,0.013459,0.013459,0.000000,0.000000,4,12,2534
precision_default/mcity_bf16,152,1545236200.901238,1,-0.005537,-0.005537,-0.005537,0.000000,0.000000,4,12,2544
precision_default/mcity_bf16,153,1545236201.901193,1,-0.004305,-0.004305,-0.004305,0.000000,0.000000,4,12,2554
precision_default/mcity_bf16,154,1545236202.921177,1,0.016549,0.016549,0.016549,0.000000,0.000000,4,12,2564
precision_default/mcity_bf16,155,1545236203.901169,1,-0.002930,-0.002930,-0.002930,0.000000,0.000000,4,12,2574
precision_default/mcity_bf16,156,1545236204.881136,1,-0.021676,-0.021676,-0.021676,0.000000,0.000000,4,12,2584
precision_default/mcity_bf16,157,1545236205.921130,1,-0.080673,-0.080673,-0.080673,0.000000,0.000000,4,12,2595
precision_default/mcity_bf16,158,1545236206.901187,1,-0.099989,-0.099989,-0.099989,0.000000,0.000000,4,12,2605
precision_default/mcity_bf16,159,1545236207.901150,1,-0.099295,-0.099295,-0.099295,0.000000,0.000000,4,12,2615
precision_default/mcity_bf16,160,1545236208.701174,1,-0.297887,-0.297887,-0.297887,0.000000,0.000000,4,12,2625
precision_default/mcity_bf16,161,1545236208.701174,1,-1.297211,-1.297211,-1.297211,0.000000,0.000000,4,12,2635
precision_default/mcity_bf16,162,1545236208.701174,1,-2.296387,-2.296387,-2.296387,0.000000,0.000000,4,12,2645
precision_default/mcity_fp16,0,1545235952.923106,1,-0.011394,-0.011394,-0.011394,0.000000,0.000000,4,12,62
precision_default/mcity_fp16,1,1545235955.883144,1,-0.048586,-0.048586,-0.048586,0.000000,0.000000,4,12,92
precision_default/mcity_fp16,2,1545235958.883050,1,-0.045926,-0.045926,-0.045926,0.000000,0.000000,4,12,122
precision_default/mcity_fp16,3,1545235962.923022,1,-0.002580,-0.002580,-0.002580,0.000000,0.000000,4,12,162
precision_default/mcity_fp16,4,1545235965.923000,1,0.000087,0.000087,0.000087,0.000000,0.000000,4,12,192
precision_default/mcity_fp16,5,1545235968.883028,1,-0.037177,-0.037177,-0.037177,0.000000,0.000000,4,12,222
precision_default/mcity_fp16,6,1545235971.922974,1,0.005551,0.005551,0.005551,0.000000,0.000000,4,12,252
precision_default/mcity_fp16,7,1545235978.882946,1,-0.028056,-0.028056,-0.028056,0.000000,0.000000,4,12,322
precision_default/mcity_fp16,8,1545235981.882960,1,-0.025229,-0.025229,-0.025229,0.000000,0.000000,4,12,352
precision_default/mcity_fp16,9,1545235984.882971,1,-0.022459,-0.022459,-0.022459,0.000000,0.000000,4,12,382
precision_default/mcity_fp16,10,1545235987.922825,1,0.020166,0.020166,0.020166,0.000000,0.000000,4,12,412
precision_default/mcity_fp16,11,1545235990.922870,1,0.022934,0.022934,0.022934,0.000000,0.000000,4,12,442
precision_default/mcity_fp16,12,1545235993.922772,1,-0.073977,-0.073977,-0.073977,0.000000,0.000000,4,12,473
precision_default/mcity_fp16,13,1545235996.902841,1,-0.091081,-0.091081,-0.091081,0.000000,0.000000,4,12,503
precision_default/mcity_fp16,14,1545235999.882800,1,-0.108406,-0.108406,-0.108406,0.000000,0.000000,4,12,533
precision_default/mcity_fp16,15,1545236007.882821,1,-0.101068,-0.101068,-0.101068,0.000000,0.000000,4,12,613
precision_default/mcity_fp16,16,1545236010.922653,1,-0.058510,-0.058510,-0.058510,0.000000,0.000000,4,12,643
precision_default/mcity_fp16,17,1545236014.922673,1,-0.054775,-0.054775,-0.054775,0.000000,0.000000,4,12,683
precision_default/mcity_fp16,18,1545236016.902630,1,-0.073019,-0.073019,-0.073019,0.000000,0.000000,4,12,703
precision_default/mcity_fp16,19,1545236020.882621,1,-0.089358,-0.089358,-0.089358,0.000000,0.000000,4,12,743
precision_default/mcity_fp16,20,1545236023.922633,1,-0.046616,-0.046616,-0.046616,0.000000,0.000000,4,12,773
precision_default/mcity_fp16,21,1545236025.882617,1,-0.084796,-0.084796,-0.084796,0.000000,0.000000,4,12,793
precision_default/mcity_fp16,22,1545236027.882519,1,-0.083338,-0.083338,-0.083338,0.000000,0.000000,4,12,813
precision_default/mcity_fp16,23,1545236034.922493,1,-0.036563,-0.036563,-0.036563,0.000000,0.000000,4,12,883
precision_default/mcity_fp16,24,1545236038.902442,1,-0.053058,-0.053058,-0.053058,0.000000,0.000000,4,12,923
precision_default/mcity_fp16,25,1545236041.922422,1,-0.030216,-0.030216,-0.030216,0.000000,0.000000,4,12,953
precision_default/mcity_fp16,26,1545236045.902403,1,-0.046979,-0.046979,-0.046979,0.000000,0.000000,4,12,993
precision_default/mcity_fp16,27,1545236048.902375,1,-0.044272,-0.044272,-0.044272,0.000000,0.000000,4,12,1023
precision_default/mcity_fp16,28,1545236052.922340,1,-0.020197,-0.020197,-0.020197,0.000000,0.000000,4,12,1063
precision_default/mcity_fp16,29,1545236055.902403,1,-0.037377,-0.037377,-0.037377,0.000000,0.000000,4,12,1093
precision_default/mcity_fp16,30,1545236058.902375,1,-0.034653,-0.034653,-0.034653,0.000000,0.000000,4,12,1123
precision_default/mcity_fp16,31,1545236061.902342,1,-0.031966,-0.031966,-0.031966,0.000000,0.000000,4,12,1153
precision_default/mcity_fp16,32,1545236064.902238,1,-0.029262,-0.029262,-0.029262,0.000000,0.000000,4,12,1183
precision_default/mcity_fp16,33,1545236068.882209,1,-0.045616,-0.045616,-0.045616,0.000000,0.000000,4,12,1223
precision_default/mcity_fp16,34,1545236071.882316,1,-0.042835,-0.042835,-0.042835,0.000000,0.000000,4,12,1253
precision_default/mcity_fp16,35,1545236074.922160,1,-0.000217,-0.000217,-0.000217,0.000000,0.000000,4,12,1283
precision_default/mcity_fp16,36,1545236077.922225,1,0.002665,0.002665,0.002665,0.000000,0.000000,4,12,1313
precision_default/mcity_fp16,37,1545236080.922125,1,0.005196,0.005196,0.005196,0.000000,0.000000,4,12,1343
precision_default/mcity_fp16,38,1545236083.902162,1,-0.011906,-0.011906,-0.011906,0.000000,0.000000,4,12,1373
precision_default/mcity_fp16,39,1545236086.902141,1,-0.009177,-0.009177,-0.009177,0.000000,0.000000,4,12,1403
precision_default/mcity_fp16,40,1545236092.882114,1,-0.023642,-0.023642,-0.023642,0.000000,0.000000,4,12,1463
precision_default/mcity_fp16,41,1545236095.922080,1,-0.081239,-0.081239,-0.081239,0.000000,0.000000,4,12,1494
precision_default/mcity_fp16,42,1545236098.902065,1,-0.098471,-0.098471,-0.098471,0.000000,0.000000,4,12,1524
precision_default/mcity_fp16,43,1545236104.921991,1,-0.073056,-0.073056,-0.073056,0.000000,0.000000,4,12,1584
precision_default/mcity_fp16,44,1545236108.901975,1,-0.089387,-0.089387,-0.089387,0.000000,0.000000,4,12,1624
precision_default/mcity_fp16,45,1545236111.921944,1,-0.066261,-0.066261,-0.066261,0.000000,0.000000,4,12,1654
precision_default/mcity_fp16,46,1545236114.901885,1,-0.083593,-0.083593,-0.083593,0.000000,0.000000,4,12,1684
precision_default/mcity_fp16,47,1545236118.881874,1,-0.100213,-0.100213,-0.100213,0.000000,0.000000,4,12,1724
precision_default/mcity_fp16,48,1545236121.901804,1,-0.077632,-0.077632,-0.077632,0.000000,0.000000,4,12,1754
precision_default/mcity_fp16,49,1545236124.921873,1,-0.054743,-0.054743,-0.054743,0.000000,0.000000,4,12,1784
precision_default/mcity_fp16,50,1545236127.921757,1,-0.052109,-0.052109,-0.052109,0.000000,0.000000,4,12,1814
precision_default/mcity_fp16,51,1545236130.921737,1,-0.049352,-0.049352,-0.049352,0.000000,0.000000,4,12,1844
precision_default/mcity_fp16,52,1545236133.921697,1,-0.046700,-0.046700,-0.046700,0.000000,0.000000,4,12,1874
precision_default/mcity_fp16,53,1545236136.921690,1,-0.043934,-0.043934,-0.043934,0.000000,0.000000,4,12,1904
precision_default/mcity_fp16,54,1545236139.921661,1,-0.041221,-0.041221,-0.041221,0.000000,0.000000,4,12,1934
precision_default/mcity_fp16,55,1545236142.921634,1,-0.038453,-0.038453,-0.038453,0.000000,0.000000,4,12,1964
precision_default/mcity_fp16,56,1545236148.921597,1,-0.032915,-0.032915,-0.032915,0.000000,0.000000,4,12,2024
precision_default/mcity_fp16,57,1545236151.901667,1,-0.050212,-0.050212,-0.050212,0.000000,0.000000,4,12,2054
precision_default/mcity_fp16,58,1545236155.881530,1,-0.066671,-0.066671,-0.066671,0.000000,0.000000,4,12,2094
precision_default/mcity_fp16,59,1545236165.901462,1,-0.037247,-0.037247,-0.037247,0.000000,0.000000,4,12,2194
precision_default/mcity_fp16,60,1545236168.901428,1,-0.037284,-0.037284,-0.037284,0.000000,0.000000,4,12,2224
precision_default/mcity_fp16,61,1545236172.921389,1,-0.011112,-0.011112,-0.011112,0.000000,0.000000,4,12,2264
precision_default/mcity_fp16,62,1545236179.901402,1,-0.024726,-0.024726,-0.024726,0.000000,0.000000,4,12,2334
precision_default/mcity_fp16,63,1545236183.921347,1,-0.000718,-0.000718,-0.000718,0.000000,0.000000,4,12,2374
precision_default/mcity_fp16,64,1545236186.921347,1,0.002078,0.002078,0.002078,0.000000,0.000000,4,12,2404
precision_default/mcity_fp16,65,1545236189.921305,1,0.004703,0.004703,0.004703,0.000000,0.000000,4,12,2434
precision_default/mcity_fp16,66,1545236192.921302,1,0.007443,0.007443,0.007443,0.000000,0.000000,4,12,2464
precision_default/mcity_fp16,67,1545236195.901215,1,-0.009918,-0.009918,-0.009918,0.000000,0.000000,4,12,2494
precision_default/mcity_fp16,68,1545236197.921189,1,0.011645,0.011645,0.011645,0.000000,0.000000,4,12,2514
precision_default/mcity_fp16,69,1545236200.901238,1,-0.005537,-0.005537,-0.005537,0.000000,0.000000,4,12,2544
precision_default/mcity_fp16,70,1545236203.901169,1,-0.002930,-0.002930,-0.002930,0.000000,0.000000,4,12,2574
precision_default/mcity_fp16,71,1545236206.901187,1,-0.099989,-0.099989,-0.099989,0.000000,0.000000,4,12,2605
precision_default/mcity_fp16,72,1545236208.701174,1,-1.297211,-1.297211,-1.297211,0.000000,0.000000,4,12,2635
precision_default/waymo_bf16,0,1552440196.862068,4,0.000000,0.000000,0.000000,0.000000,0.000000,4,12,16
precision_default/waymo_bf16,1,1552440197.361693,4,0.000000,0.000000,0.000000,0.000000,0.000000,4,12,21
precision_default/waymo_bf16,2,1552440197.861510,4,0.000000,0.000000,0.000000,0.000000,0.000000,4,12,26
precision_default/waymo_bf16,3,1552440198.261568,4,0.000000,0.000000,0.000000,0.000000,0.000000,4,12,30
precision_default/waymo_bf16,4,1552440198.761861,4,0.000000,0.000000,0.000000,0.000000,0.000000,4,12,35
precision_default/waymo_bf16,5,1552440199.162145,4,0.000000,0.000000,0.000000,0.000000,0.000000,4,12,39
precision_default/waymo_bf16,6,1552440199.562359,4,0.000000,0.000000,0.000000,0.000000,0.000000,4,12,43
precision_default/waymo_bf16,7,1552440199.962467,4,0.000000,0.000000,0.000000,0.000000,0.000000,4,12,47
precision_default/waymo_bf16,8,1552440200.362506,4,0.000000,0.000000,0.000000,0.000000,0.000000,4,12,51
precision_default/waymo_bf16,9,1552440200.862590,4,0.000000,0.000000,0.000000,0.000000,0.000000,4,12,56
precision_default/waymo_bf16,10,1552440201.262585,4,0.000000,0.000000,0.000000,0.000000,0.000000,4,12,60
precision_default/waymo_bf16,11,1552440201.662519,4,0.000000,0.000000,0.000000,0.000000,0.000000,4,12,64
precision_default/waymo_bf16,12,1552440202.162491,4,0.000000,0.000000,0.000000,0.000000,0.000000,4,12,69
precision_default/waymo_bf16,13,1552440202.662482,4,0.000000,0.000000,0.000000,0.000000,0.000000,4,12,74
precision_default/waymo_bf16,14,1552440203.062567,4,0.000000,0.000000,0.000000,0.000000,0.000000,4,12,78
precision_default/waymo_bf16,15,1552440203.462559,4,0.000000,0.000000,0.000000,0.000000,0.000000,4,12,82
precision_default/waymo_bf16,16,1552440203.862528,4,0.000000,0.000000,0.000000,0.000000,0.000000,4,12,86
precision_default/waymo_bf16,17,1552440204.262537,4,0.000000,0.000000,0.000000,0.000000,0.000000,4,12,90
precision_default/waymo_bf16,18,1552440204.662544,4,0.000000,0.000000,0.000000,0.000000,0.000000,4,12,94
precision_default/waymo_bf16,19,1552440205.262596,4,0.000000,0.000000,0.000000,0.000000,0.000000,4,12,100
precision_default/waymo_bf16,20,1552440206.062392,4,0.000000,0.000000,0.000000,0.000000,0.000000,4,12,108
precision_default/waymo_bf16,21,1552440206.462312,4,0.000000,0.000000,0.000000,0.000000,0.000000,4,12,112
precision_default/waymo_bf16,22,1552440206.962395,4,0.000000,0.000000,0.000000,0.000000,0.000000,4,12,117
precision_default/waymo_bf16,23,1552440207.362486,4,0.000000,0.000000,0.000000,0.000000,0.000000,4,12,121
precision_default/waymo_bf16,24,1552440207.862641,4,0.000000,0.000000,0.000000,0.000000,0.000000,4,12,126
precision_default/waymo_bf16,25,1552440208.362613,4,0.000000,0.000000,0.000000,0.000000,0.000000,4,12,131
precision_default/waymo_bf16,26,1552440208.762593,4,0.000000,0.000000,0.000000,0.000000,0.000000,4,12,135
precision_default/waymo_bf16,27,1552440209.162560,4,0.000000,0.000000,0.000000,0.000000,0.000000,4,12,139
precision_default/waymo_bf16,28,1552440209.662565,4,0.000000,0.000000,0.000000,0.000000,0.000000,4,12,144
precision_default/waymo_bf16,29,1552440210.062516,4,0.000000,0.000000,0.000000,0.000000,0.000000,4,12,148
precision_default/waymo_bf16,30,1552440210.562518,4,0.000000,0.000000,0.000000,0.000000,0.000000,4,12,153
precision_default/waymo_bf16,31,1552440210.962525,4,0.000000,0.000000,0.000000,0.000000,0.000000,4,12,157
precision_default/waymo_bf16,32,1552440211.462561,4,0.000000,0.000000,0.000000,0.000000,0.000000,4,12,162
precision_default/waymo_bf16,33,1552440211.862570,4,0.000000,0.000000,0.000000,0.000000,0.000000,4,12,166
precision_default/waymo_bf16,34,1552440212.362571,4,0.000000,0.000000,0.000000,0.000000,0.000000,4,12,171
precision_default/waymo_bf16,35,1552440212.762544,4,0.000000,0.000000,0.000000,0.000000,0.000000,4,12,175
precision_default/waymo_bf16,36,1552440213.262499,4,0.000000,0.000000,0.000000,0.000000,0.000000,4,12,180
precision_default/waymo_bf16,37,1552440213.762531,4,0.000000,0.000000,0.000000,0.000000,0.000000,4,12,185
precision_default/waymo_bf16,38,1552440214.162524,4,0.000000,0.000000,0.000000,0.000000,0.000000,4,12,189
precision_default/waymo_bf16,39,1552440214.562543,4,0.000000,0.000000,0.000000,0.000000,0.000000,4,12,193
precision_default/waymo_bf16,40,1552440215.062536,4,0.000000,0.000000,0.000000,0.000000,0.000000,4,12,198
precision_default/waymo_fp16,0,1552440196.862068,4,0.000000,0.000000,0.000000,0.000000,0.000000,4,12,16
precision_default/waymo_fp16,1,1552440197.561553,4,0.000000,0.000000,0.000000,0.000000,0.000000,4,12,23
precision_default/waymo_fp16,2,1552440198.361627,4,0.000000,0.000000,0.000000,0.000000,0.000000,4,12,31
precision_default/waymo_fp16,3,1552440199.162145,4,0.000000,0.000000,0.000000,0.000000,0.000000,4,12,39
precision_default/waymo_fp16,4,1552440201.662519,4,0.000000,0.000000,0.000000,0.000000,0.000000,4,12,64
precision_default/waymo_fp16,5,1552440202.362493,4,0.000000,0.000000,0.000000,0.000000,0.000000,4,12,71
precision_default/waymo_fp16,6,1552440203.162558,4,0.000000,0.000000,0.000000,0.000000,0.000000,4,12,79
precision_default/waymo_fp16,7,1552440203.862528,4,0.024995,0.000000,0.099979,0.000000,0.000000,4,12,86
precision_default/waymo_fp16,8,1552440204.462506,4,0.000000,0.000000,0.000000,0.000000,0.000000,4,12,92
precision_default/waymo_fp16,9,1552440205.062588,4,0.000000,0.000000,0.000000,0.000000,0.000000,4,12,98
precision_default/waymo_fp16,10,1552440205.862467,4,0.000000,0.000000,0.000000,0.000000,0.000000,4,12,106
precision_default/waymo_fp16,11,1552440206.762344,4,0.000000,0.000000,0.000000,0.000000,0.000000,4,12,115
precision_default/waymo_fp16,12,1552440207.462549,4,0.000000,0.000000,0.000000,0.000000,0.000000,4,12,122
precision_default/waymo_fp16,13,1552440208.062640,4,0.000000,0.000000,0.000000,0.000000,0.000000,4,12,128
precision_default/waymo_fp16,14,1552440208.762593,4,0.000000,0.000000,0.000000,0.000000,0.000000,4,12,135
precision_default/waymo_fp16,15,1552440210.262529,4,0.000000,0.000000,0.000000,0.000000,0.000000,4,12,150
precision_default/waymo_fp16,16,1552440210.962525,4,0.000000,0.000000,0.000000,0.000000,0.000000,4,12,157
precision_default/waymo_fp16,17,1552440211.662525,4,0.000000,0.000000,0.000000,0.000000,0.000000,4,12,164
precision_default/waymo_fp16,18,1552440212.262587,4,0.000000,0.000000,0.000000,0.000000,0.000000,4,12,170
precision_default/waymo_fp16,19,1552440212.862531,4,0.000000,0.000000,0.000000,0.000000,0.000000,4,12,176
precision_default/waymo_fp16,20,1552440213.462541,4,0.000000,0.000000,0.000000,0.000000,0.000000,4,12,182
precision_default/waymo_fp16,21,1552440214.162524,4,0.000000,0.000000,0.000000,0.000000,0.000000,4,12,189
precision_default/waymo_fp16,22,1552440214.762521,4,0.000000,0.000000,0.000000,0.000000,0.000000,4,12,195
top_level,0,1552440195.462613,0,,,,,,,,
top_level,1,1552440202.162491,0,,,,,,,,
top_level,2,1552440209.162560,0,,,,,,,,
top_level,3,1552440214.862533,0,,,,,,,,
top_level,4,1552440195.662587,0,,,,,,,,
top_level,5,1552440196.862068,0,,,,,,,,
top_level,6,1552440198.061558,0,,,,,,,,
top_level,7,1552440199.262213,0,,,,,,,,
top_level,8,1552440200.462525,0,,,,,,,,
top_level,9,1552440201.862530,0,,,,,,,,
top_level,10,1552440202.862531,0,,,,,,,,
top_level,11,1552440203.662526,0,,,,,,,,
top_level,12,1552440204.462506,0,,,,,,,,
top_level,13,1552440205.362580,0,,,,,,,,
top_level,14,1552440206.162334,0,,,,,,,,
top_level,15,1552440207.062422,0,,,,,,,,
top_level,16,1552440207.962624,0,,,,,,,,
top_level,17,1552440208.762593,0,,,,,,,,
top_level,18,1552440209.662565,0,,,,,,,,
top_level,19,1552440210.462502,0,,,,,,,,
top_level,20,1552440211.262562,0,,,,,,,,
top_level,21,1552440212.062583,0,,,,,,,,
top_level,22,1552440212.962514,0,,,,,,,,
top_level,23,1552440213.762531,0,,,,,,,,
top_level,24,1552440214.662526,0,,,,,,,,
traj_samples/mcity_k1,0,1545235952.923106,1,-0.011394,-0.011394,-0.011394,0.000000,0.000000,4,12,62
traj_samples/mcity_k1,1,1545235953.923077,1,-0.010850,-0.010850,-0.010850,0.000000,0.000000,4,12,72
traj_samples/mcity_k1,2,1545235954.923095,1,-0.009954,-0.009954,-0.009954,0.000000,0.000000,4,12,82
traj_samples/mcity_k1,3,1545235956.923071,1,-0.008010,-0.008010,-0.008010,0.000000,0.000000,4,12,102
traj_samples/mcity_k1,4,1545235957.923048,1,-0.007214,-0.007214,-0.007214,0.000000,0.000000,4,12,112
traj_samples/mcity_k1,5,1545235960.903102,1,-0.024335,-0.024335,-0.024335,0.000000,0.000000,4,12,142
traj_samples/mcity_k1,6,1545235961.883028,1,-0.043224,-0.043224,-0.043224,0.000000,0.000000,4,12,152
traj_samples/mcity_k1,7,1545235962.923022,1,-0.002580,-0.002580,-0.002580,0.000000,0.000000,4,12,162
traj_samples/mcity_k1,8,1545235964.882997,1,-0.040493,-0.040493,-0.040493,0.000000,0.000000,4,12,182
traj_samples/mcity_k1,9,1545235965.923000,1,0.000087,0.000087,0.000087,0.000000,0.000000,4,12,192
traj_samples/mcity_k1,10,1545235966.923059,1,0.000976,0.000976,0.000976,0.000000,0.000000,4,12,202
traj_samples/mcity_k1,11,1545235969.903026,1,-0.016236,-0.016236,-0.016236,0.000000,0.000000,4,12,232
traj_samples/mcity_k1,12,1545235971.922974,1,0.005551,0.005551,0.005551,0.000000,0.000000,4,12,252
traj_samples/mcity_k1,13,1545235972.903028,1,-0.013521,-0.013521,-0.013521,0.000000,0.000000,4,12,262
traj_samples/mcity_k1,14,1545235973.922910,1,0.007752,0.007752,0.007752,0.000000,0.000000,4,12,272
traj_samples/mcity_k1,15,1545235974.902918,1,-0.011719,-0.011719,-0.011719,0.000000,0.000000,4,12,282
traj_samples/mcity_k1,16,1545235975.883008,1,-0.030745,-0.030745,-0.030745,0.000000,0.000000,4,12,292
traj_samples/mcity_k1,17,1545235976.922934,1,0.010491,0.010491,0.010491,0.000000,0.000000,4,12,302
traj_samples/mcity_k1,18,1545235977.902895,1,-0.008962,-0.008962,-0.008962,0.000000,0.000000,4,12,312
traj_samples/mcity_k1,19,1545235978.882946,1,-0.028056,-0.028056,-0.028056,0.000000,0.000000,4,12,322
traj_samples/mcity_k1,20,1545235979.922915,1,0.013181,0.013181,0.013181,0.000000,0.000000,4,12,332
traj_samples/mcity_k1,21,1545235982.922967,1,0.016029,0.016029,0.016029,0.000000,0.000000,4,12,362
traj_samples/mcity_k1,22,1545235985.902844,1,-0.001328,-0.001328,-0.001328,0.000000,0.000000,4,12,392
traj_samples/mcity_k1,23,1545235986.882974,1,-0.120170,-0.120170,-0.120170,0.000000,0.000000,4,12,403
traj_samples/mcity_k1,24,1545235988.902899,1,0.001521,0.001521,0.001521,0.000000,0.000000,4,12,422
traj_samples/mcity_k1,25,1545235989.902864,1,-0.097508,-0.097508,-0.097508,0.000000,0.000000,4,12,433
traj_samples/mcity_k1,26,1545235990.922870,1,-0.076637,-0.076637,-0.076637,0.000000,0.000000,4,12,443
traj_samples/mcity_k1,27,1545235993.922772,1,-0.073977,-0.073977,-0.073977,0.000000,0.000000,4,12,473
traj_samples/mcity_k1,28,1545235994.902849,1,-0.093372,-0.093372,-0.093372,0.000000,0.000000,4,12,483
traj_samples/mcity_k1,29,1545235995.922783,1,-0.072162,-0.072162,-0.072162,0.000000,0.000000,4,12,493
traj_samples/mcity_k1,30,1545235996.902841,1,-0.091081,-0.091081,-0.091081,0.000000,0.000000,4,12,503
traj_samples/mcity_k1,31,1545235998.902751,1,-0.089555,-0.089555,-0.089555,0.000000,0.000000,4,12,523
traj_samples/mcity_k1,32,1545235999.882800,1,-0.108406,-0.108406,-0.108406,0.000000,0.000000,4,12,533
traj_samples/mcity_k1,33,1545236000.902746,1,-0.087911,-0.087911,-0.087911,0.000000,0.000000,4,12,543
traj_samples/mcity_k1,34,1545236001.922702,1,-0.066733,-0.066733,-0.066733,0.000000,0.000000,4,12,553
traj_samples/mcity_k1,35,1545236004.882754,1,-0.103844,-0.103844,-0.103844,0.000000,0.000000,4,12,583
traj_samples/mcity_k1,36,1545236005.922679,1,-0.063020,-0.063020,-0.063020,0.000000,0.000000,4,12,593
traj_samples/mcity_k1,37,1545236006.902815,1,-0.082324,-0.082324,-0.082324,0.000000,0.000000,4,12,603
traj_samples/mcity_k1,38,1545236007.882821,1,-0.101068,-0.101068,-0.101068,0.000000,0.000000,4,12,613
traj_samples/mcity_k1,39,1545236008.922624,1,-0.060418,-0.060418,-0.060418,0.000000,0.000000,4,12,623
traj_samples/mcity_k1,40,1545236009.902685,1,-0.079713,-0.079713,-0.079713,0.000000,0.000000,4,12,633
traj_samples/mcity_k1,41,1545236010.922653,1,-0.058510,-0.058510,-0.058510,0.000000,0.000000,4,12,643
traj_samples/mcity_k1,42,1545236011.922659,1,-0.057513,-0.057513,-0.057513,0.000000,0.000000,4,12,653
traj_samples/mcity_k1,43,1545236012.902693,1,-0.077016,-0.077016,-0.077016,0.000000,0.000000,4,12,663
traj_samples/mcity_k1,44,1545236013.882709,1,-0.096069,-0.096069,-0.096069,0.000000,0.000000,4,12,673
traj_samples/mcity_k1,45,1545236014.922673,1,-0.054775,-0.054775,-0.054775,0.000000,0.000000,4,12,683
traj_samples/mcity_k1,46,1545236015.922744,1,-0.054128,-0.054128,-0.054128,0.000000,0.000000,4,12,693
traj_samples/mcity_k1,47,1545236016.902630,1,-0.073019,-0.073019,-0.073019,0.000000,0.000000,4,12,703
traj_samples/mcity_k1,48,1545236017.922680,1,-0.052067,-0.052067,-0.052067,0.000000,0.000000,4,12,713
traj_samples/mcity_k1,49,1545236018.902597,1,-0.071452,-0.071452,-0.071452,0.000000,0.000000,4,12,723
traj_samples/mcity_k1,50,1545236019.882693,1,-0.090127,-0.090127,-0.090127,0.000000,0.000000,4,12,733
traj_samples/mcity_k1,51,1545236020.882621,1,-0.089358,-0.089358,-0.089358,0.000000,0.000000,4,12,743
traj_samples/mcity_k1,52,1545236021.902569,1,-0.068765,-0.068765,-0.068765,0.000000,0.000000,4,12,753
traj_samples/mcity_k1,53,1545236023.922633,1,-0.046616,-0.046616,-0.046616,0.000000,0.000000,4,12,773
traj_samples/mcity_k1,54,1545236024.902571,1,-0.066047,-0.066047,-0.066047,0.000000,0.000000,4,12,783
traj_samples/mcity_k1,55,1545236025.882617,1,-0.084796,-0.084796,-0.084796,0.000000,0.000000,4,12,793
traj_samples/mcity_k1,56,1545236026.902694,1,-0.063705,-0.063705,-0.063705,0.000000,0.000000,4,12,803
traj_samples/mcity_k1,57,1545236027.882519,1,-0.083338,-0.083338,-0.083338,0.000000,0.000000,4,12,813
traj_samples/mcity_k1,58,1545236028.922605,1,-0.041996,-0.041996,-0.041996,0.000000,0.000000,4,12,823
traj_samples/mcity_k1,59,1545236029.902567,1,-0.061148,-0.061148,-0.061148,0.000000,0.000000,4,12,833
traj_samples/mcity_k1,60,1545236030.882491,1,-0.080529,-0.080529,-0.080529,0.000000,0.000000,4,12,843
traj_samples/mcity_k1,61,1545236031.922488,1,-0.039313,-0.039313,-0.039313,0.000000,0.000000,4,12,853
traj_samples/mcity_k1,62,1545236033.882473,1,-0.077796,-0.077796,-0.077796,0.000000,0.000000,4,12,873
traj_samples/mcity_k1,63,1545236035.902520,1,-0.055644,-0.055644,-0.055644,0.000000,0.000000,4,12,893
traj_samples/mcity_k1,64,1545236036.922458,1,-0.035153,-0.035153,-0.035153,0.000000,0.000000,4,12,903
traj_samples/mcity_k1,65,1545236037.902443,1,-0.053888,-0.053888,-0.053888,0.000000,0.000000,4,12,913
traj_samples/mcity_k1,66,1545236038.902442,1,-0.053058,-0.053058,-0.053058,0.000000,0.000000,4,12,923
traj_samples/mcity_k1,67,1545236040.902438,1,-0.051177,-0.051177,-0.051177,0.000000,0.000000,4,12,943
traj_samples/mcity_k1,68,1545236042.902428,1,-0.049670,-0.049670,-0.049670,0.000000,0.000000,4,12,963
traj_samples/mcity_k1,69,1545236043.902399,1,-0.048471,-0.048471,-0.048471,0.000000,0.000000,4,12,973
traj_samples/mcity_k1,70,1545236044.922470,1,-0.027388,-0.027388,-0.027388,0.000000,0.000000,4,12,983
traj_samples/mcity_k1,71,1545236045.902403,1,-0.046979,-0.046979,-0.046979,0.000000,0.000000,4,12,993
traj_samples/mcity_k1,72,1545236048.902375,1,-0.044272,-0.044272,-0.044272,0.000000,0.000000,4,12,1023
traj_samples/mcity_k1,73,1545236049.882417,1,-0.062871,-0.062871,-0.062871,0.000000,0.000000,4,12,1033
traj_samples/mcity_k1,74,1545236050.902428,1,-0.041964,-0.041964,-0.041964,0.000000,0.000000,4,12,1043
traj_samples/mcity_k1,75,1545236053.902387,1,-0.039302,-0.039302,-0.039302,0.000000,0.000000,4,12,1073
traj_samples/mcity_k1,76,1545236054.882306,1,-0.058770,-0.058770,-0.058770,0.000000,0.000000,4,12,1083
traj_samples/mcity_k1,77,1545236055.902403,1,-0.037377,-0.037377,-0.037377,0.000000,0.000000,4,12,1093
traj_samples/mcity_k1,78,1545236056.902365,1,-0.036485,-0.036485,-0.036485,0.000000,0.000000,4,12,1103
traj_samples/mcity_k1,79,1545236057.922314,1,-0.015963,-0.015963,-0.015963,0.000000,0.000000,4,12,1113
traj_samples/mcity_k1,80,1545236058.902375,1,-0.034653,-0.034653,-0.034653,0.000000,0.000000,4,12,1123
traj_samples/mcity_k1,81,1545236059.882276,1,-0.053797,-0.053797,-0.053797,0.000000,0.000000,4,12,1133
traj_samples/mcity_k1,82,1545236060.922315,1,-0.013137,-0.013137,-0.013137,0.000000,0.000000,4,12,1143
traj_samples/mcity_k1,83,1545236061.902342,1,-0.031966,-0.031966,-0.031966,0.000000,0.000000,4,12,1153
traj_samples/mcity_k1,84,1545236062.882249,1,-0.051068,-0.051068,-0.051068,0.000000,0.000000,4,12,1163
traj_samples/mcity_k1,85,1545236064.902238,1,-0.029262,-0.029262,-0.029262,0.000000,0.000000,4,12,1183
traj_samples/mcity_k1,86,1545236067.902213,1,-0.026552,-0.026552,-0.026552,0.000000,0.000000,4,12,1213
traj_samples/mcity_k1,87,1545236069.922260,1,-0.005002,-0.005002,-0.005002,0.000000,0.000000,4,12,1233
traj_samples/mcity_k1,88,1545236070.902199,1,-0.023778,-0.023778,-0.023778,0.000000,0.000000,4,12,1243
traj_samples/mcity_k1,89,1545236071.882316,1,-0.042835,-0.042835,-0.042835,0.000000,0.000000,4,12,1253
traj_samples/mcity_k1,90,1545236072.902180,1,-0.022300,-0.022300,-0.022300,0.000000,0.000000,4,12,1263
traj_samples/mcity_k1,91,1545236074.922160,1,-0.000217,-0.000217,-0.000217,0.000000,0.000000,4,12,1283
traj_samples/mcity_k1,92,1545236075.902159,1,-0.019530,-0.019530,-0.019530,0.000000,0.000000,4,12,1293
traj_samples/mcity_k1,93,1545236077.922225,1,0.002665,0.002665,0.002665,0.000000,0.000000,4,12,1313
traj_samples/mcity_k1,94,1545236078.902167,1,-0.016749,-0.016749,-0.016749,0.000000,0.000000,4,12,1323
traj_samples/mcity_k1,95,1545236079.882269,1,-0.035437,-0.035437,-0.035437,0.000000,0.000000,4,12,1333
traj_samples/mcity_k1,96,1545236080.922125,1,0.005196,0.005196,0.005196,0.000000,0.000000,4,12,1343
traj_samples/mcity_k1,97,1545236082.882157,1,-0.032791,-0.032791,-0.032791,0.000000,0.000000,4,12,1363
traj_samples/mcity_k1,98,1545236084.902142,1,-0.011374,-0.011374,-0.011374,0.000000,0.000000,4,12,1383
traj_samples/mcity_k1,99,1545236085.922084,1,0.009781,0.009781,0.009781,0.000000,0.000000,4,12,1393
traj_samples/mcity_k1,100,1545236087.922098,1,0.011386,0.011386,0.011386,0.000000,0.000000,4,12,1413
traj_samples/mcity_k1,101,1545236088.902062,1,-0.007438,-0.007438,-0.007438,0.000000,0.000000,4,12,1423
traj_samples/mcity_k1,102,1545236089.882042,1,-0.026514,-0.026514,-0.026514,0.000000,0.000000,4,12,1433
traj_samples/mcity_k1,103,1545236091.902031,1,-0.004755,-0.004755,-0.004755,0.000000,0.000000,4,12,1453
traj_samples/mcity_k1,104,1545236093.902008,1,-0.003161,-0.003161,-0.003161,0.000000,0.000000,4,12,1473
traj_samples/mcity_k1,105,1545236095.922080,1,0.019012,0.019012,0.019012,0.000000,0.000000,4,12,1493
traj_samples/mcity_k1,106,1545236098.902065,1,-0.098471,-0.098471,-0.098471,0.000000,0.000000,4,12,1524
traj_samples/mcity_k1,107,1545236099.881977,1,-0.117346,-0.117346,-0.117346,0.000000,0.000000,4,12,1534
traj_samples/mcity_k1,108,1545236100.921971,1,-0.076676,-0.076676,-0.076676,0.000000,0.000000,4,12,1544
traj_samples/mcity_k1,109,1545236103.901969,1,-0.093932,-0.093932,-0.093932,0.000000,0.000000,4,12,1574
traj_samples/mcity_k1,110,1545236105.921948,1,-0.071857,-0.071857,-0.071857,0.000000,0.000000,4,12,1594
traj_samples/mcity_k1,111,1545236106.901981,1,-0.091249,-0.091249,-0.091249,0.000000,0.000000,4,12,1604
traj_samples/mcity_k1,112,1545236107.881902,1,-0.110329,-0.110329,-0.110329,0.000000,0.000000,4,12,1614
traj_samples/mcity_k1,113,1545236108.901975,1,-0.089387,-0.089387,-0.089387,0.000000,0.000000,4,12,1624
traj_samples/mcity_k1,114,1545236109.901900,1,-0.088750,-0.088750,-0.088750,0.000000,0.000000,4,12,1634
traj_samples/mcity_k1,115,1545236112.901949,1,-0.085743,-0.085743,-0.085743,0.000000,0.000000,4,12,1664
traj_samples/mcity_k1,116,1545236113.881852,1,-0.104890,-0.104890,-0.104890,0.000000,0.000000,4,12,1674
traj_samples/mcity_k1,117,1545236114.901885,1,-0.083593,-0.083593,-0.083593,0.000000,0.000000,4,12,1684
traj_samples/mcity_k1,118,1545236117.901838,1,-0.080985,-0.080985,-0.080985,0.000000,0.000000,4,12,1714
traj_samples/mcity_k1,119,1545236118.881874,1,-0.100213,-0.100213,-0.100213,0.000000,0.000000,4,12,1724
traj_samples/mcity_k1,120,1545236119.921811,1,-0.059394,-0.059394,-0.059394,0.000000,0.000000,4,12,1734
traj_samples/mcity_k1,121,1545236120.901822,1,-0.078224,-0.078224,-0.078224,0.000000,0.000000,4,12,1744
traj_samples/mcity_k1,122,1545236121.901804,1,-0.077632,-0.077632,-0.077632,0.000000,0.000000,4,12,1754
traj_samples/mcity_k1,123,1545236122.921825,1,-0.056638,-0.056638,-0.056638,0.000000,0.000000,4,12,1764
traj_samples/mcity_k1,124,1545236123.921809,1,-0.055425,-0.055425,-0.055425,0.000000,0.000000,4,12,1774
traj_samples/mcity_k1,125,1545236124.921873,1,-0.054743,-0.054743,-0.054743,0.000000,0.000000,4,12,1784
traj_samples/mcity_k1,126,1545236125.901829,1,-0.073937,-0.073937,-0.073937,0.000000,0.000000,4,12,1794
traj_samples/mcity_k1,127,1545236126.881773,1,-0.092713,-0.092713,-0.092713,0.000000,0.000000,4,12,1804
traj_samples/mcity_k1,128,1545236127.921757,1,-0.052109,-0.052109,-0.052109,0.000000,0.000000,4,12,1814
traj_samples/mcity_k1,129,1545236128.901808,1,-0.071171,-0.071171,-0.071171,0.000000,0.000000,4,12,1824
traj_samples/mcity_k1,130,1545236129.881743,1,-0.090041,-0.090041,-0.090041,0.000000,0.000000,4,12,1834
traj_samples/mcity_k1,131,1545236130.921737,1,-0.049352,-0.049352,-0.049352,0.000000,0.000000,4,12,1844
traj_samples/mcity_k1,132,1545236132.901794,1,-0.067222,-0.067222,-0.067222,0.000000,0.000000,4,12,1864
traj_samples/mcity_k1,133,1545236133.921697,1,-0.046700,-0.046700,-0.046700,0.000000,0.000000,4,12,1874
traj_samples/mcity_k1,134,1545236134.901762,1,-0.065586,-0.065586,-0.065586,0.000000,0.000000,4,12,1884
traj_samples/mcity_k1,135,1545236136.921690,1,-0.043934,-0.043934,-0.043934,0.000000,0.000000,4,12,1904
traj_samples/mcity_k1,136,1545236137.901736,1,-0.062948,-0.062948,-0.062948,0.000000,0.000000,4,12,1914
traj_samples/mcity_k1,137,1545236138.921722,1,-0.041703,-0.041703,-0.041703,0.000000,0.000000,4,12,1924
traj_samples/mcity_k1,138,1545236139.921661,1,-0.041221,-0.041221,-0.041221,0.000000,0.000000,4,12,1934
traj_samples/mcity_k1,139,1545236140.901797,1,-0.060142,-0.060142,-0.060142,0.000000,0.000000,4,12,1944
traj_samples/mcity_k1,140,1545236142.921634,1,-0.038453,-0.038453,-0.038453,0.000000,0.000000,4,12,1964
traj_samples/mcity_k1,141,1545236143.901706,1,-0.057484,-0.057484,-0.057484,0.000000,0.000000,4,12,1974
traj_samples/mcity_k1,142,1545236144.901636,1,-0.056402,-0.056402,-0.056402,0.000000,0.000000,4,12,1984
traj_samples/mcity_k1,143,1545236146.901737,1,-0.054677,-0.054677,-0.054677,0.000000,0.000000,4,12,2004
traj_samples/mcity_k1,144,1545236147.881592,1,-0.073713,-0.073713,-0.073713,0.000000,0.000000,4,12,2014
traj_samples/mcity_k1,145,1545236148.921597,1,-0.032915,-0.032915,-0.032915,0.000000,0.000000,4,12,2024
traj_samples/mcity_k1,146,1545236149.901712,1,-0.051905,-0.051905,-0.051905,0.000000,0.000000,4,12,2034
traj_samples/mcity_k1,147,1545236150.921613,1,-0.030756,-0.030756,-0.030756,0.000000,0.000000,4,12,2044
traj_samples/mcity_k1,148,1545236151.901667,1,-0.050212,-0.050212,-0.050212,0.000000,0.000000,4,12,2054
traj_samples/mcity_k1,149,1545236154.901681,1,-0.047409,-0.047409,-0.047409,0.000000,0.000000,4,12,2084
traj_samples/mcity_k1,150,1545236155.881530,1,-0.066671,-0.066671,-0.066671,0.000000,0.000000,4,12,2094
traj_samples/mcity_k1,151,1545236157.901681,1,-0.044623,-0.044623,-0.044623,0.000000,0.000000,4,12,2114
traj_samples/mcity_k1,152,1545236158.921581,1,-0.023814,-0.023814,-0.023814,0.000000,0.000000,4,12,2124
traj_samples/mcity_k1,153,1545236161.901580,1,-0.041090,-0.041090,-0.041090,0.000000,0.000000,4,12,2154
traj_samples/mcity_k1,154,1545236162.921539,1,-0.019947,-0.019947,-0.019947,0.000000,0.000000,4,12,2164
traj_samples/mcity_k1,155,1545236163.881526,1,-0.059225,-0.059225,-0.059225,0.000000,0.000000,4,12,2174
traj_samples/mcity_k1,156,1545236165.901462,1,-0.037247,-0.037247,-0.037247,0.000000,0.000000,4,12,2194
traj_samples/mcity_k1,157,1545236166.881532,1,-0.056541,-0.056541,-0.056541,0.000000,0.000000,4,12,2204
traj_samples/mcity_k1,158,1545236167.901515,1,-0.035574,-0.035574,-0.035574,0.000000,0.000000,4,12,2214
traj_samples/mcity_k1,159,1545236168.901428,1,-0.037284,-0.037284,-0.037284,0.000000,0.000000,4,12,2224
traj_samples/mcity_k1,160,1545236169.921423,1,-0.013999,-0.013999,-0.013999,0.000000,0.000000,4,12,2234
traj_samples/mcity_k1,161,1545236170.901482,1,-0.032864,-0.032864,-0.032864,0.000000,0.000000,4,12,2244
traj_samples/mcity_k1,162,1545236171.921480,1,-0.011849,-0.011849,-0.011849,0.000000,0.000000,4,12,2254
traj_samples/mcity_k1,163,1545236172.921389,1,-0.011112,-0.011112,-0.011112,0.000000,0.000000,4,12,2264
traj_samples/mcity_k1,164,1545236173.901414,1,-0.030252,-0.030252,-0.030252,0.000000,0.000000,4,12,2274
traj_samples/mcity_k1,165,1545236174.921466,1,-0.008904,-0.008904,-0.008904,0.000000,0.000000,4,12,2284
traj_samples/mcity_k1,166,1545236176.901428,1,-0.027445,-0.027445,-0.027445,0.000000,0.000000,4,12,2304
traj_samples/mcity_k1,167,1545236179.901402,1,-0.024726,-0.024726,-0.024726,0.000000,0.000000,4,12,2334
traj_samples/mcity_k1,168,1545236180.881390,1,-0.043531,-0.043531,-0.043531,0.000000,0.000000,4,12,2344
traj_samples/mcity_k1,169,1545236181.901324,1,-0.023011,-0.023011,-0.023011,0.000000,0.000000,4,12,2354
traj_samples/mcity_k1,170,1545236182.921308,1,-0.001999,-0.001999,-0.001999,0.000000,0.000000,4,12,2364
traj_samples/mcity_k1,171,1545236183.921347,1,-0.000718,-0.000718,-0.000718,0.000000,0.000000,4,12,2374
traj_samples/mcity_k1,172,1545236184.901301,1,-0.020162,-0.020162,-0.020162,0.000000,0.000000,4,12,2384
traj_samples/mcity_k1,173,1545236185.881303,1,-0.039280,-0.039280,-0.039280,0.000000,0.000000,4,12,2394
traj_samples/mcity_k1,174,1545236188.881263,1,-0.036614,-0.036614,-0.036614,0.000000,0.000000,4,12,2424
traj_samples/mcity_k1,175,1545236189.921305,1,0.004703,0.004703,0.004703,0.000000,0.000000,4,12,2434
traj_samples/mcity_k1,176,1545236190.901274,1,-0.014706,-0.014706,-0.014706,0.000000,0.000000,4,12,2444
traj_samples/mcity_k1,177,1545236191.881341,1,-0.033803,-0.033803,-0.033803,0.000000,0.000000,4,12,2454
traj_samples/mcity_k1,178,1545236192.921302,1,0.007443,0.007443,0.007443,0.000000,0.000000,4,12,2464
traj_samples/mcity_k1,179,1545236193.901239,1,-0.011962,-0.011962,-0.011962,0.000000,0.000000,4,12,2474
traj_samples/mcity_k1,180,1545236194.881221,1,-0.031074,-0.031074,-0.031074,0.000000,0.000000,4,12,2484
traj_samples/mcity_k1,181,1545236195.901215,1,-0.009918,-0.009918,-0.009918,0.000000,0.000000,4,12,2494
traj_samples/mcity_k1,182,1545236197.921189,1,0.011645,0.011645,0.011645,0.000000,0.000000,4,12,2514
traj_samples/mcity_k1,183,1545236198.901188,1,-0.007130,-0.007130,-0.007130,0.000000,0.000000,4,12,2524
traj_samples/mcity_k1,184,1545236199.921199,1,0.013459,0.013459,0.013459,0.000000,0.000000,4,12,2534
traj_samples/mcity_k1,185,1545236200.901238,1,-0.005537,-0.005537,-0.005537,0.000000,0.000000,4,12,2544
traj_samples/mcity_k1,186,1545236201.901193,1,-0.004305,-0.004305,-0.004305,0.000000,0.000000,4,12,2554
traj_samples/mcity_k1,187,1545236202.921177,1,0.016549,0.016549,0.016549,0.000000,0.000000,4,12,2564
traj_samples/mcity_k1,188,1545236203.901169,1,-0.002930,-0.002930,-0.002930,0.000000,0.000000,4,12,2574
traj_samples/mcity_k1,189,1545236204.881136,1,-0.021676,-0.021676,-0.021676,0.000000,0.000000,4,12,2584
traj_samples/mcity_k1,190,1545236205.921130,1,-0.080673,-0.080673,-0.080673,0.000000,0.000000,4,12,2595
traj_samples/mcity_k1,191,1545236206.901187,1,-0.099989,-0.099989,-0.099989,0.000000,0.000000,4,12,2605
traj_samples/mcity_k1,192,1545236207.901150,1,0.001044,0.001044,0.001044,0.000000,0.000000,4,12,2614
traj_samples/mcity_k1,193,1545236208.701174,1,-0.297887,-0.297887,-0.297887,0.000000,0.000000,4,12,2625
traj_samples/mcity_k1,194,1545236208.701174,1,-1.297211,-1.297211,-1.297211,0.000000,0.000000,4,12,2635
traj_samples/mcity_k1,195,1545236208.701174,1,-2.296387,-2.296387,-2.296387,0.000000,0.000000,4,12,2645
traj_samples/mcity_k2,0,1545235952.923106,1,-0.011394,-0.011394,-0.011394,0.000000,0.000000,4,12,62
traj_samples/mcity_k2,1,1545235956.923071,1,-0.008010,-0.008010,-0.008010,0.000000,0.000000,4,12,102
traj_samples/mcity_k2,2,1545235958.883050,1,-0.045926,-0.045926,-0.045926,0.000000,0.000000,4,12,122
traj_samples/mcity_k2,3,1545235961.883028,1,-0.043224,-0.043224,-0.043224,0.000000,0.000000,4,12,152
traj_samples/mcity_k2,4,1545235963.903080,1,-0.021612,-0.021612,-0.021612,0.000000,0.000000,4,12,172
traj_samples/mcity_k2,5,1545235965.923000,1,0.000087,0.000087,0.000087,0.000000,0.000000,4,12,192
traj_samples/mcity_k2,6,1545235967.902999,1,-0.017765,-0.017765,-0.017765,0.000000,0.000000,4,12,212
traj_samples/mcity_k2,7,1545235969.903026,1,-0.016236,-0.016236,-0.016236,0.000000,0.000000,4,12,232
traj_samples/mcity_k2,8,1545235971.922974,1,0.005551,0.005551,0.005551,0.000000,0.000000,4,12,252
traj_samples/mcity_k2,9,1545235975.883008,1,-0.030745,-0.030745,-0.030745,0.000000,0.000000,4,12,292
traj_samples/mcity_k2,10,1545235977.902895,1,-0.008962,-0.008962,-0.008962,0.000000,0.000000,4,12,312
traj_samples/mcity_k2,11,1545235979.922915,1,0.013181,0.013181,0.013181,0.000000,0.000000,4,12,332
traj_samples/mcity_k2,12,1545235981.882960,1,-0.025229,-0.025229,-0.025229,0.000000,0.000000,4,12,352
traj_samples/mcity_k2,13,1545235983.902869,1,-0.003500,-0.003500,-0.003500,0.000000,0.000000,4,12,372
traj_samples/mcity_k2,14,1545235985.902844,1,-0.001328,-0.001328,-0.001328,0.000000,0.000000,4,12,392
traj_samples/mcity_k2,15,1545235989.902864,1,-0.097508,-0.097508,-0.097508,0.000000,0.000000,4,12,433
traj_samples/mcity_k2,16,1545235991.902853,1,-0.096067,-0.096067,-0.096067,0.000000,0.000000,4,12,453
traj_samples/mcity_k2,17,1545235995.922783,1,-0.072162,-0.072162,-0.072162,0.000000,0.000000,4,12,493
traj_samples/mcity_k2,18,1545235997.882877,1,-0.110546,-0.110546,-0.110546,0.000000,0.000000,4,12,513
traj_samples/mcity_k2,19,1545235999.882800,1,-0.108406,-0.108406,-0.108406,0.000000,0.000000,4,12,533
traj_samples/mcity_k2,20,1545236001.922702,1,-0.066733,-0.066733,-0.066733,0.000000,0.000000,4,12,553
traj_samples/mcity_k2,21,1545236003.902715,1,-0.085144,-0.085144,-0.085144,0.000000,0.000000,4,12,573
traj_samples/mcity_k2,22,1545236005.922679,1,-0.063020,-0.063020,-0.063020,0.000000,0.000000,4,12,593
traj_samples/mcity_k2,23,1545236007.882821,1,-0.101068,-0.101068,-0.101068,0.000000,0.000000,4,12,613
traj_samples/mcity_k2,24,1545236009.902685,1,-0.079713,-0.079713,-0.079713,0.000000,0.000000,4,12,633
traj_samples/mcity_k2,25,1545236011.922659,1,-0.057513,-0.057513,-0.057513,0.000000,0.000000,4,12,653
traj_samples/mcity_k2,26,1545236013.882709,1,-0.096069,-0.096069,-0.096069,0.000000,0.000000,4,12,673
traj_samples/mcity_k2,27,1545236017.922680,1,-0.052067,-0.052067,-0.052067,0.000000,0.000000,4,12,713
traj_samples/mcity_k2,28,1545236020.882621,1,-0.089358,-0.089358,-0.089358,0.000000,0.000000,4,12,743
traj_samples/mcity_k2,29,1545236021.902569,1,-0.068765,-0.068765,-0.068765,0.000000,0.000000,4,12,753
traj_samples/mcity_k2,30,1545236023.922633,1,-0.046616,-0.046616,-0.046616,0.000000,0.000000,4,12,773
traj_samples/mcity_k2,31,1545236025.882617,1,-0.084796,-0.084796,-0.084796,0.000000,0.000000,4,12,793
traj_samples/mcity_k2,32,1545236027.882519,1,-0.083338,-0.083338,-0.083338,0.000000,0.000000,4,12,813
traj_samples/mcity_k2,33,1545236030.882491,1,-0.080529,-0.080529,-0.080529,0.000000,0.000000,4,12,843
traj_samples/mcity_k2,34,1545236031.922488,1,-0.039313,-0.039313,-0.039313,0.000000,0.000000,4,12,853
traj_samples/mcity_k2,35,1545236034.922493,1,-0.036563,-0.036563,-0.036563,0.000000,0.000000,4,12,883
traj_samples/mcity_k2,36,1545236037.902443,1,-0.053888,-0.053888,-0.053888,0.000000,0.000000,4,12,913
traj_samples/mcity_k2,37,1545236039.922448,1,-0.032341,-0.032341,-0.032341,0.000000,0.000000,4,12,933
traj_samples/mcity_k2,38,1545236041.922422,1,-0.030216,-0.030216,-0.030216,0.000000,0.000000,4,12,953
traj_samples/mcity_k2,39,1545236043.902399,1,-0.048471,-0.048471,-0.048471,0.000000,0.000000,4,12,973
traj_samples/mcity_k2,40,1545236046.882434,1,-0.065703,-0.065703,-0.065703,0.000000,0.000000,4,12,1003
traj_samples/mcity_k2,41,1545236048.902375,1,-0.044272,-0.044272,-0.044272,0.000000,0.000000,4,12,1023
traj_samples/mcity_k2,42,1545236050.902428,1,-0.041964,-0.041964,-0.041964,0.000000,0.000000,4,12,1043
traj_samples/mcity_k2,43,1545236052.922340,1,-0.020197,-0.020197,-0.020197,0.000000,0.000000,4,12,1063
traj_samples/mcity_k2,44,1545236055.902403,1,-0.037377,-0.037377,-0.037377,0.000000,0.000000,4,12,1093
traj_samples/mcity_k2,45,1545236057.922314,1,-0.015963,-0.015963,-0.015963,0.000000,0.000000,4,12,1113
traj_samples/mcity_k2,46,1545236059.882276,1,-0.053797,-0.053797,-0.053797,0.000000,0.000000,4,12,1133
traj_samples/mcity_k2,47,1545236060.922315,1,-0.013137,-0.013137,-0.013137,0.000000,0.000000,4,12,1143
traj_samples/mcity_k2,48,1545236063.922281,1,-0.010434,-0.010434,-0.010434,0.000000,0.000000,4,12,1173
traj_samples/mcity_k2,49,1545236066.922266,1,-0.007666,-0.007666,-0.007666,0.000000,0.000000,4,12,1203
traj_samples/mcity_k2,50,1545236069.922260,1,-0.005002,-0.005002,-0.005002,0.000000,0.000000,4,12,1233
traj_samples/mcity_k2,51,1545236070.902199,1,-0.023778,-0.023778,-0.023778,0.000000,0.000000,4,12,1243
traj_samples/mcity_k2,52,1545236073.882236,1,-0.041017,-0.041017,-0.041017,0.000000,0.000000,4,12,1273
traj_samples/mcity_k2,53,1545236075.902159,1,-0.019530,-0.019530,-0.019530,0.000000,0.000000,4,12,1293
traj_samples/mcity_k2,54,1545236077.922225,1,0.002665,0.002665,0.002665,0.000000,0.000000,4,12,1313
traj_samples/mcity_k2,55,1545236080.922125,1,0.005196,0.005196,0.005196,0.000000,0.000000,4,12,1343
traj_samples/mcity_k2,56,1545236082.882157,1,-0.032791,-0.032791,-0.032791,0.000000,0.000000,4,12,1363
traj_samples/mcity_k2,57,1545236083.902162,1,-0.011906,-0.011906,-0.011906,0.000000,0.000000,4,12,1373
traj_samples/mcity_k2,58,1545236085.922084,1,0.009781,0.009781,0.009781,0.000000,0.000000,4,12,1393
traj_samples/mcity_k2,59,1545236087.922098,1,0.011386,0.011386,0.011386,0.000000,0.000000,4,12,1413
traj_samples/mcity_k2,60,1545236089.882042,1,-0.026514,-0.026514,-0.026514,0.000000,0.000000,4,12,1433
traj_samples/mcity_k2,61,1545236092.882114,1,-0.023642,-0.023642,-0.023642,0.000000,0.000000,4,12,1463
traj_samples/mcity_k2,62,1545236094.902024,1,-0.001992,-0.001992,-0.001992,0.000000,0.000000,4,12,1483
traj_samples/mcity_k2,63,1545236096.902021,1,-0.100040,-0.100040,-0.100040,0.000000,0.000000,4,12,1504
traj_samples/mcity_k2,64,1545236098.902065,1,-0.098471,-0.098471,-0.098471,0.000000,0.000000,4,12,1524
traj_samples/mcity_k2,65,1545236100.921971,1,-0.076676,-0.076676,-0.076676,0.000000,0.000000,4,12,1544
traj_samples/mcity_k2,66,1545236103.901969,1,-0.093932,-0.093932,-0.093932,0.000000,0.000000,4,12,1574
traj_samples/mcity_k2,67,1545236105.921948,1,-0.071857,-0.071857,-0.071857,0.000000,0.000000,4,12,1594
traj_samples/mcity_k2,68,1545236108.901975,1,-0.089387,-0.089387,-0.089387,0.000000,0.000000,4,12,1624
traj_samples/mcity_k2,69,1545236109.901900,1,-0.088750,-0.088750,-0.088750,0.000000,0.000000,4,12,1634
traj_samples/mcity_k2,70,1545236111.921944,1,-0.066261,-0.066261,-0.066261,0.000000,0.000000,4,12,1654
traj_samples/mcity_k2,71,1545236114.901885,1,-0.083593,-0.083593,-0.083593,0.000000,0.000000,4,12,1684
traj_samples/mcity_k2,72,1545236115.921826,1,-0.063146,-0.063146,-0.063146,0.000000,0.000000,4,12,1694
traj_samples/mcity_k2,73,1545236118.881874,1,-0.100213,-0.100213,-0.100213,0.000000,0.000000,4,12,1724
traj_samples/mcity_k2,74,1545236119.921811,1,-0.059394,-0.059394,-0.059394,0.000000,0.000000,4,12,1734
traj_samples/mcity_k2,75,1545236121.901804,1,-0.077632,-0.077632,-0.077632,0.000000,0.000000,4,12,1754
traj_samples/mcity_k2,76,1545236123.921809,1,-0.055425,-0.055425,-0.055425,0.000000,0.000000,4,12,1774
traj_samples/mcity_k2,77,1545236125.901829,1,-0.073937,-0.073937,-0.073937,0.000000,0.000000,4,12,1794
traj_samples/mcity_k2,78,1545236126.881773,1,-0.092713,-0.092713,-0.092713,0.000000,0.000000,4,12,1804
traj_samples/mcity_k2,79,1545236128.901808,1,-0.071171,-0.071171,-0.071171,0.000000,0.000000,4,12,1824
traj_samples/mcity_k2,80,1545236130.921737,1,-0.049352,-0.049352,-0.049352,0.000000,0.000000,4,12,1844
traj_samples/mcity_k2,81,1545236132.901794,1,-0.067222,-0.067222,-0.067222,0.000000,0.000000,4,12,1864
traj_samples/mcity_k2,82,1545236134.901762,1,-0.065586,-0.065586,-0.065586,0.000000,0.000000,4,12,1884
traj_samples/mcity_k2,83,1545236136.921690,1,-0.043934,-0.043934,-0.043934,0.000000,0.000000,4,12,1904
traj_samples/mcity_k2,84,1545236138.921722,1,-0.041703,-0.041703,-0.041703,0.000000,0.000000,4,12,1924
traj_samples/mcity_k2,85,1545236141.881711,1,-0.078927,-0.078927,-0.078927,0.000000,0.000000,4,12,1954
traj_samples/mcity_k2,86,1545236143.901706,1,-0.057484,-0.057484,-0.057484,0.000000,0.000000,4,12,1974
traj_samples/mcity_k2,87,1545236145.921607,1,-0.035655,-0.035655,-0.035655,0.000000,0.000000,4,12,1994
traj_samples/mcity_k2,88,1545236147.881592,1,-0.073713,-0.073713,-0.073713,0.000000,0.000000,4,12,2014
traj_samples/mcity_k2,89,1545236149.901712,1,-0.051905,-0.051905,-0.051905,0.000000,0.000000,4,12,2034
traj_samples/mcity_k2,90,1545236152.881558,1,-0.069370,-0.069370,-0.069370,0.000000,0.000000,4,12,2064
traj_samples/mcity_k2,91,1545236153.921569,1,-0.028018,-0.028018,-0.028018,0.000000,0.000000,4,12,2074
traj_samples/mcity_k2,92,1545236156.901679,1,-0.045185,-0.045185,-0.045185,0.000000,0.000000,4,12,2104
traj_samples/mcity_k2,93,1545236159.901609,1,-0.042629,-0.042629,-0.042629,0.000000,0.000000,4,12,2134
traj_samples/mcity_k2,94,1545236161.901580,1,-0.041090,-0.041090,-0.041090,0.000000,0.000000,4,12,2154
traj_samples/mcity_k2,95,1545236163.881526,1,-0.059225,-0.059225,-0.059225,0.000000,0.000000,4,12,2174
traj_samples/mcity_k2,96,1545236166.881532,1,-0.056541,-0.056541,-0.056541,0.000000,0.000000,4,12,2204
traj_samples/mcity_k2,97,1545236168.901428,1,-0.037284,-0.037284,-0.037284,0.000000,0.000000,4,12,2224
traj_samples/mcity_k2,98,1545236170.901482,1,-0.032864,-0.032864,-0.032864,0.000000,0.000000,4,12,2244
traj_samples/mcity_k2,99,1545236172.921389,1,-0.011112,-0.011112,-0.011112,0.000000,0.000000,4,12,2264
traj_samples/mcity_k2,100,1545236175.921376,1,-0.008386,-0.008386,-0.008386,0.000000,0.000000,4,12,2294
traj_samples/mcity_k2,101,1545236177.881368,1,-0.046342,-0.046342,-0.046342,0.000000,0.000000,4,12,2314
traj_samples/mcity_k2,102,1545236180.881390,1,-0.043531,-0.043531,-0.043531,0.000000,0.000000,4,12,2344
traj_samples/mcity_k2,103,1545236182.921308,1,-0.001999,-0.001999,-0.001999,0.000000,0.000000,4,12,2364
traj_samples/mcity_k2,104,1545236184.901301,1,-0.020162,-0.020162,-0.020162,0.000000,0.000000,4,12,2384
traj_samples/mcity_k2,105,1545236186.921347,1,0.002078,0.002078,0.002078,0.000000,0.000000,4,12,2404
traj_samples/mcity_k2,106,1545236188.881263,1,-0.036614,-0.036614,-0.036614,0.000000,0.000000,4,12,2424
traj_samples/mcity_k2,107,1545236190.901274,1,-0.014706,-0.014706,-0.014706,0.000000,0.000000,4,12,2444
traj_samples/mcity_k2,108,1545236193.901239,1,-0.011962,-0.011962,-0.011962,0.000000,0.000000,4,12,2474
traj_samples/mcity_k2,109,1545236195.901215,1,-0.009918,-0.009918,-0.009918,0.000000,0.000000,4,12,2494
traj_samples/mcity_k2,110,1545236197.921189,1,0.011645,0.011645,0.011645,0.000000,0.000000,4,12,2514
traj_samples/mcity_k2,111,1545236199.921199,1,0.013459,0.013459,0.013459,0.000000,0.000000,4,12,2534
traj_samples/mcity_k2,112,1545236201.901193,1,-0.004305,-0.004305,-0.004305,0.000000,0.000000,4,12,2554
traj_samples/mcity_k2,113,1545236202.921177,1,0.016549,0.016549,0.016549,0.000000,0.000000,4,12,2564
traj_samples/mcity_k2,114,1545236203.901169,1,-0.002930,-0.002930,-0.002930,0.000000,0.000000,4,12,2574
traj_samples/mcity_k2,115,1545236204.881136,1,-0.121910,-0.121910,-0.121910,0.000000,0.000000,4,12,2585
traj_samples/mcity_k2,116,1545236206.901187,1,-0.099989,-0.099989,-0.099989,0.000000,0.000000,4,12,2605
traj_samples/mcity_k2,117,1545236208.701174,1,-0.297887,-0.297887,-0.297887,0.000000,0.000000,4,12,2625
traj_samples/mcity_k2,118,1545236208.701174,1,-1.297211,-1.297211,-1.297211,0.000000,0.000000,4,12,2635
traj_samples/mcity_k2,119,1545236208.701174,1,-2.296387,-2.296387,-2.296387,0.000000,0.000000,4,12,2645
traj_samples/mcity_k4,0,1545235952.923106,1,-0.011394,-0.011394,-0.011394,0.000000,0.000000,4,12,62
traj_samples/mcity_k4,1,1545235956.923071,1,-0.008010,-0.008010,-0.008010,0.000000,0.000000,4,12,102
traj_samples/mcity_k4,2,1545235959.923032,1,-0.005333,-0.005333,-0.005333,0.000000,0.000000,4,12,132
traj_samples/mcity_k4,3,1545235962.923022,1,-0.002580,-0.002580,-0.002580,0.000000,0.000000,4,12,162
traj_samples/mcity_k4,4,1545235964.882997,1,-0.040493,-0.040493,-0.040493,0.000000,0.000000,4,12,182
traj_samples/mcity_k4,5,1545235966.923059,1,0.000976,0.000976,0.000976,0.000000,0.000000,4,12,202
traj_samples/mcity_k4,6,1545235968.883028,1,-0.037177,-0.037177,-0.037177,0.000000,0.000000,4,12,222
traj_samples/mcity_k4,7,1545235970.882940,1,-0.035047,-0.035047,-0.035047,0.000000,0.000000,4,12,242
traj_samples/mcity_k4,8,1545235973.922910,1,0.007752,0.007752,0.007752,0.000000,0.000000,4,12,272
traj_samples/mcity_k4,9,1545235975.883008,1,-0.030745,-0.030745,-0.030745,0.000000,0.000000,4,12,292
traj_samples/mcity_k4,10,1545235977.902895,1,-0.008962,-0.008962,-0.008962,0.000000,0.000000,4,12,312
traj_samples/mcity_k4,11,1545235981.882960,1,-0.025229,-0.025229,-0.025229,0.000000,0.000000,4,12,352
traj_samples/mcity_k4,12,1545235983.902869,1,-0.003500,-0.003500,-0.003500,0.000000,0.000000,4,12,372
traj_samples/mcity_k4,13,1545235987.922825,1,0.020166,0.020166,0.020166,0.000000,0.000000,4,12,412
traj_samples/mcity_k4,14,1545235991.902853,1,-0.096067,-0.096067,-0.096067,0.000000,0.000000,4,12,453
traj_samples/mcity_k4,15,1545235993.922772,1,-0.073977,-0.073977,-0.073977,0.000000,0.000000,4,12,473
traj_samples/mcity_k4,16,1545235995.922783,1,-0.072162,-0.072162,-0.072162,0.000000,0.000000,4,12,493
traj_samples/mcity_k4,17,1545235997.882877,1,-0.110546,-0.110546,-0.110546,0.000000,0.000000,4,12,513
traj_samples/mcity_k4,18,1545235999.882800,1,-0.108406,-0.108406,-0.108406,0.000000,0.000000,4,12,533
traj_samples/mcity_k4,19,1545236003.902715,1,-0.085144,-0.085144,-0.085144,0.000000,0.000000,4,12,573
traj_samples/mcity_k4,20,1545236005.922679,1,-0.063020,-0.063020,-0.063020,0.000000,0.000000,4,12,593
traj_samples/mcity_k4,21,1545236007.882821,1,-0.101068,-0.101068,-0.101068,0.000000,0.000000,4,12,613
traj_samples/mcity_k4,22,1545236009.902685,1,-0.079713,-0.079713,-0.079713,0.000000,0.000000,4,12,633
traj_samples/mcity_k4,23,1545236011.922659,1,-0.057513,-0.057513,-0.057513,0.000000,0.000000,4,12,653
traj_samples/mcity_k4,24,1545236013.882709,1,-0.096069,-0.096069,-0.096069,0.000000,0.000000,4,12,673
traj_samples/mcity_k4,25,1545236015.922744,1,-0.054128,-0.054128,-0.054128,0.000000,0.000000,4,12,693
traj_samples/mcity_k4,26,1545236017.922680,1,-0.052067,-0.052067,-0.052067,0.000000,0.000000,4,12,713
traj_samples/mcity_k4,27,1545236021.902569,1,-0.068765,-0.068765,-0.068765,0.000000,0.000000,4,12,753
traj_samples/mcity_k4,28,1545236023.922633,1,-0.046616,-0.046616,-0.046616,0.000000,0.000000,4,12,773
traj_samples/mcity_k4,29,1545236027.882519,1,-0.083338,-0.083338,-0.083338,0.000000,0.000000,4,12,813
traj_samples/mcity_k4,30,1545236030.882491,1,-0.080529,-0.080529,-0.080529,0.000000,0.000000,4,12,843
traj_samples/mcity_k4,31,1545236032.902556,1,-0.058507,-0.058507,-0.058507,0.000000,0.000000,4,12,863
traj_samples/mcity_k4,32,1545236034.922493,1,-0.036563,-0.036563,-0.036563,0.000000,0.000000,4,12,883
traj_samples/mcity_k4,33,1545236038.902442,1,-0.053058,-0.053058,-0.053058,0.000000,0.000000,4,12,923
traj_samples/mcity_k4,34,1545236040.902438,1,-0.051177,-0.051177,-0.051177,0.000000,0.000000,4,12,943
traj_samples/mcity_k4,35,1545236044.922470,1,-0.027388,-0.027388,-0.027388,0.000000,0.000000,4,12,983
traj_samples/mcity_k4,36,1545236046.882434,1,-0.065703,-0.065703,-0.065703,0.000000,0.000000,4,12,1003
traj_samples/mcity_k4,37,1545236048.902375,1,-0.044272,-0.044272,-0.044272,0.000000,0.000000,4,12,1023
traj_samples/mcity_k4,38,1545236052.922340,1,-0.020197,-0.020197,-0.020197,0.000000,0.000000,4,12,1063
traj_samples/mcity_k4,39,1545236054.882306,1,-0.058770,-0.058770,-0.058770,0.000000,0.000000,4,12,1083
traj_samples/mcity_k4,40,1545236056.902365,1,-0.036485,-0.036485,-0.036485,0.000000,0.000000,4,12,1103
traj_samples/mcity_k4,41,1545236060.922315,1,-0.013137,-0.013137,-0.013137,0.000000,0.000000,4,12,1143
traj_samples/mcity_k4,42,1545236063.922281,1,-0.010434,-0.010434,-0.010434,0.000000,0.000000,4,12,1173
traj_samples/mcity_k4,43,1545236065.902293,1,-0.028375,-0.028375,-0.028375,0.000000,0.000000,4,12,1193
traj_samples/mcity_k4,44,1545236067.902213,1,-0.026552,-0.026552,-0.026552,0.000000,0.000000,4,12,1213
traj_samples/mcity_k4,45,1545236069.922260,1,-0.005002,-0.005002,-0.005002,0.000000,0.000000,4,12,1233
traj_samples/mcity_k4,46,1545236071.882316,1,-0.042835,-0.042835,-0.042835,0.000000,0.000000,4,12,1253
traj_samples/mcity_k4,47,1545236073.882236,1,-0.041017,-0.041017,-0.041017,0.000000,0.000000,4,12,1273
traj_samples/mcity_k4,48,1545236075.902159,1,-0.019530,-0.019530,-0.019530,0.000000,0.000000,4,12,1293
traj_samples/mcity_k4,49,1545236079.882269,1,-0.035437,-0.035437,-0.035437,0.000000,0.000000,4,12,1333
traj_samples/mcity_k4,50,1545236081.902133,1,-0.014034,-0.014034,-0.014034,0.000000,0.000000,4,12,1353
traj_samples/mcity_k4,51,1545236084.902142,1,-0.011374,-0.011374,-0.011374,0.000000,0.000000,4,12,1383
traj_samples/mcity_k4,52,1545236088.902062,1,-0.007438,-0.007438,-0.007438,0.000000,0.000000,4,12,1423
traj_samples/mcity_k4,53,1545236090.902130,1,-0.005810,-0.005810,-0.005810,0.000000,0.000000,4,12,1443
traj_samples/mcity_k4,54,1545236092.882114,1,-0.023642,-0.023642,-0.023642,0.000000,0.000000,4,12,1463
traj_samples/mcity_k4,55,1545236096.902021,1,-0.100040,-0.100040,-0.100040,0.000000,0.000000,4,12,1504
traj_samples/mcity_k4,56,1545236098.902065,1,-0.098471,-0.098471,-0.098471,0.000000,0.000000,4,12,1524
traj_samples/mcity_k4,57,1545236101.921944,1,-0.075874,-0.075874,-0.075874,0.000000,0.000000,4,12,1554
traj_samples/mcity_k4,58,1545236104.921991,1,-0.073056,-0.073056,-0.073056,0.000000,0.000000,4,12,1584
traj_samples/mcity_k4,59,1545236106.901981,1,-0.091249,-0.091249,-0.091249,0.000000,0.000000,4,12,1604
traj_samples/mcity_k4,60,1545236109.901900,1,-0.088750,-0.088750,-0.088750,0.000000,0.000000,4,12,1634
traj_samples/mcity_k4,61,1545236113.881852,1,-0.104890,-0.104890,-0.104890,0.000000,0.000000,4,12,1674
traj_samples/mcity_k4,62,1545236115.921826,1,-0.063146,-0.063146,-0.063146,0.000000,0.000000,4,12,1694
traj_samples/mcity_k4,63,1545236119.921811,1,-0.059394,-0.059394,-0.059394,0.000000,0.000000,4,12,1734
traj_samples/mcity_k4,64,1545236121.901804,1,-0.077632,-0.077632,-0.077632,0.000000,0.000000,4,12,1754
traj_samples/mcity_k4,65,1545236125.901829,1,-0.073937,-0.073937,-0.073937,0.000000,0.000000,4,12,1794
traj_samples/mcity_k4,66,1545236127.921757,1,-0.052109,-0.052109,-0.052109,0.000000,0.000000,4,12,1814
traj_samples/mcity_k4,67,1545236129.881743,1,-0.090041,-0.090041,-0.090041,0.000000,0.000000,4,12,1834
traj_samples/mcity_k4,68,1545236131.901794,1,-0.068409,-0.068409,-0.068409,0.000000,0.000000,4,12,1854
traj_samples/mcity_k4,69,1545236134.901762,1,-0.065586,-0.065586,-0.065586,0.000000,0.000000,4,12,1884
traj_samples/mcity_k4,70,1545236138.921722,1,-0.041703,-0.041703,-0.041703,0.000000,0.000000,4,12,1924
traj_samples/mcity_k4,71,1545236142.921634,1,-0.038453,-0.038453,-0.038453,0.000000,0.000000,4,12,1964
traj_samples/mcity_k4,72,1545236146.901737,1,-0.054677,-0.054677,-0.054677,0.000000,0.000000,4,12,2004
traj_samples/mcity_k4,73,1545236149.901712,1,-0.051905,-0.051905,-0.051905,0.000000,0.000000,4,12,2034
traj_samples/mcity_k4,74,1545236153.921569,1,-0.028018,-0.028018,-0.028018,0.000000,0.000000,4,12,2074
traj_samples/mcity_k4,75,1545236156.901679,1,-0.045185,-0.045185,-0.045185,0.000000,0.000000,4,12,2104
traj_samples/mcity_k4,76,1545236158.921581,1,-0.023814,-0.023814,-0.023814,0.000000,0.000000,4,12,2124
traj_samples/mcity_k4,77,1545236160.881557,1,-0.061951,-0.061951,-0.061951,0.000000,0.000000,4,12,2144
traj_samples/mcity_k4,78,1545236164.881593,1,-0.058245,-0.058245,-0.058245,0.000000,0.000000,4,12,2184
traj_samples/mcity_k4,79,1545236167.901515,1,-0.035574,-0.035574,-0.035574,0.000000,0.000000,4,12,2214
traj_samples/mcity_k4,80,1545236170.901482,1,-0.032864,-0.032864,-0.032864,0.000000,0.000000,4,12,2244
traj_samples/mcity_k4,81,1545236174.921466,1,-0.008904,-0.008904,-0.008904,0.000000,0.000000,4,12,2284
traj_samples/mcity_k4,82,1545236176.901428,1,-0.027445,-0.027445,-0.027445,0.000000,0.000000,4,12,2304
traj_samples/mcity_k4,83,1545236179.901402,1,-0.024726,-0.024726,-0.024726,0.000000,0.000000,4,12,2334
traj_samples/mcity_k4,84,1545236183.921347,1,-0.000718,-0.000718,-0.000718,0.000000,0.000000,4,12,2374
traj_samples/mcity_k4,85,1545236187.921297,1,0.002633,0.002633,0.002633,0.000000,0.000000,4,12,2414
traj_samples/mcity_k4,86,1545236190.901274,1,-0.014706,-0.014706,-0.014706,0.000000,0.000000,4,12,2444
traj_samples/mcity_k4,87,1545236192.921302,1,0.007443,0.007443,0.007443,0.000000,0.000000,4,12,2464
traj_samples/mcity_k4,88,1545236194.881221,1,-0.031074,-0.031074,-0.031074,0.000000,0.000000,4,12,2484
traj_samples/mcity_k4,89,1545236196.881266,1,-0.029196,-0.029196,-0.029196,0.000000,0.000000,4,12,2504
traj_samples/mcity_k4,90,1545236198.901188,1,-0.007130,-0.007130,-0.007130,0.000000,0.000000,4,12,2524
traj_samples/mcity_k4,91,1545236200.901238,1,-0.005537,-0.005537,-0.005537,0.000000,0.000000,4,12,2544
traj_samples/mcity_k4,92,1545236202.921177,1,0.016549,0.016549,0.016549,0.000000,0.000000,4,12,2564
traj_samples/mcity_k4,93,1545236204.881136,1,-0.121910,-0.121910,-0.121910,0.000000,0.000000,4,12,2585
traj_samples/mcity_k4,94,1545236206.901187,1,-0.000067,-0.000067,-0.000067,0.000000,0.000000,4,12,2604
traj_samples/mcity_k4,95,1545236208.701174,1,-0.297887,-0.297887,-0.297887,0.000000,0.000000,4,12,2625
traj_samples/mcity_k4,96,1545236208.701174,1,-2.296387,-2.296387,-2.296387,0.000000,0.000000,4,12,2645
traj_samples/waymo_k1,0,1552440196.862068,4,0.000000,0.000000,0.000000,0.000000,0.000000,4,12,16
traj_samples/waymo_k1,1,1552440197.261778,4,0.024986,0.000000,0.099943,0.000000,0.000000,4,12,20
traj_samples/waymo_k1,2,1552440197.661538,4,0.000000,0.000000,0.000000,0.000000,0.000000,4,12,24
traj_samples/waymo_k1,3,1552440198.061558,4,0.000000,0.000000,0.000000,0.000000,0.000000,4,12,28
traj_samples/waymo_k1,4,1552440198.461682,4,0.000000,0.000000,0.000000,0.000000,0.000000,4,12,32
traj_samples/waymo_k1,5,1552440198.861960,4,0.000000,0.000000,0.000000,0.000000,0.000000,4,12,36
traj_samples/waymo_k1,6,1552440199.262213,4,0.000000,0.000000,0.000000,0.000000,0.000000,4,12,40
traj_samples/waymo_k1,7,1552440199.662372,4,0.000000,0.000000,0.000000,0.000000,0.000000,4,12,44
traj_samples/waymo_k1,8,1552440200.062459,4,0.000000,0.000000,0.000000,0.000000,0.000000,4,12,48
traj_samples/waymo_k1,9,1552440200.562515,4,0.000000,0.000000,0.000000,0.000000,0.000000,4,12,53
traj_samples/waymo_k1,10,1552440201.062589,4,0.000000,0.000000,0.000000,0.000000,0.000000,4,12,58
traj_samples/waymo_k1,11,1552440201.462555,4,0.000000,0.000000,0.000000,0.000000,0.000000,4,12,62
traj_samples/waymo_k1,12,1552440201.862530,4,0.000000,0.000000,0.000000,0.000000,0.000000,4,12,66
traj_samples/waymo_k1,13,1552440202.362493,4,0.000000,0.000000,0.000000,0.000000,0.000000,4,12,71
traj_samples/waymo_k1,14,1552440202.762508,4,0.000000,0.000000,0.000000,0.000000,0.000000,4,12,75
traj_samples/waymo_k1,15,1552440203.162558,4,0.000000,0.000000,0.000000,0.000000,0.000000,4,12,79
traj_samples/waymo_k1,16,1552440203.562534,4,0.000000,0.000000,0.000000,0.000000,0.000000,4,12,83
traj_samples/waymo_k1,17,1552440203.962552,4,0.000000,0.000000,0.000000,0.000000,0.000000,4,12,87
traj_samples/waymo_k1,18,1552440204.362522,4,0.000000,0.000000,0.000000,0.000000,0.000000,4,12,91
traj_samples/waymo_k1,19,1552440204.762531,4,0.000000,0.000000,0.000000,0.000000,0.000000,4,12,95
traj_samples/waymo_k1,20,1552440205.162607,4,0.000000,0.000000,0.000000,0.000000,0.000000,4,12,99
traj_samples/waymo_k1,21,1552440205.562555,4,0.000000,0.000000,0.000000,0.000000,0.000000,4,12,103
traj_samples/waymo_k1,22,1552440205.962419,4,0.000000,0.000000,0.000000,0.000000,0.000000,4,12,107
traj_samples/waymo_k1,23,1552440206.362294,4,0.000000,0.000000,0.000000,0.000000,0.000000,4,12,111
traj_samples/waymo_k1,24,1552440206.762344,4,0.000000,0.000000,0.000000,0.000000,0.000000,4,12,115
traj_samples/waymo_k1,25,1552440207.162441,4,0.000000,0.000000,0.000000,0.000000,0.000000,4,12,119
traj_samples/waymo_k1,26,1552440207.562568,4,0.000000,0.000000,0.000000,0.000000,0.000000,4,12,123
traj_samples/waymo_k1,27,1552440207.962624,4,0.000000,0.000000,0.000000,0.000000,0.000000,4,12,127
traj_samples/waymo_k1,28,1552440208.262636,4,-0.199962,-0.199962,-0.199962,0.000000,0.000000,4,12,132
traj_samples/waymo_k1,29,1552440208.862579,4,0.000000,0.000000,0.000000,0.000000,0.000000,4,12,136
traj_samples/waymo_k1,30,1552440209.262542,4,0.000000,0.000000,0.000000,0.000000,0.000000,4,12,140
traj_samples/waymo_k1,31,1552440209.662565,4,0.000000,0.000000,0.000000,0.000000,0.000000,4,12,144
traj_samples/waymo_k1,32,1552440210.062516,4,0.000000,0.000000,0.000000,0.000000,0.000000,4,12,148
traj_samples/waymo_k1,33,1552440210.462502,4,0.000000,0.000000,0.000000,0.000000,0.000000,4,12,152
traj_samples/waymo_k1,34,1552440210.862539,4,0.000000,0.000000,0.000000,0.000000,0.000000,4,12,156
traj_samples/waymo_k1,35,1552440211.262562,4,0.000000,0.000000,0.000000,0.000000,0.000000,4,12,160
traj_samples/waymo_k1,36,1552440211.662525,4,0.000000,0.000000,0.000000,0.000000,0.000000,4,12,164
traj_samples/waymo_k1,37,1552440212.062583,4,0.000000,0.000000,0.000000,0.000000,0.000000,4,12,168
traj_samples/waymo_k1,38,1552440212.462556,4,0.000000,0.000000,0.000000,0.000000,0.000000,4,12,172
traj_samples/waymo_k1,39,1552440212.862531,4,0.000000,0.000000,0.000000,0.000000,0.000000,4,12,176
traj_samples/waymo_k1,40,1552440213.262499,4,0.000000,0.000000,0.000000,0.000000,0.000000,4,12,180
traj_samples/waymo_k1,41,1552440213.662509,4,0.000000,0.000000,0.000000,0.000000,0.000000,4,12,184
traj_samples/waymo_k1,42,1552440213.962499,4,0.000000,0.000000,0.000000,0.000000,0.000000,4,12,187
traj_samples/waymo_k1,43,1552440214.262547,4,0.000000,0.000000,0.000000,0.000000,0.000000,4,12,190
traj_samples/waymo_k1,44,1552440214.562543,4,0.000000,0.000000,0.000000,0.000000,0.000000,4,12,193
traj_samples/waymo_k1,45,1552440214.862533,4,0.000000,0.000000,0.000000,0.000000,0.000000,4,12,196
traj_samples/waymo_k2,0,1552440196.961980,4,0.000000,0.000000,0.000000,0.000000,0.000000,4,12,17
traj_samples/waymo_k2,1,1552440197.561553,4,0.000000,0.000000,0.000000,0.000000,0.000000,4,12,23
traj_samples/waymo_k2,2,1552440198.161543,4,0.000000,0.000000,0.000000,0.000000,0.000000,4,12,29
traj_samples/waymo_k2,3,1552440199.262213,4,0.000000,0.000000,0.000000,0.000000,0.000000,4,12,40
traj_samples/waymo_k2,4,1552440199.962467,4,0.000000,0.000000,0.000000,0.000000,0.000000,4,12,47
traj_samples/waymo_k2,5,1552440200.562515,4,0.000000,0.000000,0.000000,0.000000,0.000000,4,12,53
traj_samples/waymo_k2,6,1552440201.362569,4,0.000000,0.000000,0.000000,0.000000,0.000000,4,12,61
traj_samples/waymo_k2,7,1552440201.962511,4,0.000000,0.000000,0.000000,0.000000,0.000000,4,12,67
traj_samples/waymo_k2,8,1552440202.662482,4,0.000000,0.000000,0.000000,0.000000,0.000000,4,12,74
traj_samples/waymo_k2,9,1552440203.162558,4,0.000000,0.000000,0.000000,0.000000,0.000000,4,12,79
traj_samples/waymo_k2,10,1552440203.662526,4,0.000000,0.000000,0.000000,0.000000,0.000000,4,12,84
traj_samples/waymo_k2,11,1552440204.062537,4,0.000000,0.000000,0.000000,0.000000,0.000000,4,12,88
traj_samples/waymo_k2,12,1552440204.562527,4,0.000000,0.000000,0.000000,0.000000,0.000000,4,12,93
traj_samples/waymo_k2,13,1552440205.062588,4,0.000000,0.000000,0.000000,0.000000,0.000000,4,12,98
traj_samples/waymo_k2,14,1552440205.562555,4,0.000000,0.000000,0.000000,0.000000,0.000000,4,12,103
traj_samples/waymo_k2,15,1552440205.962419,4,0.000000,0.000000,0.000000,0.000000,0.000000,4,12,107
traj_samples/waymo_k2,16,1552440206.462312,4,0.000000,0.000000,0.000000,0.000000,0.000000,4,12,112
traj_samples/waymo_k2,17,1552440206.862362,4,0.000000,0.000000,0.000000,0.000000,0.000000,4,12,116
traj_samples/waymo_k2,18,1552440207.362486,4,0.000000,0.000000,0.000000,0.000000,0.000000,4,12,121
traj_samples/waymo_k2,19,1552440207.862641,4,0.000000,0.000000,0.000000,0.000000,0.000000,4,12,126
traj_samples/waymo_k2,20,1552440208.362613,4,0.000000,0.000000,0.000000,0.000000,0.000000,4,12,131
traj_samples/waymo_k2,21,1552440208.862579,4,0.000000,0.000000,0.000000,0.000000,0.000000,4,12,136
traj_samples/waymo_k2,22,1552440209.362568,4,0.000000,0.000000,0.000000,0.000000,0.000000,4,12,141
traj_samples/waymo_k2,23,1552440209.862538,4,0.000000,0.000000,0.000000,0.000000,0.000000,4,12,146
traj_samples/waymo_k2,24,1552440210.362521,4,0.000000,0.000000,0.000000,0.000000,0.000000,4,12,151
traj_samples/waymo_k2,25,1552440210.762518,4,0.000000,0.000000,0.000000,0.000000,0.000000,4,12,155
traj_samples/waymo_k2,26,1552440211.262562,4,0.000000,0.000000,0.000000,0.000000,0.000000,4,12,160
traj_samples/waymo_k2,27,1552440211.762549,4,0.000000,0.000000,0.000000,0.000000,0.000000,4,12,165
traj_samples/waymo_k2,28,1552440212.262587,4,0.000000,0.000000,0.000000,0.000000,0.000000,4,12,170
traj_samples/waymo_k2,29,1552440212.762544,4,0.000000,0.000000,0.000000,0.000000,0.000000,4,12,175
traj_samples/waymo_k2,30,1552440213.262499,4,0.000000,0.000000,0.000000,0.000000,0.000000,4,12,180
traj_samples/waymo_k2,31,1552440213.762531,4,0.000000,0.000000,0.000000,0.000000,0.000000,4,12,185
traj_samples/waymo_k2,32,1552440214.162524,4,0.000000,0.000000,0.000000,0.000000,0.000000,4,12,189
traj_samples/waymo_k2,33,1552440214.662526,4,0.000000,0.000000,0.000000,0.000000,0.000000,4,12,194
traj_samples/waymo_k4,0,1552440196.862068,4,0.000000,0.000000,0.000000,0.000000,0.000000,4,12,16
traj_samples/waymo_k4,1,1552440197.761529,4,0.000000,0.000000,0.000000,0.000000,0.000000,4,12,25
traj_samples/waymo_k4,2,1552440198.761861,4,0.000000,0.000000,0.000000,0.000000,0.000000,4,12,35
traj_samples/waymo_k4,3,1552440199.562359,4,0.000000,0.000000,0.000000,0.000000,0.000000,4,12,43
traj_samples/waymo_k4,4,1552440200.862590,4,0.000000,0.000000,0.000000,0.000000,0.000000,4,12,56
traj_samples/waymo_k4,5,1552440201.662519,4,0.000000,0.000000,0.000000,0.000000,0.000000,4,12,64
traj_samples/waymo_k4,6,1552440202.462481,4,0.000000,0.000000,0.000000,0.000000,0.000000,4,12,72
traj_samples/waymo_k4,7,1552440203.262548,4,0.000000,0.000000,0.000000,0.000000,0.000000,4,12,80
traj_samples/waymo_k4,8,1552440204.062537,4,0.000000,0.000000,0.000000,0.000000,0.000000,4,12,88
traj_samples/waymo_k4,9,1552440204.862543,4,0.000000,0.000000,0.000000,0.000000,0.000000,4,12,96
traj_samples/waymo_k4,10,1552440205.762516,4,0.000000,0.000000,0.000000,0.000000,0.000000,4,12,105
traj_samples/waymo_k4,11,1552440206.562295,4,0.000000,0.000000,0.000000,0.000000,0.000000,4,12,113
traj_samples/waymo_k4,12,1552440207.462549,4,0.000000,0.000000,0.000000,0.000000,0.000000,4,12,122
traj_samples/waymo_k4,13,1552440208.262636,4,0.000000,0.000000,0.000000,0.000000,0.000000,4,12,130
traj_samples/waymo_k4,14,1552440209.062579,4,0.000000,0.000000,0.000000,0.000000,0.000000,4,12,138
traj_samples/waymo_k4,15,1552440209.862538,4,0.000000,0.000000,0.000000,0.000000,0.000000,4,12,146
traj_samples/waymo_k4,16,1552440210.662502,4,0.000000,0.000000,0.000000,0.000000,0.000000,4,12,154
traj_samples/waymo_k4,17,1552440211.462561,4,0.000000,0.000000,0.000000,0.000000,0.000000,4,12,162
traj_samples/waymo_k4,18,1552440212.262587,4,0.000000,0.000000,0.000000,0.000000,0.000000,4,12,170
traj_samples/waymo_k4,19,1552440213.062490,4,0.000000,0.000000,0.000000,0.000000,0.000000,4,12,178
traj_samples/waymo_k4,20,1552440213.862516,4,0.000000,0.000000,0.000000,0.000000,0.000000,4,12,186
traj_samples/waymo_k4,21,1552440214.762521,4,0.000000,0.000000,0.000000,0.000000,0.000000,4,12,195
traj_samples_default/mcity_k1,0,1545235952.923106,1,-0.011394,-0.011394,-0.011394,0.000000,0.000000,4,12,62
traj_samples_default/mcity_k1,1,1545235953.923077,1,-0.010850,-0.010850,-0.010850,0.000000,0.000000,4,12,72
traj_samples_default/mcity_k1,2,1545235954.923095,1,-0.009954,-0.009954,-0.009954,0.000000,0.000000,4,12,82
traj_samples_default/mcity_k1,3,1545235956.923071,1,-0.008010,-0.008010,-0.008010,0.000000,0.000000,4,12,102
traj_samples_default/mcity_k1,4,1545235957.923048,1,-0.007214,-0.007214,-0.007214,0.000000,0.000000,4,12,112
traj_samples_default/mcity_k1,5,1545235960.903102,1,-0.024335,-0.024335,-0.024335,0.000000,0.000000,4,12,142
traj_samples_default/mcity_k1,6,1545235961.883028,1,-0.043224,-0.043224,-0.043224,0.000000,0.000000,4,12,152
traj_samples_default/mcity_k1,7,1545235962.923022,1,-0.002580,-0.002580,-0.002580,0.000000,0.000000,4,12,162
traj_samples_default/mcity_k1,8,1545235964.882997,1,-0.040493,-0.040493,-0.040493,0.000000,0.000000,4,12,182
traj_samples_default/mcity_k1,9,1545235965.923000,1,0.000087,0.000087,0.000087,0.000000,0.000000,4,12,192
traj_samples_default/mcity_k1,10,1545235966.923059,1,0.000976,0.000976,0.000976,0.000000,0.000000,4,12,202
traj_samples_default/mcity_k1,11,1545235969.903026,1,-0.016236,-0.016236,-0.016236,0.000000,0.000000,4,12,232
traj_samples_default/mcity_k1,12,1545235971.922974,1,0.005551,0.005551,0.005551,0.000000,0.000000,4,12,252
traj_samples_default/mcity_k1,13,1545235972.903028,1,-0.013521,-0.013521,-0.013521,0.000000,0.000000,4,12,262
traj_samples_default/mcity_k1,14,1545235973.922910,1,0.007752,0.007752,0.007752,0.000000,0.000000,4,12,272
traj_samples_default/mcity_k1,15,1545235974.902918,1,-0.011719,-0.011719,-0.011719,0.000000,0.000000,4,12,282
traj_samples_default/mcity_k1,16,1545235975.883008,1,-0.030745,-0.030745,-0.030745,0.000000,0.000000,4,12,292
traj_samples_default/mcity_k1,17,1545235976.922934,1,0.010491,0.010491,0.010491,0.000000,0.000000,4,12,302
traj_samples_default/mcity_k1,18,1545235977.902895,1,-0.008962,-0.008962,-0.008962,0.000000,0.000000,4,12,312
traj_samples_default/mcity_k1,19,1545235978.882946,1,-0.028056,-0.028056,-0.028056,0.000000,0.000000,4,12,322
traj_samples_default/mcity_k1,20,1545235979.922915,1,0.013181,0.013181,0.013181,0.000000,0.000000,4,12,332
traj_samples_default/mcity_k1,21,1545235982.922967,1,0.016029,0.016029,0.016029,0.000000,0.000000,4,12,362
traj_samples_default/mcity_k1,22,1545235985.902844,1,-0.001328,-0.001328,-0.001328,0.000000,0.000000,4,12,392
traj_samples_default/mcity_k1,23,1545235986.882974,1,-0.120170,-0.120170,-0.120170,0.000000,0.000000,4,12,403
traj_samples_default/mcity_k1,24,1545235988.902899,1,-0.098751,-0.098751,-0.098751,0.000000,0.000000,4,12,423
traj_samples_default/mcity_k1,25,1545235990.922870,1,-0.076637,-0.076637,-0.076637,0.000000,0.000000,4,12,443
traj_samples_default/mcity_k1,26,1545235991.902853,1,-0.096067,-0.096067,-0.096067,0.000000,0.000000,4,12,453
traj_samples_default/mcity_k1,27,1545235992.882976,1,-0.114661,-0.114661,-0.114661,0.000000,0.000000,4,12,463
traj_samples_default/mcity_k1,28,1545235993.922772,1,-0.073977,-0.073977,-0.073977,0.000000,0.000000,4,12,473
traj_samples_default/mcity_k1,29,1545235994.902849,1,-0.093372,-0.093372,-0.093372,0.000000,0.000000,4,12,483
traj_samples_default/mcity_k1,30,1545235995.922783,1,-0.072162,-0.072162,-0.072162,0.000000,0.000000,4,12,493
traj_samples_default/mcity_k1,31,1545235996.902841,1,-0.091081,-0.091081,-0.091081,0.000000,0.000000,4,12,503
traj_samples_default/mcity_k1,32,1545235997.882877,1,-0.110546,-0.110546,-0.110546,0.000000,0.000000,4,12,513
traj_samples_default/mcity_k1,33,1545235999.882800,1,-0.108406,-0.108406,-0.108406,0.000000,0.000000,4,12,533
traj_samples_default/mcity_k1,34,1545236001.922702,1,-0.066733,-0.066733,-0.066733,0.000000,0.000000,4,12,553
traj_samples_default/mcity_k1,35,1545236004.882754,1,-0.103844,-0.103844,-0.103844,0.000000,0.000000,4,12,583
traj_samples_default/mcity_k1,36,1545236006.902815,1,-0.082324,-0.082324,-0.082324,0.000000,0.000000,4,12,603
traj_samples_default/mcity_k1,37,1545236007.882821,1,-0.101068,-0.101068,-0.101068,0.000000,0.000000,4,12,613
traj_samples_default/mcity_k1,38,1545236008.922624,1,-0.060418,-0.060418,-0.060418,0.000000,0.000000,4,12,623
traj_samples_default/mcity_k1,39,1545236009.902685,1,-0.079713,-0.079713,-0.079713,0.000000,0.000000,4,12,633
traj_samples_default/mcity_k1,40,1545236010.922653,1,-0.058510,-0.058510,-0.058510,0.000000,0.000000,4,12,643
traj_samples_default/mcity_k1,41,1545236011.922659,1,-0.057513,-0.057513,-0.057513,0.000000,0.000000,4,12,653
traj_samples_default/mcity_k1,42,1545236013.882709,1,-0.096069,-0.096069,-0.096069,0.000000,0.000000,4,12,673
traj_samples_default/mcity_k1,43,1545236014.922673,1,-0.054775,-0.054775,-0.054775,0.000000,0.000000,4,12,683
traj_samples_default/mcity_k1,44,1545236016.902630,1,-0.073019,-0.073019,-0.073019,0.000000,0.000000,4,12,703
traj_samples_default/mcity_k1,45,1545236018.902597,1,-0.071452,-0.071452,-0.071452,0.000000,0.000000,4,12,723
traj_samples_default/mcity_k1,46,1545236019.882693,1,-0.090127,-0.090127,-0.090127,0.000000,0.000000,4,12,733
traj_samples_default/mcity_k1,47,1545236020.882621,1,-0.089358,-0.089358,-0.089358,0.000000,0.000000,4,12,743
traj_samples_default/mcity_k1,48,1545236021.902569,1,-0.068765,-0.068765,-0.068765,0.000000,0.000000,4,12,753
traj_samples_default/mcity_k1,49,1545236022.882689,1,-0.087447,-0.087447,-0.087447,0.000000,0.000000,4,12,763
traj_samples_default/mcity_k1,50,1545236023.922633,1,-0.046616,-0.046616,-0.046616,0.000000,0.000000,4,12,773
traj_samples_default/mcity_k1,51,1545236024.902571,1,-0.066047,-0.066047,-0.066047,0.000000,0.000000,4,12,783
traj_samples_default/mcity_k1,52,1545236025.882617,1,-0.084796,-0.084796,-0.084796,0.000000,0.000000,4,12,793
traj_samples_default/mcity_k1,53,1545236026.902694,1,-0.063705,-0.063705,-0.063705,0.000000,0.000000,4,12,803
traj_samples_default/mcity_k1,54,1545236027.882519,1,-0.083338,-0.083338,-0.083338,0.000000,0.000000,4,12,813
traj_samples_default/mcity_k1,55,1545236029.902567,1,-0.061148,-0.061148,-0.061148,0.000000,0.000000,4,12,833
traj_samples_default/mcity_k1,56,1545236030.882491,1,-0.080529,-0.080529,-0.080529,0.000000,0.000000,4,12,843
traj_samples_default/mcity_k1,57,1545236031.922488,1,-0.039313,-0.039313,-0.039313,0.000000,0.000000,4,12,853
traj_samples_default/mcity_k1,58,1545236033.882473,1,-0.077796,-0.077796,-0.077796,0.000000,0.000000,4,12,873
traj_samples_default/mcity_k1,59,1545236034.922493,1,-0.036563,-0.036563,-0.036563,0.000000,0.000000,4,12,883
traj_samples_default/mcity_k1,60,1545236035.902520,1,-0.055644,-0.055644,-0.055644,0.000000,0.000000,4,12,893
traj_samples_default/mcity_k1,61,1545236037.902443,1,-0.053888,-0.053888,-0.053888,0.000000,0.000000,4,12,913
traj_samples_default/mcity_k1,62,1545236038.902442,1,-0.053058,-0.053058,-0.053058,0.000000,0.000000,4,12,923
traj_samples_default/mcity_k1,63,1545236040.902438,1,-0.051177,-0.051177,-0.051177,0.000000,0.000000,4,12,943
traj_samples_default/mcity_k1,64,1545236042.902428,1,-0.049670,-0.049670,-0.049670,0.000000,0.000000,4,12,963
traj_samples_default/mcity_k1,65,1545236043.902399,1,-0.048471,-0.048471,-0.048471,0.000000,0.000000,4,12,973
traj_samples_default/mcity_k1,66,1545236045.902403,1,-0.046979,-0.046979,-0.046979,0.000000,0.000000,4,12,993
traj_samples_default/mcity_k1,67,1545236048.902375,1,-0.044272,-0.044272,-0.044272,0.000000,0.000000,4,12,1023
traj_samples_default/mcity_k1,68,1545236049.882417,1,-0.062871,-0.062871,-0.062871,0.000000,0.000000,4,12,1033
traj_samples_default/mcity_k1,69,1545236050.902428,1,-0.041964,-0.041964,-0.041964,0.000000,0.000000,4,12,1043
traj_samples_default/mcity_k1,70,1545236052.922340,1,-0.020197,-0.020197,-0.020197,0.000000,0.000000,4,12,1063
traj_samples_default/mcity_k1,71,1545236053.902387,1,-0.039302,-0.039302,-0.039302,0.000000,0.000000,4,12,1073
traj_samples_default/mcity_k1,72,1545236054.882306,1,-0.058770,-0.058770,-0.058770,0.000000,0.000000,4,12,1083
traj_samples_default/mcity_k1,73,1545236055.902403,1,-0.037377,-0.037377,-0.037377,0.000000,0.000000,4,12,1093
traj_samples_default/mcity_k1,74,1545236058.902375,1,-0.034653,-0.034653,-0.034653,0.000000,0.000000,4,12,1123
traj_samples_default/mcity_k1,75,1545236059.882276,1,-0.053797,-0.053797,-0.053797,0.000000,0.000000,4,12,1133
traj_samples_default/mcity_k1,76,1545236060.922315,1,-0.013137,-0.013137,-0.013137,0.000000,0.000000,4,12,1143
traj_samples_default/mcity_k1,77,1545236063.922281,1,-0.010434,-0.010434,-0.010434,0.000000,0.000000,4,12,1173
traj_samples_default/mcity_k1,78,1545236064.902238,1,-0.029262,-0.029262,-0.029262,0.000000,0.000000,4,12,1183
traj_samples_default/mcity_k1,79,1545236066.922266,1,-0.007666,-0.007666,-0.007666,0.000000,0.000000,4,12,1203
traj_samples_default/mcity_k1,80,1545236067.902213,1,-0.026552,-0.026552,-0.026552,0.000000,0.000000,4,12,1213
traj_samples_default/mcity_k1,81,1545236068.882209,1,-0.045616,-0.045616,-0.045616,0.000000,0.000000,4,12,1223
traj_samples_default/mcity_k1,82,1545236069.922260,1,-0.005002,-0.005002,-0.005002,0.000000,0.000000,4,12,1233
traj_samples_default/mcity_k1,83,1545236071.882316,1,-0.042835,-0.042835,-0.042835,0.000000,0.000000,4,12,1253
traj_samples_default/mcity_k1,84,1545236072.902180,1,-0.022300,-0.022300,-0.022300,0.000000,0.000000,4,12,1263
traj_samples_default/mcity_k1,85,1545236074.922160,1,-0.000217,-0.000217,-0.000217,0.000000,0.000000,4,12,1283
traj_samples_default/mcity_k1,86,1545236077.922225,1,0.002665,0.002665,0.002665,0.000000,0.000000,4,12,1313
traj_samples_default/mcity_k1,87,1545236078.902167,1,-0.016749,-0.016749,-0.016749,0.000000,0.000000,4,12,1323
traj_samples_default/mcity_k1,88,1545236079.882269,1,-0.035437,-0.035437,-0.035437,0.000000,0.000000,4,12,1333
traj_samples_default/mcity_k1,89,1545236080.922125,1,0.005196,0.005196,0.005196,0.000000,0.000000,4,12,1343
traj_samples_default/mcity_k1,90,1545236082.882157,1,-0.032791,-0.032791,-0.032791,0.000000,0.000000,4,12,1363
traj_samples_default/mcity_k1,91,1545236083.902162,1,-0.011906,-0.011906,-0.011906,0.000000,0.000000,4,12,1373
traj_samples_default/mcity_k1,92,1545236085.922084,1,0.009781,0.009781,0.009781,0.000000,0.000000,4,12,1393
traj_samples_default/mcity_k1,93,1545236087.922098,1,0.011386,0.011386,0.011386,0.000000,0.000000,4,12,1413
traj_samples_default/mcity_k1,94,1545236088.902062,1,-0.007438,-0.007438,-0.007438,0.000000,0.000000,4,12,1423
traj_samples_default/mcity_k1,95,1545236089.882042,1,-0.026514,-0.026514,-0.026514,0.000000,0.000000,4,12,1433
traj_samples_default/mcity_k1,96,1545236090.902130,1,-0.005810,-0.005810,-0.005810,0.000000,0.000000,4,12,1443
traj_samples_default/mcity_k1,97,1545236093.902008,1,-0.003161,-0.003161,-0.003161,0.000000,0.000000,4,12,1473
traj_samples_default/mcity_k1,98,1545236094.902024,1,-0.001992,-0.001992,-0.001992,0.000000,0.000000,4,12,1483
traj_samples_default/mcity_k1,99,1545236095.922080,1,-0.081239,-0.081239,-0.081239,0.000000,0.000000,4,12,1494
traj_samples_default/mcity_k1,100,1545236098.902065,1,-0.098471,-0.098471,-0.098471,0.000000,0.000000,4,12,1524
traj_samples_default/mcity_k1,101,1545236100.921971,1,-0.076676,-0.076676,-0.076676,0.000000,0.000000,4,12,1544
traj_samples_default/mcity_k1,102,1545236101.921944,1,-0.075874,-0.075874,-0.075874,0.000000,0.000000,4,12,1554
traj_samples_default/mcity_k1,103,1545236102.922086,1,-0.074461,-0.074461,-0.074461,0.000000,0.000000,4,12,1564
traj_samples_default/mcity_k1,104,1545236103.901969,1,-0.093932,-0.093932,-0.093932,0.000000,0.000000,4,12,1574
traj_samples_default/mcity_k1,105,1545236105.921948,1,-0.071857,-0.071857,-0.071857,0.000000,0.000000,4,12,1594
traj_samples_default/mcity_k1,106,1545236106.901981,1,-0.091249,-0.091249,-0.091249,0.000000,0.000000,4,12,1604
traj_samples_default/mcity_k1,107,1545236107.881902,1,-0.110329,-0.110329,-0.110329,0.000000,0.000000,4,12,1614
traj_samples_default/mcity_k1,108,1545236109.901900,1,-0.088750,-0.088750,-0.088750,0.000000,0.000000,4,12,1634
traj_samples_default/mcity_k1,109,1545236112.901949,1,-0.085743,-0.085743,-0.085743,0.000000,0.000000,4,12,1664
traj_samples_default/mcity_k1,110,1545236113.881852,1,-0.104890,-0.104890,-0.104890,0.000000,0.000000,4,12,1674
traj_samples_default/mcity_k1,111,1545236114.901885,1,-0.083593,-0.083593,-0.083593,0.000000,0.000000,4,12,1684
traj_samples_default/mcity_k1,112,1545236115.921826,1,-0.063146,-0.063146,-0.063146,0.000000,0.000000,4,12,1694
traj_samples_default/mcity_k1,113,1545236116.881876,1,-0.102063,-0.102063,-0.102063,0.000000,0.000000,4,12,1704
traj_samples_default/mcity_k1,114,1545236117.901838,1,-0.080985,-0.080985,-0.080985,0.000000,0.000000,4,12,1714
traj_samples_default/mcity_k1,115,1545236118.881874,1,-0.100213,-0.100213,-0.100213,0.000000,0.000000,4,12,1724
traj_samples_default/mcity_k1,116,1545236119.921811,1,-0.059394,-0.059394,-0.059394,0.000000,0.000000,4,12,1734
traj_samples_default/mcity_k1,117,1545236122.921825,1,-0.056638,-0.056638,-0.056638,0.000000,0.000000,4,12,1764
traj_samples_default/mcity_k1,118,1545236123.921809,1,-0.055425,-0.055425,-0.055425,0.000000,0.000000,4,12,1774
traj_samples_default/mcity_k1,119,1545236124.921873,1,-0.054743,-0.054743,-0.054743,0.000000,0.000000,4,12,1784
traj_samples_default/mcity_k1,120,1545236125.901829,1,-0.073937,-0.073937,-0.073937,0.000000,0.000000,4,12,1794
traj_samples_default/mcity_k1,121,1545236126.881773,1,-0.092713,-0.092713,-0.092713,0.000000,0.000000,4,12,1804
traj_samples_default/mcity_k1,122,1545236128.901808,1,-0.071171,-0.071171,-0.071171,0.000000,0.000000,4,12,1824
traj_samples_default/mcity_k1,123,1545236129.881743,1,-0.090041,-0.090041,-0.090041,0.000000,0.000000,4,12,1834
traj_samples_default/mcity_k1,124,1545236132.901794,1,-0.067222,-0.067222,-0.067222,0.000000,0.000000,4,12,1864
traj_samples_default/mcity_k1,125,1545236134.901762,1,-0.065586,-0.065586,-0.065586,0.000000,0.000000,4,12,1884
traj_samples_default/mcity_k1,126,1545236136.921690,1,-0.043934,-0.043934,-0.043934,0.000000,0.000000,4,12,1904
traj_samples_default/mcity_k1,127,1545236137.901736,1,-0.062948,-0.062948,-0.062948,0.000000,0.000000,4,12,1914
traj_samples_default/mcity_k1,128,1545236139.921661,1,-0.041221,-0.041221,-0.041221,0.000000,0.000000,4,12,1934
traj_samples_default/mcity_k1,129,1545236141.881711,1,-0.078927,-0.078927,-0.078927,0.000000,0.000000,4,12,1954
traj_samples_default/mcity_k1,130,1545236142.921634,1,-0.038453,-0.038453,-0.038453,0.000000,0.000000,4,12,1964
traj_samples_default/mcity_k1,131,1545236143.901706,1,-0.057484,-0.057484,-0.057484,0.000000,0.000000,4,12,1974
traj_samples_default/mcity_k1,132,1545236144.901636,1,-0.056402,-0.056402,-0.056402,0.000000,0.000000,4,12,1984
traj_samples_default/mcity_k1,133,1545236146.901737,1,-0.054677,-0.054677,-0.054677,0.000000,0.000000,4,12,2004
traj_samples_default/mcity_k1,134,1545236149.901712,1,-0.051905,-0.051905,-0.051905,0.000000,0.000000,4,12,2034
traj_samples_default/mcity_k1,135,1545236150.921613,1,-0.030756,-0.030756,-0.030756,0.000000,0.000000,4,12,2044
traj_samples_default/mcity_k1,136,1545236152.881558,1,-0.069370,-0.069370,-0.069370,0.000000,0.000000,4,12,2064
traj_samples_default/mcity_k1,137,1545236153.921569,1,-0.028018,-0.028018,-0.028018,0.000000,0.000000,4,12,2074
traj_samples_default/mcity_k1,138,1545236155.881530,1,-0.066671,-0.066671,-0.066671,0.000000,0.000000,4,12,2094
traj_samples_default/mcity_k1,139,1545236156.901679,1,-0.045185,-0.045185,-0.045185,0.000000,0.000000,4,12,2104
traj_samples_default/mcity_k1,140,1545236157.901681,1,-0.044623,-0.044623,-0.044623,0.000000,0.000000,4,12,2114
traj_samples_default/mcity_k1,141,1545236159.901609,1,-0.042629,-0.042629,-0.042629,0.000000,0.000000,4,12,2134
traj_samples_default/mcity_k1,142,1545236160.881557,1,-0.061951,-0.061951,-0.061951,0.000000,0.000000,4,12,2144
traj_samples_default/mcity_k1,143,1545236162.921539,1,-0.019947,-0.019947,-0.019947,0.000000,0.000000,4,12,2164
traj_samples_default/mcity_k1,144,1545236164.881593,1,-0.058245,-0.058245,-0.058245,0.000000,0.000000,4,12,2184
traj_samples_default/mcity_k1,145,1545236166.881532,1,-0.056541,-0.056541,-0.056541,0.000000,0.000000,4,12,2204
traj_samples_default/mcity_k1,146,1545236167.901515,1,-0.035574,-0.035574,-0.035574,0.000000,0.000000,4,12,2214
traj_samples_default/mcity_k1,147,1545236168.901428,1,-0.037284,-0.037284,-0.037284,0.000000,0.000000,4,12,2224
traj_samples_default/mcity_k1,148,1545236169.921423,1,-0.013999,-0.013999,-0.013999,0.000000,0.000000,4,12,2234
traj_samples_default/mcity_k1,149,1545236171.921480,1,-0.011849,-0.011849,-0.011849,0.000000,0.000000,4,12,2254
traj_samples_default/mcity_k1,150,1545236172.921389,1,-0.011112,-0.011112,-0.011112,0.000000,0.000000,4,12,2264
traj_samples_default/mcity_k1,151,1545236174.921466,1,-0.008904,-0.008904,-0.008904,0.000000,0.000000,4,12,2284
traj_samples_default/mcity_k1,152,1545236175.921376,1,-0.008386,-0.008386,-0.008386,0.000000,0.000000,4,12,2294
traj_samples_default/mcity_k1,153,1545236176.901428,1,-0.027445,-0.027445,-0.027445,0.000000,0.000000,4,12,2304
traj_samples_default/mcity_k1,154,1545236177.881368,1,-0.046342,-0.046342,-0.046342,0.000000,0.000000,4,12,2314
traj_samples_default/mcity_k1,155,1545236178.921368,1,-0.005654,-0.005654,-0.005654,0.000000,0.000000,4,12,2324
traj_samples_default/mcity_k1,156,1545236179.901402,1,-0.024726,-0.024726,-0.024726,0.000000,0.000000,4,12,2334
traj_samples_default/mcity_k1,157,1545236180.881390,1,-0.043531,-0.043531,-0.043531,0.000000,0.000000,4,12,2344
traj_samples_default/mcity_k1,158,1545236181.901324,1,-0.023011,-0.023011,-0.023011,0.000000,0.000000,4,12,2354
traj_samples_default/mcity_k1,159,1545236182.921308,1,-0.001999,-0.001999,-0.001999,0.000000,0.000000,4,12,2364
traj_samples_default/mcity_k1,160,1545236183.921347,1,-0.000718,-0.000718,-0.000718,0.000000,0.000000,4,12,2374
traj_samples_default/mcity_k1,161,1545236184.901301,1,-0.020162,-0.020162,-0.020162,0.000000,0.000000,4,12,2384
traj_samples_default/mcity_k1,162,1545236186.921347,1,0.002078,0.002078,0.002078,0.000000,0.000000,4,12,2404
traj_samples_default/mcity_k1,163,1545236187.921297,1,0.002633,0.002633,0.002633,0.000000,0.000000,4,12,2414
traj_samples_default/mcity_k1,164,1545236188.881263,1,-0.036614,-0.036614,-0.036614,0.000000,0.000000,4,12,2424
traj_samples_default/mcity_k1,165,1545236191.881341,1,-0.033803,-0.033803,-0.033803,0.000000,0.000000,4,12,2454
traj_samples_default/mcity_k1,166,1545236192.921302,1,0.007443,0.007443,0.007443,0.000000,0.000000,4,12,2464
traj_samples_default/mcity_k1,167,1545236193.901239,1,-0.011962,-0.011962,-0.011962,0.000000,0.000000,4,12,2474
traj_samples_default/mcity_k1,168,1545236194.881221,1,-0.031074,-0.031074,-0.031074,0.000000,0.000000,4,12,2484
traj_samples_default/mcity_k1,169,1545236195.901215,1,-0.009918,-0.009918,-0.009918,0.000000,0.000000,4,12,2494
traj_samples_default/mcity_k1,170,1545236196.881266,1,-0.029196,-0.029196,-0.029196,0.000000,0.000000,4,12,2504
traj_samples_default/mcity_k1,171,1545236197.921189,1,0.011645,0.011645,0.011645,0.000000,0.000000,4,12,2514
traj_samples_default/mcity_k1,172,1545236198.901188,1,-0.007130,-0.007130,-0.007130,0.000000,0.000000,4,12,2524
traj_samples_default/mcity_k1,173,1545236199.921199,1,0.013459,0.013459,0.013459,0.000000,0.000000,4,12,2534
traj_samples_default/mcity_k1,174,1545236200.901238,1,-0.005537,-0.005537,-0.005537,0.000000,0.000000,4,12,2544
traj_samples_default/mcity_k1,175,1545236201.901193,1,-0.004305,-0.004305,-0.004305,0.000000,0.000000,4,12,2554
traj_samples_default/mcity_k1,176,1545236202.921177,1,0.016549,0.016549,0.016549,0.000000,0.000000,4,12,2564
traj_samples_default/mcity_k1,177,1545236203.901169,1,-0.002930,-0.002930,-0.002930,0.000000,0.000000,4,12,2574
traj_samples_default/mcity_k1,178,1545236204.881136,1,-0.121910,-0.121910,-0.121910,0.000000,0.000000,4,12,2585
traj_samples_default/mcity_k1,179,1545236205.921130,1,-0.080673,-0.080673,-0.080673,0.000000,0.000000,4,12,2595
traj_samples_default/mcity_k1,180,1545236206.901187,1,-0.099989,-0.099989,-0.099989,0.000000,0.000000,4,12,2605
traj_samples_default/mcity_k1,181,1545236207.901150,1,-0.099295,-0.099295,-0.099295,0.000000,0.000000,4,12,2615
traj_samples_default/mcity_k1,182,1545236208.701174,1,-0.297887,-0.297887,-0.297887,0.000000,0.000000,4,12,2625
traj_samples_default/mcity_k1,183,1545236208.701174,1,-1.297211,-1.297211,-1.297211,0.000000,0.000000,4,12,2635
traj_samples_default/mcity_k1,184,1545236208.701174,1,-2.296387,-2.296387,-2.296387,0.000000,0.000000,4,12,2645
traj_samples_default/mcity_k2,0,1545235952.923106,1,-0.011394,-0.011394,-0.011394,0.000000,0.000000,4,12,62
traj_samples_default/mcity_k2,1,1545235956.923071,1,-0.008010,-0.008010,-0.008010,0.000000,0.000000,4,12,102
traj_samples_default/mcity_k2,2,1545235958.883050,1,-0.045926,-0.045926,-0.045926,0.000000,0.000000,4,12,122
traj_samples_default/mcity_k2,3,1545235960.903102,1,-0.024335,-0.024335,-0.024335,0.000000,0.000000,4,12,142
traj_samples_default/mcity_k2,4,1545235962.923022,1,-0.002580,-0.002580,-0.002580,0.000000,0.000000,4,12,162
traj_samples_default/mcity_k2,5,1545235964.882997,1,-0.040493,-0.040493,-0.040493,0.000000,0.000000,4,12,182
traj_samples_default/mcity_k2,6,1545235966.923059,1,0.000976,0.000976,0.000976,0.000000,0.000000,4,12,202
traj_samples_default/mcity_k2,7,1545235968.883028,1,-0.037177,-0.037177,-0.037177,0.000000,0.000000,4,12,222
traj_samples_default/mcity_k2,8,1545235970.882940,1,-0.035047,-0.035047,-0.035047,0.000000,0.000000,4,12,242
traj_samples_default/mcity_k2,9,1545235972.903028,1,-0.013521,-0.013521,-0.013521,0.000000,0.000000,4,12,262
traj_samples_default/mcity_k2,10,1545235974.902918,1,-0.011719,-0.011719,-0.011719,0.000000,0.000000,4,12,282
traj_samples_default/mcity_k2,11,1545235978.882946,1,-0.028056,-0.028056,-0.028056,0.000000,0.000000,4,12,322
traj_samples_default/mcity_k2,12,1545235982.922967,1,0.016029,0.016029,0.016029,0.000000,0.000000,4,12,362
traj_samples_default/mcity_k2,13,1545235986.882974,1,-0.120170,-0.120170,-0.120170,0.000000,0.000000,4,12,403
traj_samples_default/mcity_k2,14,1545235988.902899,1,0.001521,0.001521,0.001521,0.000000,0.000000,4,12,422
traj_samples_default/mcity_k2,15,1545235990.922870,1,-0.076637,-0.076637,-0.076637,0.000000,0.000000,4,12,443
traj_samples_default/mcity_k2,16,1545235992.882976,1,-0.114661,-0.114661,-0.114661,0.000000,0.000000,4,12,463
traj_samples_default/mcity_k2,17,1545235994.902849,1,-0.093372,-0.093372,-0.093372,0.000000,0.000000,4,12,483
traj_samples_default/mcity_k2,18,1545235996.902841,1,-0.091081,-0.091081,-0.091081,0.000000,0.000000,4,12,503
traj_samples_default/mcity_k2,19,1545236000.902746,1,-0.087911,-0.087911,-0.087911,0.000000,0.000000,4,12,543
traj_samples_default/mcity_k2,20,1545236002.882707,1,-0.105878,-0.105878,-0.105878,0.000000,0.000000,4,12,563
traj_samples_default/mcity_k2,21,1545236004.882754,1,-0.103844,-0.103844,-0.103844,0.000000,0.000000,4,12,583
traj_samples_default/mcity_k2,22,1545236005.922679,1,-0.063020,-0.063020,-0.063020,0.000000,0.000000,4,12,593
traj_samples_default/mcity_k2,23,1545236007.882821,1,-0.101068,-0.101068,-0.101068,0.000000,0.000000,4,12,613
traj_samples_default/mcity_k2,24,1545236009.902685,1,-0.079713,-0.079713,-0.079713,0.000000,0.000000,4,12,633
traj_samples_default/mcity_k2,25,1545236011.922659,1,-0.057513,-0.057513,-0.057513,0.000000,0.000000,4,12,653
traj_samples_default/mcity_k2,26,1545236013.882709,1,-0.096069,-0.096069,-0.096069,0.000000,0.000000,4,12,673
traj_samples_default/mcity_k2,27,1545236015.922744,1,-0.054128,-0.054128,-0.054128,0.000000,0.000000,4,12,693
traj_samples_default/mcity_k2,28,1545236017.922680,1,-0.052067,-0.052067,-0.052067,0.000000,0.000000,4,12,713
traj_samples_default/mcity_k2,29,1545236019.882693,1,-0.090127,-0.090127,-0.090127,0.000000,0.000000,4,12,733
traj_samples_default/mcity_k2,30,1545236021.902569,1,-0.068765,-0.068765,-0.068765,0.000000,0.000000,4,12,753
traj_samples_default/mcity_k2,31,1545236022.882689,1,-0.087447,-0.087447,-0.087447,0.000000,0.000000,4,12,763
traj_samples_default/mcity_k2,32,1545236026.902694,1,-0.063705,-0.063705,-0.063705,0.000000,0.000000,4,12,803
traj_samples_default/mcity_k2,33,1545236028.922605,1,-0.041996,-0.041996,-0.041996,0.000000,0.000000,4,12,823
traj_samples_default/mcity_k2,34,1545236031.902514,1,-0.059287,-0.059287,-0.059287,0.000000,0.000000,4,12,853
traj_samples_default/mcity_k2,35,1545236032.902556,1,-0.058507,-0.058507,-0.058507,0.000000,0.000000,4,12,863
traj_samples_default/mcity_k2,36,1545236034.922493,1,-0.036563,-0.036563,-0.036563,0.000000,0.000000,4,12,883
traj_samples_default/mcity_k2,37,1545236036.922458,1,-0.035153,-0.035153,-0.035153,0.000000,0.000000,4,12,903
traj_samples_default/mcity_k2,38,1545236038.902442,1,-0.053058,-0.053058,-0.053058,0.000000,0.000000,4,12,923
traj_samples_default/mcity_k2,39,1545236040.902438,1,-0.051177,-0.051177,-0.051177,0.000000,0.000000,4,12,943
traj_samples_default/mcity_k2,40,1545236044.922470,1,-0.027388,-0.027388,-0.027388,0.000000,0.000000,4,12,983
traj_samples_default/mcity_k2,41,1545236046.882434,1,-0.065703,-0.065703,-0.065703,0.000000,0.000000,4,12,1003
traj_samples_default/mcity_k2,42,1545236048.902375,1,-0.044272,-0.044272,-0.044272,0.000000,0.000000,4,12,1023
traj_samples_default/mcity_k2,43,1545236050.902428,1,-0.041964,-0.041964,-0.041964,0.000000,0.000000,4,12,1043
traj_samples_default/mcity_k2,44,1545236052.922340,1,-0.020197,-0.020197,-0.020197,0.000000,0.000000,4,12,1063
traj_samples_default/mcity_k2,45,1545236055.902403,1,-0.037377,-0.037377,-0.037377,0.000000,0.000000,4,12,1093
traj_samples_default/mcity_k2,46,1545236057.922314,1,-0.015963,-0.015963,-0.015963,0.000000,0.000000,4,12,1113
traj_samples_default/mcity_k2,47,1545236060.922315,1,-0.013137,-0.013137,-0.013137,0.000000,0.000000,4,12,1143
traj_samples_default/mcity_k2,48,1545236064.902238,1,-0.029262,-0.029262,-0.029262,0.000000,0.000000,4,12,1183
traj_samples_default/mcity_k2,49,1545236066.922266,1,-0.007666,-0.007666,-0.007666,0.000000,0.000000,4,12,1203
traj_samples_default/mcity_k2,50,1545236068.882209,1,-0.045616,-0.045616,-0.045616,0.000000,0.000000,4,12,1223
traj_samples_default/mcity_k2,51,1545236070.902199,1,-0.023778,-0.023778,-0.023778,0.000000,0.000000,4,12,1243
traj_samples_default/mcity_k2,52,1545236073.882236,1,-0.041017,-0.041017,-0.041017,0.000000,0.000000,4,12,1273
traj_samples_default/mcity_k2,53,1545236075.902159,1,-0.019530,-0.019530,-0.019530,0.000000,0.000000,4,12,1293
traj_samples_default/mcity_k2,54,1545236077.922225,1,0.002665,0.002665,0.002665,0.000000,0.000000,4,12,1313
traj_samples_default/mcity_k4,0,1545235952.923106,1,-0.011394,-0.011394,-0.011394,0.000000,0.000000,4,12,62
traj_samples_default/mcity_k4,1,1545235958.883050,1,-0.045926,-0.045926,-0.045926,0.000000,0.000000,4,12,122
traj_samples_default/mcity_k4,2,1545235962.923022,1,-0.002580,-0.002580,-0.002580,0.000000,0.000000,4,12,162
traj_samples_default/mcity_k4,3,1545235965.923000,1,0.000087,0.000087,0.000087,0.000000,0.000000,4,12,192
traj_samples_default/mcity_k4,4,1545235967.902999,1,-0.017765,-0.017765,-0.017765,0.000000,0.000000,4,12,212
traj_samples_default/mcity_k4,5,1545235970.882940,1,-0.035047,-0.035047,-0.035047,0.000000,0.000000,4,12,242
traj_samples_default/mcity_k4,6,1545235974.902918,1,-0.011719,-0.011719,-0.011719,0.000000,0.000000,4,12,282
traj_samples_default/mcity_k4,7,1545235977.902895,1,-0.008962,-0.008962,-0.008962,0.000000,0.000000,4,12,312
traj_samples_default/mcity_k4,8,1545235982.922967,1,0.016029,0.016029,0.016029,0.000000,0.000000,4,12,362
traj_samples_default/mcity_k4,9,1545235985.902844,1,-0.001328,-0.001328,-0.001328,0.000000,0.000000,4,12,392
traj_samples_default/mcity_k4,10,1545235988.902899,1,0.001521,0.001521,0.001521,0.000000,0.000000,4,12,422
traj_samples_default/mcity_k4,11,1545235993.922772,1,-0.073977,-0.073977,-0.073977,0.000000,0.000000,4,12,473
traj_samples_default/mcity_k4,12,1545235998.902751,1,-0.089555,-0.089555,-0.089555,0.000000,0.000000,4,12,523
traj_samples_default/mcity_k4,13,1545236001.922702,1,-0.066733,-0.066733,-0.066733,0.000000,0.000000,4,12,553
traj_samples_default/mcity_k4,14,1545236004.882754,1,-0.103844,-0.103844,-0.103844,0.000000,0.000000,4,12,583
traj_samples_default/mcity_k4,15,1545236006.902815,1,-0.082324,-0.082324,-0.082324,0.000000,0.000000,4,12,603
traj_samples_default/mcity_k4,16,1545236010.922653,1,-0.058510,-0.058510,-0.058510,0.000000,0.000000,4,12,643
traj_samples_default/mcity_k4,17,1545236013.882709,1,-0.096069,-0.096069,-0.096069,0.000000,0.000000,4,12,673
traj_samples_default/mcity_k4,18,1545236017.922680,1,-0.052067,-0.052067,-0.052067,0.000000,0.000000,4,12,713
traj_samples_default/mcity_k4,19,1545236019.882693,1,-0.090127,-0.090127,-0.090127,0.000000,0.000000,4,12,733
traj_samples_default/mcity_k4,20,1545236023.922633,1,-0.046616,-0.046616,-0.046616,0.000000,0.000000,4,12,773
traj_samples_default/mcity_k4,21,1545236025.882617,1,-0.084796,-0.084796,-0.084796,0.000000,0.000000,4,12,793
traj_samples_default/mcity_k4,22,1545236027.882519,1,-0.083338,-0.083338,-0.083338,0.000000,0.000000,4,12,813
traj_samples_default/mcity_k4,23,1545236031.922488,1,-0.039313,-0.039313,-0.039313,0.000000,0.000000,4,12,853
traj_samples_default/mcity_k4,24,1545236035.902520,1,-0.055644,-0.055644,-0.055644,0.000000,0.000000,4,12,893
traj_samples_default/mcity_k4,25,1545236037.902443,1,-0.053888,-0.053888,-0.053888,0.000000,0.000000,4,12,913
traj_samples_default/mcity_k4,26,1545236039.922448,1,-0.032341,-0.032341,-0.032341,0.000000,0.000000,4,12,933
traj_samples_default/mcity_k4,27,1545236043.902399,1,-0.048471,-0.048471,-0.048471,0.000000,0.000000,4,12,973
traj_samples_default/mcity_k4,28,1545236047.922363,1,-0.024740,-0.024740,-0.024740,0.000000,0.000000,4,12,1013
traj_samples_default/mcity_k4,29,1545236049.882417,1,-0.062871,-0.062871,-0.062871,0.000000,0.000000,4,12,1033
traj_samples_default/mcity_k4,30,1545236052.922340,1,-0.020197,-0.020197,-0.020197,0.000000,0.000000,4,12,1063
traj_samples_default/mcity_k4,31,1545236054.882306,1,-0.058770,-0.058770,-0.058770,0.000000,0.000000,4,12,1083
traj_samples_default/mcity_k4,32,1545236056.902365,1,-0.036485,-0.036485,-0.036485,0.000000,0.000000,4,12,1103
traj_samples_default/mcity_k4,33,1545236058.902375,1,-0.034653,-0.034653,-0.034653,0.000000,0.000000,4,12,1123
traj_samples_default/mcity_k4,34,1545236060.922315,1,-0.013137,-0.013137,-0.013137,0.000000,0.000000,4,12,1143
traj_samples_default/mcity_k4,35,1545236064.902238,1,-0.029262,-0.029262,-0.029262,0.000000,0.000000,4,12,1183
traj_samples_default/mcity_k4,36,1545236067.902213,1,-0.026552,-0.026552,-0.026552,0.000000,0.000000,4,12,1213
traj_samples_default/mcity_k4,37,1545236070.902199,1,-0.023778,-0.023778,-0.023778,0.000000,0.000000,4,12,1243
traj_samples_default/mcity_k4,38,1545236072.902180,1,-0.022300,-0.022300,-0.022300,0.000000,0.000000,4,12,1263
traj_samples_default/mcity_k4,39,1545236076.882249,1,-0.038360,-0.038360,-0.038360,0.000000,0.000000,4,12,1303
traj_samples_default/mcity_k4,40,1545236080.922125,1,0.005196,0.005196,0.005196,0.000000,0.000000,4,12,1343
traj_samples_default/mcity_k4,41,1545236084.902142,1,-0.011374,-0.011374,-0.011374,0.000000,0.000000,4,12,1383
traj_samples_default/mcity_k4,42,1545236086.902141,1,-0.009177,-0.009177,-0.009177,0.000000,0.000000,4,12,1403
traj_samples_default/mcity_k4,43,1545236088.902062,1,-0.007438,-0.007438,-0.007438,0.000000,0.000000,4,12,1423
traj_samples_default/mcity_k4,44,1545236090.902130,1,-0.005810,-0.005810,-0.005810,0.000000,0.000000,4,12,1443
traj_samples_default/mcity_k4,45,1545236093.902008,1,-0.003161,-0.003161,-0.003161,0.000000,0.000000,4,12,1473
traj_samples_default/mcity_k4,46,1545236096.902021,1,-0.100040,-0.100040,-0.100040,0.000000,0.000000,4,12,1504
traj_samples_default/mcity_k4,47,1545236100.921971,1,-0.076676,-0.076676,-0.076676,0.000000,0.000000,4,12,1544
traj_samples_default/mcity_k4,48,1545236104.921991,1,-0.073056,-0.073056,-0.073056,0.000000,0.000000,4,12,1584
traj_samples_default/mcity_k4,49,1545236106.901981,1,-0.091249,-0.091249,-0.091249,0.000000,0.000000,4,12,1604
traj_samples_default/mcity_k4,50,1545236108.901975,1,-0.089387,-0.089387,-0.089387,0.000000,0.000000,4,12,1624
traj_samples_default/mcity_k4,51,1545236110.881882,1,-0.107764,-0.107764,-0.107764,0.000000,0.000000,4,12,1644
traj_samples_default/mcity_k4,52,1545236114.901885,1,-0.083593,-0.083593,-0.083593,0.000000,0.000000,4,12,1684
traj_samples_default/mcity_k4,53,1545236116.881876,1,-0.102063,-0.102063,-0.102063,0.000000,0.000000,4,12,1704
traj_samples_default/mcity_k4,54,1545236120.901822,1,-0.078224,-0.078224,-0.078224,0.000000,0.000000,4,12,1744
traj_samples_default/mcity_k4,55,1545236122.921825,1,-0.056638,-0.056638,-0.056638,0.000000,0.000000,4,12,1764
traj_samples_default/mcity_k4,56,1545236124.921873,1,-0.054743,-0.054743,-0.054743,0.000000,0.000000,4,12,1784
traj_samples_default/mcity_k4,57,1545236126.881773,1,-0.092713,-0.092713,-0.092713,0.000000,0.000000,4,12,1804
traj_samples_default/mcity_k4,58,1545236128.901808,1,-0.071171,-0.071171,-0.071171,0.000000,0.000000,4,12,1824
traj_samples_default/mcity_k4,59,1545236130.921737,1,-0.049352,-0.049352,-0.049352,0.000000,0.000000,4,12,1844
traj_samples_default/mcity_k4,60,1545236132.901794,1,-0.067222,-0.067222,-0.067222,0.000000,0.000000,4,12,1864
traj_samples_default/mcity_k4,61,1545236136.921690,1,-0.043934,-0.043934,-0.043934,0.000000,0.000000,4,12,1904
traj_samples_default/mcity_k4,62,1545236140.901797,1,-0.060142,-0.060142,-0.060142,0.000000,0.000000,4,12,1944
traj_samples_default/mcity_k4,63,1545236143.901706,1,-0.057484,-0.057484,-0.057484,0.000000,0.000000,4,12,1974
traj_samples_default/mcity_k4,64,1545236147.881592,1,-0.073713,-0.073713,-0.073713,0.000000,0.000000,4,12,2014
traj_samples_default/mcity_k4,65,1545236151.901667,1,-0.050212,-0.050212,-0.050212,0.000000,0.000000,4,12,2054
traj_samples_default/mcity_k4,66,1545236155.881530,1,-0.066671,-0.066671,-0.066671,0.000000,0.000000,4,12,2094
traj_samples_default/mcity_k4,67,1545236157.901681,1,-0.044623,-0.044623,-0.044623,0.000000,0.000000,4,12,2114
traj_samples_default/mcity_k4,68,1545236160.881557,1,-0.061951,-0.061951,-0.061951,0.000000,0.000000,4,12,2144
traj_samples_default/mcity_k4,69,1545236163.881526,1,-0.059225,-0.059225,-0.059225,0.000000,0.000000,4,12,2174
traj_samples_default/mcity_k4,70,1545236167.901515,1,-0.035574,-0.035574,-0.035574,0.000000,0.000000,4,12,2214
traj_samples_default/mcity_k4,71,1545236169.921423,1,-0.013999,-0.013999,-0.013999,0.000000,0.000000,4,12,2234
traj_samples_default/mcity_k4,72,1545236171.921480,1,-0.011849,-0.011849,-0.011849,0.000000,0.000000,4,12,2254
traj_samples_default/mcity_k4,73,1545236173.901414,1,-0.030252,-0.030252,-0.030252,0.000000,0.000000,4,12,2274
traj_samples_default/mcity_k4,74,1545236175.921376,1,-0.008386,-0.008386,-0.008386,0.000000,0.000000,4,12,2294
traj_samples_default/mcity_k4,75,1545236179.901402,1,-0.024726,-0.024726,-0.024726,0.000000,0.000000,4,12,2334
traj_samples_default/mcity_k4,76,1545236183.921347,1,-0.000718,-0.000718,-0.000718,0.000000,0.000000,4,12,2374
traj_samples_default/mcity_k4,77,1545236185.881303,1,-0.039280,-0.039280,-0.039280,0.000000,0.000000,4,12,2394
traj_samples_default/mcity_k4,78,1545236187.921297,1,0.002633,0.002633,0.002633,0.000000,0.000000,4,12,2414
traj_samples_default/mcity_k4,79,1545236189.921305,1,0.004703,0.004703,0.004703,0.000000,0.000000,4,12,2434
traj_samples_default/mcity_k4,80,1545236191.881341,1,-0.033803,-0.033803,-0.033803,0.000000,0.000000,4,12,2454
traj_samples_default/mcity_k4,81,1545236193.901239,1,-0.011962,-0.011962,-0.011962,0.000000,0.000000,4,12,2474
traj_samples_default/mcity_k4,82,1545236195.901215,1,-0.009918,-0.009918,-0.009918,0.000000,0.000000,4,12,2494
traj_samples_default/mcity_k4,83,1545236197.921189,1,0.011645,0.011645,0.011645,0.000000,0.000000,4,12,2514
traj_samples_default/mcity_k4,84,1545236199.921199,1,0.013459,0.013459,0.013459,0.000000,0.000000,4,12,2534
traj_samples_default/mcity_k4,85,1545236201.901193,1,-0.004305,-0.004305,-0.004305,0.000000,0.000000,4,12,2554
traj_samples_default/mcity_k4,86,1545236203.901169,1,-0.002930,-0.002930,-0.002930,0.000000,0.000000,4,12,2574
traj_samples_default/mcity_k4,87,1545236205.921130,1,-0.080673,-0.080673,-0.080673,0.000000,0.000000,4,12,2595
traj_samples_default/mcity_k4,88,1545236208.701174,1,-1.297211,-1.297211,-1.297211,0.000000,0.000000,4,12,2635
traj_samples_default/waymo_k1,0,1552440196.862068,4,0.000000,0.000000,0.000000,0.000000,0.000000,4,12,16
traj_samples_default/waymo_k1,1,1552440197.361693,4,0.000000,0.000000,0.000000,0.000000,0.000000,4,12,21
traj_samples_default/waymo_k1,2,1552440197.861510,4,0.000000,0.000000,0.000000,0.000000,0.000000,4,12,26
traj_samples_default/waymo_k1,3,1552440198.261568,4,0.000000,0.000000,0.000000,0.000000,0.000000,4,12,30
traj_samples_default/waymo_k1,4,1552440198.761861,4,0.000000,0.000000,0.000000,0.000000,0.000000,4,12,35
traj_samples_default/waymo_k1,5,1552440199.162145,4,0.000000,0.000000,0.000000,0.000000,0.000000,4,12,39
traj_samples_default/waymo_k1,6,1552440199.462292,4,0.000000,0.000000,0.000000,0.000000,0.000000,4,12,42
traj_samples_default/waymo_k1,7,1552440199.762434,4,0.000000,0.000000,0.000000,0.000000,0.000000,4,12,45
traj_samples_default/waymo_k1,8,1552440200.162477,4,0.000000,0.000000,0.000000,0.000000,0.000000,4,12,49
traj_samples_default/waymo_k1,9,1552440200.462525,4,0.000000,0.000000,0.000000,0.000000,0.000000,4,12,52
traj_samples_default/waymo_k1,10,1552440200.762574,4,0.000000,0.000000,0.000000,0.000000,0.000000,4,12,55
traj_samples_default/waymo_k1,11,1552440201.062589,4,0.000000,0.000000,0.000000,0.000000,0.000000,4,12,58
traj_samples_default/waymo_k1,12,1552440201.462555,4,0.000000,0.000000,0.000000,0.000000,0.000000,4,12,62
traj_samples_default/waymo_k1,13,1552440201.862530,4,0.000000,0.000000,0.000000,0.000000,0.000000,4,12,66
traj_samples_default/waymo_k1,14,1552440202.162491,4,0.000000,0.000000,0.000000,0.000000,0.000000,4,12,69
traj_samples_default/waymo_k1,15,1552440202.562499,4,0.000000,0.000000,0.000000,0.000000,0.000000,4,12,73
traj_samples_default/waymo_k1,16,1552440202.862531,4,0.000000,0.000000,0.000000,0.000000,0.000000,4,12,76
traj_samples_default/waymo_k1,17,1552440203.162558,4,0.000000,0.000000,0.000000,0.000000,0.000000,4,12,79
traj_samples_default/waymo_k1,18,1552440203.462559,4,0.000000,0.000000,0.000000,0.000000,0.000000,4,12,82
traj_samples_default/waymo_k1,19,1552440203.762549,4,0.000000,0.000000,0.000000,0.000000,0.000000,4,12,85
traj_samples_default/waymo_k1,20,1552440204.062537,4,0.000000,0.000000,0.000000,0.000000,0.000000,4,12,88
traj_samples_default/waymo_k1,21,1552440204.462506,4,0.000000,0.000000,0.000000,0.000000,0.000000,4,12,92
traj_samples_default/waymo_k1,22,1552440204.762531,4,0.000000,0.000000,0.000000,0.000000,0.000000,4,12,95
traj_samples_default/waymo_k1,23,1552440205.062588,4,0.000000,0.000000,0.000000,0.000000,0.000000,4,12,98
traj_samples_default/waymo_k1,24,1552440205.362580,4,0.000000,0.000000,0.000000,0.000000,0.000000,4,12,101
traj_samples_default/waymo_k1,25,1552440205.662536,4,0.000000,0.000000,0.000000,0.000000,0.000000,4,12,104
traj_samples_default/waymo_k1,26,1552440206.062392,4,0.000000,0.000000,0.000000,0.000000,0.000000,4,12,108
traj_samples_default/waymo_k1,27,1552440206.462312,4,0.000000,0.000000,0.000000,0.000000,0.000000,4,12,112
traj_samples_default/waymo_k1,28,1552440206.762344,4,0.000000,0.000000,0.000000,0.000000,0.000000,4,12,115
traj_samples_default/waymo_k1,29,1552440207.162441,4,0.000000,0.000000,0.000000,0.000000,0.000000,4,12,119
traj_samples_default/waymo_k1,30,1552440207.462549,4,0.000000,0.000000,0.000000,0.000000,0.000000,4,12,122
traj_samples_default/waymo_k1,31,1552440207.862641,4,0.000000,0.000000,0.000000,0.000000,0.000000,4,12,126
traj_samples_default/waymo_k1,32,1552440208.162619,4,0.000000,0.000000,0.000000,0.000000,0.000000,4,12,129
traj_samples_default/waymo_k1,33,1552440208.462598,4,0.000000,0.000000,0.000000,0.000000,0.000000,4,12,132
traj_samples_default/waymo_k1,34,1552440208.762593,4,0.000000,0.000000,0.000000,0.000000,0.000000,4,12,135
traj_samples_default/waymo_k1,35,1552440209.062579,4,0.000000,0.000000,0.000000,0.000000,0.000000,4,12,138
traj_samples_default/waymo_k1,36,1552440209.462589,4,0.000000,0.000000,0.000000,0.000000,0.000000,4,12,142
traj_samples_default/waymo_k1,37,1552440209.862538,4,0.000000,0.000000,0.000000,0.000000,0.000000,4,12,146
traj_samples_default/waymo_k1,38,1552440210.162511,4,0.000000,0.000000,0.000000,0.000000,0.000000,4,12,149
traj_samples_default/waymo_k1,39,1552440210.562518,4,0.000000,0.000000,0.000000,0.000000,0.000000,4,12,153
traj_samples_default/waymo_k1,40,1552440210.862539,4,0.000000,0.000000,0.000000,0.000000,0.000000,4,12,156
traj_samples_default/waymo_k1,41,1552440211.162579,4,0.000000,0.000000,0.000000,0.000000,0.000000,4,12,159
traj_samples_default/waymo_k1,42,1552440211.462561,4,0.000000,0.000000,0.000000,0.000000,0.000000,4,12,162
traj_samples_default/waymo_k1,43,1552440211.762549,4,0.000000,0.000000,0.000000,0.000000,0.000000,4,12,165
traj_samples_default/waymo_k1,44,1552440212.062583,4,0.000000,0.000000,0.000000,0.000000,0.000000,4,12,168
traj_samples_default/waymo_k1,45,1552440212.462556,4,0.000000,0.000000,0.000000,0.000000,0.000000,4,12,172
traj_samples_default/waymo_k1,46,1552440212.762544,4,0.000000,0.000000,0.000000,0.000000,0.000000,4,12,175
traj_samples_default/waymo_k1,47,1552440213.062490,4,0.000000,0.000000,0.000000,0.000000,0.000000,4,12,178
traj_samples_default/waymo_k1,48,1552440213.462541,4,0.000000,0.000000,0.000000,0.000000,0.000000,4,12,182
traj_samples_default/waymo_k1,49,1552440213.862516,4,0.000000,0.000000,0.000000,0.000000,0.000000,4,12,186
traj_samples_default/waymo_k1,50,1552440214.262547,4,0.000000,0.000000,0.000000,0.000000,0.000000,4,12,190
traj_samples_default/waymo_k1,51,1552440214.662526,4,0.000000,0.000000,0.000000,0.000000,0.000000,4,12,194
traj_samples_default/waymo_k1,52,1552440214.962518,4,0.000000,0.000000,0.000000,0.000000,0.000000,4,12,197
traj_samples_default/waymo_k2,0,1552440196.862068,4,0.000000,0.000000,0.000000,0.000000,0.000000,4,12,16
traj_samples_default/waymo_k2,1,1552440197.461606,4,0.000000,0.000000,0.000000,0.000000,0.000000,4,12,22
traj_samples_default/waymo_k2,2,1552440197.961536,4,0.000000,0.000000,0.000000,0.000000,0.000000,4,12,27
traj_samples_default/waymo_k2,3,1552440198.461682,4,0.000000,0.000000,0.000000,0.000000,0.000000,4,12,32
traj_samples_default/waymo_k2,4,1552440198.962023,4,0.000000,0.000000,0.000000,0.000000,0.000000,4,12,37
traj_samples_default/waymo_k2,5,1552440199.962467,4,0.000000,0.000000,0.000000,0.000000,0.000000,4,12,47
traj_samples_default/waymo_k2,6,1552440200.462525,4,0.000000,0.000000,0.000000,0.000000,0.000000,4,12,52
traj_samples_default/waymo_k2,7,1552440201.162602,4,0.025003,0.000000,0.100013,0.000000,0.000000,4,12,59
traj_samples_default/waymo_k2,8,1552440201.662519,4,0.000000,0.000000,0.000000,0.000000,0.000000,4,12,64
traj_samples_default/waymo_k2,9,1552440202.162491,4,0.000000,0.000000,0.000000,0.000000,0.000000,4,12,69
traj_samples_default/waymo_k2,10,1552440202.762508,4,0.000000,0.000000,0.000000,0.000000,0.000000,4,12,75
traj_samples_default/waymo_k2,11,1552440203.262548,4,0.000000,0.000000,0.000000,0.000000,0.000000,4,12,80
traj_samples_default/waymo_k2,12,1552440203.762549,4,0.000000,0.000000,0.000000,0.000000,0.000000,4,12,85
traj_samples_default/waymo_k2,13,1552440204.262537,4,0.000000,0.000000,0.000000,0.000000,0.000000,4,12,90
traj_samples_default/waymo_k2,14,1552440204.762531,4,0.000000,0.000000,0.000000,0.000000,0.000000,4,12,95
traj_samples_default/waymo_k2,15,1552440205.262596,4,0.000000,0.000000,0.000000,0.000000,0.000000,4,12,100
traj_samples_default/waymo_k2,16,1552440205.762516,4,0.000000,0.000000,0.000000,0.000000,0.000000,4,12,105
traj_samples_default/waymo_k2,17,1552440206.262311,4,0.000000,0.000000,0.000000,0.000000,0.000000,4,12,110
traj_samples_default/waymo_k2,18,1552440206.762344,4,0.000000,0.000000,0.000000,0.000000,0.000000,4,12,115
traj_samples_default/waymo_k2,19,1552440207.262465,4,0.000000,0.000000,0.000000,0.000000,0.000000,4,12,120
traj_samples_default/waymo_k2,20,1552440207.762621,4,0.000000,0.000000,0.000000,0.000000,0.000000,4,12,125
traj_samples_default/waymo_k2,21,1552440208.262636,4,0.000000,0.000000,0.000000,0.000000,0.000000,4,12,130
traj_samples_default/waymo_k2,22,1552440208.762593,4,0.000000,0.000000,0.000000,0.000000,0.000000,4,12,135
traj_samples_default/waymo_k2,23,1552440209.262542,4,0.000000,0.000000,0.000000,0.000000,0.000000,4,12,140
traj_samples_default/waymo_k2,24,1552440209.762556,4,0.000000,0.000000,0.000000,0.000000,0.000000,4,12,145
traj_samples_default/waymo_k2,25,1552440210.262529,4,0.000000,0.000000,0.000000,0.000000,0.000000,4,12,150
traj_samples_default/waymo_k2,26,1552440210.762518,4,0.000000,0.000000,0.000000,0.000000,0.000000,4,12,155
traj_samples_default/waymo_k2,27,1552440211.262562,4,0.000000,0.000000,0.000000,0.000000,0.000000,4,12,160
traj_samples_default/waymo_k2,28,1552440211.762549,4,0.000000,0.000000,0.000000,0.000000,0.000000,4,12,165
traj_samples_default/waymo_k2,29,1552440212.262587,4,0.000000,0.000000,0.000000,0.000000,0.000000,4,12,170
traj_samples_default/waymo_k2,30,1552440212.762544,4,0.000000,0.000000,0.000000,0.000000,0.000000,4,12,175
traj_samples_default/waymo_k2,31,1552440213.262499,4,0.000000,0.000000,0.000000,0.000000,0.000000,4,12,180
traj_samples_default/waymo_k2,32,1552440213.762531,4,0.000000,0.000000,0.000000,0.000000,0.000000,4,12,185
traj_samples_default/waymo_k2,33,1552440214.262547,4,0.000000,0.000000,0.000000,0.000000,0.000000,4,12,190
traj_samples_default/waymo_k2,34,1552440214.762521,4,0.000000,0.000000,0.000000,0.000000,0.000000,4,12,195
traj_samples_default/waymo_k4,0,1552440196.862068,4,0.000000,0.000000,0.000000,0.000000,0.000000,4,12,16
traj_samples_default/waymo_k4,1,1552440197.761529,4,0.000000,0.000000,0.000000,0.000000,0.000000,4,12,25
traj_samples_default/waymo_k4,2,1552440198.761861,4,0.000000,0.000000,0.000000,0.000000,0.000000,4,12,35
traj_samples_default/waymo_k4,3,1552440199.662372,4,0.000000,0.000000,0.000000,0.000000,0.000000,4,12,44
traj_samples_default/waymo_k4,4,1552440201.062589,4,0.000000,0.000000,0.000000,0.000000,0.000000,4,12,58
traj_samples_default/waymo_k4,5,1552440201.962511,4,0.000000,0.000000,0.000000,0.000000,0.000000,4,12,67
traj_samples_default/waymo_k4,6,1552440202.862531,4,0.000000,0.000000,0.000000,0.000000,0.000000,4,12,76
traj_samples_default/waymo_k4,7,1552440203.762549,4,0.000000,0.000000,0.000000,0.000000,0.000000,4,12,85
traj_samples_default/waymo_k4,8,1552440204.562527,4,0.000000,0.000000,0.000000,0.000000,0.000000,4,12,93
traj_samples_default/waymo_k4,9,1552440205.462567,4,0.000000,0.000000,0.000000,0.000000,0.000000,4,12,102
traj_samples_default/waymo_k4,10,1552440206.362294,4,0.000000,0.000000,0.000000,0.000000,0.000000,4,12,111
traj_samples_default/waymo_k4,11,1552440207.262465,4,0.000000,0.000000,0.000000,0.000000,0.000000,4,12,120
traj_samples_default/waymo_k4,12,1552440208.162619,4,0.000000,0.000000,0.000000,0.000000,0.000000,4,12,129
traj_samples_default/waymo_k4,13,1552440209.062579,4,0.000000,0.000000,0.000000,0.000000,0.000000,4,12,138
traj_samples_default/waymo_k4,14,1552440209.962528,4,0.000000,0.000000,0.000000,0.000000,0.000000,4,12,147
traj_samples_default/waymo_k4,15,1552440210.862539,4,0.000000,0.000000,0.000000,0.000000,0.000000,4,12,156
traj_samples_default/waymo_k4,16,1552440211.662525,4,0.000000,0.000000,0.000000,0.000000,0.000000,4,12,164
traj_samples_default/waymo_k4,17,1552440212.462556,4,0.000000,0.000000,0.000000,0.000000,0.000000,4,12,172
traj_samples_default/waymo_k4,18,1552440213.262499,4,0.000000,0.000000,0.000000,0.000000,0.000000,4,12,180
traj_samples_default/waymo_k4,19,1552440214.162524,4,0.000000,0.000000,0.000000,0.000000,0.000000,4,12,189
traj_samples_default/waymo_k4,20,1552440214.962518,4,0.000000,0.000000,0.000000,0.000000,0.000000,4,12,197
