clip_id,t0_us,v1_5_prefill_tokens,v1_5_generated_tokens,v1_5_duration_sec,v1_5_cot,v1_5_min_ade_m,v1_5_min_fde_m,v1_5_pred_xy,v2_prefill_tokens,v2_generated_tokens,v2_duration_sec,v2_cot,v2_min_ade_m,v2_min_fde_m,v2_pred_xy,gt_xy
5fa56c61-e8ed-4c0b-95dd-3e15c40d9f78,5100000,3073,14,5.289,Slow down due to the stopped lead vehicle blocking the lane,1.0364,1.5057,"0.2383,0.0000;0.4667,0.0001;0.6850,0.0003;0.8931,0.0005;1.0911,0.0007;1.2792,0.0009;1.4575,0.0011;1.6260,0.0014;1.7850,0.0016;1.9345,0.0019;2.0745,0.0021;2.2053,0.0023;2.3267,0.0025;2.4388,0.0026;2.5417,0.0028;2.6355,0.0029;2.7203,0.0030;2.7964,0.0031;2.8641,0.0032;2.9238,0.0033;2.9761,0.0034;3.0216,0.0034;3.0605,0.0035;3.0933,0.0035;3.1202,0.0035;3.1417,0.0035;3.1586,0.0036;3.1725,0.0036;3.1849,0.0036;3.1964,0.0036;3.2069,0.0036;3.2163,0.0036;3.2247,0.0036;3.2324,0.0036;3.2401,0.0037;3.2477,0.0037;3.2555,0.0037;3.2632,0.0037;3.2709,0.0037;3.2787,0.0037;3.2864,0.0037;3.2941,0.0037;3.3018,0.0037;3.3096,0.0037;3.3173,0.0037;3.3250,0.0037;3.3327,0.0038;3.3404,0.0038;3.3480,0.0038;3.3557,0.0038;3.3634,0.0038;3.3711,0.0038;3.3788,0.0038;3.3866,0.0038;3.3943,0.0038;3.4020,0.0038;3.4098,0.0038;3.4175,0.0038;3.4252,0.0039;3.4329,0.0039;3.4407,0.0039;3.4484,0.0039;3.4561,0.0039;3.4639,0.0039",0,-1,0.0,SKIPPED,,,,"0.2365,-0.0004;0.4661,-0.0006;0.6877,-0.0008;0.9024,-0.0010;1.1105,-0.0012;1.3127,-0.0017;1.5096,-0.0019;1.7009,-0.0019;1.8871,-0.0024;2.0683,-0.0026;2.2441,-0.0026;2.4144,-0.0028;2.5792,-0.0029;2.7387,-0.0030;2.8922,-0.0031;3.0397,-0.0032;3.1808,-0.0032;3.3154,-0.0033;3.4429,-0.0035;3.5626,-0.0036;3.6748,-0.0037;3.7793,-0.0038;3.8761,-0.0039;3.9658,-0.0040;4.0492,-0.0041;4.1275,-0.0042;4.2019,-0.0043;4.2731,-0.0044;4.3415,-0.0045;4.4065,-0.0046;4.4683,-0.0047;4.5264,-0.0049;4.5806,-0.0050;4.6312,-0.0051;4.6779,-0.0051;4.7211,-0.0052;4.7607,-0.0053;4.7968,-0.0054;4.8294,-0.0054;4.8584,-0.0055;4.8841,-0.0055;4.9066,-0.0056;4.9259,-0.0056;4.9423,-0.0056;4.9558,-0.0056;4.9656,-0.0056;4.9696,-0.0056;4.9696,-0.0056;4.9682,-0.0056;4.9685,-0.0056;4.9695,-0.0056;4.9696,-0.0057;4.9696,-0.0057;4.9696,-0.0057;4.9696,-0.0057;4.9696,-0.0057;4.9696,-0.0057;4.9696,-0.0057;4.9696,-0.0057;4.9696,-0.0057;4.9696,-0.0057;4.9696,-0.0057;4.9696,-0.0057;4.9696,-0.0057"
5fa56c61-e8ed-4c0b-95dd-3e15c40d9f78,6100000,3073,12,4.389,Yield due to workers blocking the lane ahead,0.4087,0.6783,"0.1768,0.0000;0.3498,0.0000;0.5192,0.0000;0.6851,0.0001;0.8476,0.0001;1.0066,0.0002;1.1617,0.0003;1.3126,0.0004;1.4586,0.0006;1.5994,0.0007;1.7345,0.0009;1.8638,0.0011;1.9872,0.0013;2.1044,0.0015;2.2155,0.0017;2.3204,0.0019;2.4193,0.0021;2.5122,0.0023;2.5991,0.0025;2.6801,0.0027;2.7553,0.0029;2.8247,0.0031;2.8884,0.0032;2.9467,0.0034;2.9998,0.0035;3.0482,0.0037;3.0924,0.0038;3.1329,0.0039;3.1701,0.0040;3.2044,0.0041;3.2360,0.0042;3.2652,0.0043;3.2923,0.0044;3.3173,0.0045;3.3404,0.0045;3.3614,0.0046;3.3802,0.0047;3.3965,0.0047;3.4106,0.0048;3.4227,0.0048;3.4331,0.0049;3.4424,0.0049;3.4507,0.0049;3.4582,0.0050;3.4653,0.0050;3.4722,0.0050;3.4790,0.0050;3.4859,0.0051;3.4928,0.0051;3.4997,0.0051;3.5066,0.0051;3.5135,0.0052;3.5203,0.0052;3.5271,0.0052;3.5338,0.0052;3.5404,0.0053;3.5466,0.0053;3.5524,0.0053;3.5577,0.0053;3.5624,0.0053;3.5665,0.0053;3.5704,0.0054;3.5741,0.0054;3.5780,0.0054",0,-1,0.0,SKIPPED,,,,"0.1743,-0.0001;0.3446,-0.0003;0.5094,-0.0005;0.6689,-0.0007;0.8224,-0.0008;0.9700,-0.0009;1.1110,-0.0011;1.2456,-0.0012;1.3731,-0.0014;1.4929,-0.0015;1.6050,-0.0017;1.7095,-0.0018;1.8063,-0.0020;1.8961,-0.0021;1.9794,-0.0022;2.0577,-0.0024;2.1321,-0.0025;2.2034,-0.0026;2.2717,-0.0028;2.3367,-0.0029;2.3985,-0.0031;2.4566,-0.0032;2.5109,-0.0033;2.5614,-0.0034;2.6081,-0.0035;2.6514,-0.0036;2.6909,-0.0037;2.7270,-0.0038;2.7596,-0.0039;2.7886,-0.0039;2.8143,-0.0040;2.8368,-0.0040;2.8561,-0.0041;2.8725,-0.0041;2.8860,-0.0041;2.8958,-0.0042;2.8999,-0.0042;2.8998,-0.0042;2.8984,-0.0041;2.8987,-0.0041;2.8997,-0.0042;2.8998,-0.0042;2.8998,-0.0042;2.8998,-0.0042;2.8998,-0.0042;2.8998,-0.0042;2.8998,-0.0042;2.8998,-0.0042;2.8998,-0.0042;2.8998,-0.0042;2.8998,-0.0042;2.8998,-0.0042;2.8998,-0.0042;2.8998,-0.0042;2.8998,-0.0042;2.8998,-0.0042;2.8998,-0.0042;2.8998,-0.0042;2.8998,-0.0042;2.8998,-0.0042;2.8998,-0.0042;2.8998,-0.0042;2.8998,-0.0042;2.8998,-0.0042"
5fa56c61-e8ed-4c0b-95dd-3e15c40d9f78,7100000,3073,14,4.605,Slow down due to the stopped lead vehicle blocking the lane,0.4276,0.7534,"0.1123,-0.0000;0.2175,-0.0001;0.3160,-0.0001;0.4085,-0.0002;0.4958,-0.0002;0.5787,-0.0003;0.6582,-0.0004;0.7346,-0.0005;0.8086,-0.0006;0.8804,-0.0007;0.9500,-0.0008;1.0176,-0.0009;1.0831,-0.0010;1.1464,-0.0011;1.2077,-0.0012;1.2667,-0.0012;1.3237,-0.0013;1.3786,-0.0014;1.4315,-0.0015;1.4823,-0.0016;1.5310,-0.0017;1.5776,-0.0018;1.6223,-0.0019;1.6652,-0.0020;1.7063,-0.0020;1.7458,-0.0021;1.7834,-0.0022;1.8190,-0.0023;1.8525,-0.0023;1.8836,-0.0024;1.9123,-0.0024;1.9384,-0.0025;1.9621,-0.0025;1.9830,-0.0026;2.0011,-0.0026;2.0162,-0.0027;2.0284,-0.0027;2.0381,-0.0027;2.0459,-0.0027;2.0523,-0.0027;2.0578,-0.0027;2.0627,-0.0028;2.0672,-0.0028;2.0715,-0.0028;2.0756,-0.0028;2.0796,-0.0028;2.0837,-0.0028;2.0879,-0.0028;2.0922,-0.0028;2.0965,-0.0028;2.1008,-0.0028;2.1052,-0.0028;2.1096,-0.0029;2.1140,-0.0029;2.1185,-0.0029;2.1230,-0.0029;2.1275,-0.0029;2.1320,-0.0029;2.1366,-0.0029;2.1411,-0.0029;2.1456,-0.0029;2.1502,-0.0029;2.1548,-0.0029;2.1593,-0.0030",0,-1,0.0,SKIPPED,,,,"0.1111,0.0000;0.2156,-0.0000;0.3124,-0.0000;0.4021,-0.0000;0.4855,-0.0000;0.5637,-0.0001;0.6381,-0.0001;0.7094,-0.0002;0.7777,-0.0002;0.8428,-0.0003;0.9045,-0.0003;0.9627,-0.0004;1.0169,-0.0004;1.0674,-0.0005;1.1142,-0.0005;1.1574,-0.0006;1.1970,-0.0006;1.2330,-0.0006;1.2656,-0.0007;1.2947,-0.0007;1.3204,-0.0007;1.3428,-0.0007;1.3622,-0.0007;1.3786,-0.0008;1.3921,-0.0008;1.4019,-0.0008;1.4059,-0.0008;1.4059,-0.0008;1.4045,-0.0007;1.4048,-0.0007;1.4058,-0.0008;1.4059,-0.0008;1.4059,-0.0008;1.4059,-0.0008;1.4059,-0.0008;1.4059,-0.0008;1.4059,-0.0008;1.4059,-0.0008;1.4059,-0.0008;1.4059,-0.0008;1.4059,-0.0008;1.4059,-0.0008;1.4059,-0.0008;1.4059,-0.0008;1.4059,-0.0008;1.4059,-0.0008;1.4059,-0.0008;1.4059,-0.0008;1.4059,-0.0008;1.4059,-0.0008;1.4059,-0.0008;1.4059,-0.0008;1.4059,-0.0008;1.4059,-0.0008;1.4059,-0.0008;1.4059,-0.0008;1.4059,-0.0008;1.4059,-0.0008;1.4059,-0.0008;1.4059,-0.0008;1.4059,-0.0008;1.4059,-0.0008;1.4059,-0.0008;1.4059,-0.0008"
5fa56c61-e8ed-4c0b-95dd-3e15c40d9f78,8100000,3073,13,4.477,Yield to the stopped lead vehicle blocking the lane,0.1237,0.2705,"0.0617,-0.0000;0.1197,-0.0000;0.1739,-0.0000;0.2244,-0.0000;0.2713,-0.0000;0.3145,-0.0001;0.3541,-0.0001;0.3902,-0.0001;0.4232,-0.0001;0.4531,-0.0001;0.4802,-0.0001;0.5048,-0.0001;0.5270,-0.0001;0.5471,-0.0002;0.5651,-0.0002;0.5813,-0.0002;0.5958,-0.0002;0.6086,-0.0002;0.6196,-0.0002;0.6289,-0.0002;0.6364,-0.0002;0.6427,-0.0002;0.6479,-0.0002;0.6527,-0.0002;0.6572,-0.0002;0.6618,-0.0002;0.6664,-0.0002;0.6712,-0.0002;0.6760,-0.0002;0.6807,-0.0002;0.6853,-0.0002;0.6899,-0.0002;0.6944,-0.0002;0.6988,-0.0002;0.7031,-0.0002;0.7075,-0.0002;0.7118,-0.0002;0.7162,-0.0002;0.7206,-0.0003;0.7250,-0.0003;0.7294,-0.0003;0.7338,-0.0003;0.7382,-0.0003;0.7427,-0.0003;0.7471,-0.0003;0.7516,-0.0003;0.7561,-0.0003;0.7605,-0.0003;0.7650,-0.0003;0.7695,-0.0003;0.7741,-0.0003;0.7786,-0.0003;0.7832,-0.0003;0.7877,-0.0003;0.7922,-0.0003;0.7968,-0.0003;0.8013,-0.0003;0.8059,-0.0003;0.8104,-0.0003;0.8149,-0.0003;0.8194,-0.0003;0.8239,-0.0003;0.8285,-0.0003;0.8330,-0.0003",0,-1,0.0,SKIPPED,,,,"0.0612,-0.0000;0.1193,-0.0000;0.1736,-0.0000;0.2241,-0.0000;0.2708,-0.0000;0.3140,-0.0000;0.3536,-0.0000;0.3897,-0.0000;0.4223,-0.0000;0.4513,-0.0000;0.4770,-0.0000;0.4995,-0.0000;0.5188,-0.0000;0.5352,0.0000;0.5487,0.0000;0.5585,0.0000;0.5625,0.0000;0.5625,0.0000;0.5611,0.0000;0.5614,0.0000;0.5624,0.0000;0.5625,-0.0000;0.5625,-0.0000;0.5625,-0.0000;0.5625,-0.0000;0.5625,-0.0000;0.5625,-0.0000;0.5625,-0.0000;0.5625,-0.0000;0.5625,-0.0000;0.5625,-0.0000;0.5625,-0.0000;0.5625,-0.0000;0.5625,-0.0000;0.5625,-0.0000;0.5625,-0.0000;0.5625,-0.0000;0.5625,-0.0000;0.5625,-0.0000;0.5625,-0.0000;0.5625,-0.0000;0.5625,-0.0000;0.5625,-0.0000;0.5625,-0.0000;0.5625,-0.0000;0.5625,-0.0000;0.5625,-0.0000;0.5625,-0.0000;0.5625,-0.0000;0.5625,-0.0000;0.5625,-0.0000;0.5625,-0.0000;0.5625,-0.0000;0.5625,-0.0000;0.5625,-0.0000;0.5625,-0.0000;0.5625,-0.0000;0.5625,-0.0000;0.5625,-0.0000;0.5625,-0.0000;0.5625,-0.0000;0.5625,-0.0000;0.5625,-0.0000;0.5625,-0.0000"
5fa56c61-e8ed-4c0b-95dd-3e15c40d9f78,9100000,3073,15,4.729,Slow to a stop due to the lead vehicle blocking the lane,0.0247,0.0161,"0.0262,-0.0000;0.0501,-0.0000;0.0720,-0.0000;0.0920,-0.0000;0.1103,-0.0000;0.1269,-0.0000;0.1417,-0.0000;0.1542,-0.0000;0.1634,-0.0000;0.1689,-0.0000;0.1707,-0.0000;0.1699,-0.0000;0.1679,-0.0000;0.1661,-0.0000;0.1647,-0.0000;0.1635,-0.0000;0.1623,-0.0000;0.1608,-0.0000;0.1593,-0.0000;0.1578,-0.0000;0.1562,-0.0000;0.1547,-0.0000;0.1532,-0.0000;0.1516,-0.0000;0.1500,-0.0000;0.1484,-0.0000;0.1469,-0.0000;0.1453,-0.0000;0.1438,-0.0000;0.1423,-0.0000;0.1408,-0.0000;0.1393,-0.0000;0.1378,-0.0000;0.1364,-0.0000;0.1350,-0.0000;0.1335,-0.0000;0.1321,-0.0000;0.1307,-0.0000;0.1292,-0.0000;0.1278,-0.0000;0.1264,-0.0000;0.1250,-0.0000;0.1236,-0.0000;0.1221,-0.0000;0.1207,-0.0000;0.1193,-0.0000;0.1179,-0.0000;0.1166,-0.0000;0.1152,-0.0000;0.1138,-0.0000;0.1125,-0.0000;0.1111,-0.0000;0.1097,-0.0000;0.1084,-0.0000;0.1070,-0.0000;0.1057,-0.0000;0.1043,-0.0000;0.1030,-0.0000;0.1016,-0.0000;0.1003,-0.0000;0.0989,-0.0000;0.0976,-0.0000;0.0962,-0.0000;0.0948,-0.0000",0,-1,0.0,SKIPPED,,,,"0.0254,0.0000;0.0479,0.0000;0.0672,0.0000;0.0836,0.0000;0.0971,0.0000;0.1069,0.0000;0.1109,0.0000;0.1109,0.0000;0.1095,0.0001;0.1098,0.0001;0.1108,0.0000;0.1109,0.0000;0.1109,0.0000;0.1109,0.0000;0.1109,0.0000;0.1109,0.0000;0.1109,0.0000;0.1109,0.0000;0.1109,0.0000;0.1109,0.0000;0.1109,0.0000;0.1109,0.0000;0.1109,0.0000;0.1109,0.0000;0.1109,0.0000;0.1109,0.0000;0.1109,0.0000;0.1109,0.0000;0.1109,0.0000;0.1109,0.0000;0.1109,0.0000;0.1109,0.0000;0.1109,0.0000;0.1109,0.0000;0.1109,0.0000;0.1109,0.0000;0.1109,0.0000;0.1109,0.0000;0.1109,0.0000;0.1109,0.0000;0.1109,0.0000;0.1109,0.0000;0.1109,0.0000;0.1109,0.0000;0.1109,0.0000;0.1109,0.0000;0.1109,0.0000;0.1109,0.0000;0.1109,0.0000;0.1109,0.0000;0.1109,0.0000;0.1109,0.0000;0.1109,0.0000;0.1109,0.0000;0.1109,0.0000;0.1109,0.0000;0.1109,0.0000;0.1109,0.0000;0.1109,0.0000;0.1109,0.0000;0.1109,0.0000;0.1109,0.0000;0.1109,0.0000;0.1109,0.0000"
5fa56c61-e8ed-4c0b-95dd-3e15c40d9f78,10100000,3073,12,4.39,Stop due to the stationary truck blocking the lane,0.0075,0.0132,"0.0011,-0.0000;0.0012,-0.0000;0.0009,-0.0000;0.0005,0.0000;0.0001,0.0000;-0.0002,0.0000;-0.0006,0.0000;-0.0009,0.0000;-0.0012,0.0000;-0.0015,0.0000;-0.0018,0.0000;-0.0021,0.0000;-0.0024,0.0000;-0.0027,0.0000;-0.0029,0.0000;-0.0032,0.0000;-0.0035,0.0000;-0.0037,0.0000;-0.0040,0.0000;-0.0042,0.0000;-0.0044,0.0000;-0.0046,0.0000;-0.0049,0.0000;-0.0051,-0.0000;-0.0053,-0.0000;-0.0055,-0.0000;-0.0057,-0.0000;-0.0059,-0.0000;-0.0060,-0.0000;-0.0063,-0.0000;-0.0065,-0.0000;-0.0067,-0.0000;-0.0069,-0.0000;-0.0071,-0.0000;-0.0073,-0.0000;-0.0076,-0.0000;-0.0078,-0.0000;-0.0080,-0.0000;-0.0082,-0.0000;-0.0083,-0.0000;-0.0085,-0.0000;-0.0087,-0.0000;-0.0089,-0.0000;-0.0091,-0.0000;-0.0093,-0.0000;-0.0095,-0.0000;-0.0097,-0.0000;-0.0099,-0.0000;-0.0101,-0.0000;-0.0103,-0.0000;-0.0105,-0.0000;-0.0106,-0.0000;-0.0108,-0.0000;-0.0109,-0.0000;-0.0111,-0.0000;-0.0112,-0.0000;-0.0113,-0.0000;-0.0114,-0.0000;-0.0115,-0.0000;-0.0116,-0.0000;-0.0118,-0.0000;-0.0119,-0.0000;-0.0120,-0.0000;-0.0121,-0.0000",0,-1,0.0,SKIPPED,,,,"0.0010,-0.0000;0.0011,-0.0000;0.0011,-0.0000;0.0011,-0.0000;0.0011,-0.0000;0.0011,-0.0000;0.0011,-0.0000;0.0011,-0.0000;0.0011,-0.0000;0.0011,-0.0000;0.0011,-0.0000;0.0011,-0.0000;0.0011,-0.0000;0.0011,-0.0000;0.0011,-0.0000;0.0011,-0.0000;0.0011,-0.0000;0.0011,-0.0000;0.0011,-0.0000;0.0011,-0.0000;0.0011,-0.0000;0.0011,-0.0000;0.0011,-0.0000;0.0011,-0.0000;0.0011,-0.0000;0.0011,-0.0000;0.0011,-0.0000;0.0011,-0.0000;0.0011,-0.0000;0.0011,-0.0000;0.0011,-0.0000;0.0011,-0.0000;0.0011,-0.0000;0.0011,-0.0000;0.0011,-0.0000;0.0011,-0.0000;0.0011,-0.0000;0.0011,-0.0000;0.0011,-0.0000;0.0011,-0.0000;0.0011,-0.0000;0.0011,-0.0000;0.0011,-0.0000;0.0011,-0.0000;0.0011,-0.0000;0.0011,-0.0000;0.0011,-0.0000;0.0011,-0.0000;0.0011,-0.0000;0.0011,-0.0000;0.0011,-0.0000;0.0011,-0.0000;0.0011,-0.0000;0.0011,-0.0000;0.0011,-0.0000;0.0011,-0.0000;0.0011,-0.0000;0.0011,-0.0000;0.0011,-0.0000;0.0011,-0.0000;0.0011,-0.0000;0.0011,-0.0000;0.0011,-0.0000;0.0011,-0.0000"
5fa56c61-e8ed-4c0b-95dd-3e15c40d9f78,11100000,3073,14,4.609,Slow down due to the stopped lead vehicle blocking the lane,0.0061,0.0199,"-0.0000,-0.0000;-0.0000,0.0000;-0.0000,0.0000;-0.0000,0.0000;-0.0000,0.0000;-0.0000,0.0000;0.0000,0.0000;0.0000,0.0000;0.0000,0.0000;0.0001,0.0000;0.0001,0.0000;0.0002,0.0000;0.0003,0.0000;0.0003,0.0000;0.0004,0.0000;0.0005,0.0000;0.0006,0.0000;0.0008,0.0000;0.0009,0.0000;0.0011,0.0000;0.0012,0.0000;0.0014,0.0000;0.0016,0.0000;0.0018,0.0000;0.0020,0.0000;0.0022,0.0000;0.0024,0.0000;0.0027,0.0000;0.0029,0.0000;0.0032,0.0000;0.0035,0.0000;0.0038,0.0000;0.0041,0.0000;0.0045,0.0000;0.0049,0.0000;0.0052,0.0000;0.0056,0.0000;0.0060,0.0000;0.0064,0.0000;0.0069,0.0000;0.0073,0.0000;0.0077,0.0000;0.0082,0.0000;0.0086,0.0000;0.0091,0.0000;0.0095,0.0000;0.0100,0.0000;0.0105,0.0000;0.0110,0.0000;0.0115,0.0000;0.0120,0.0000;0.0125,0.0000;0.0131,0.0000;0.0136,0.0000;0.0142,0.0000;0.0148,0.0000;0.0154,0.0000;0.0160,0.0000;0.0166,0.0000;0.0173,0.0000;0.0179,0.0000;0.0186,0.0000;0.0192,0.0000;0.0199,0.0000",0,-1,0.0,SKIPPED,,,,"0.0000,0.0000;0.0000,0.0000;0.0000,0.0000;0.0000,0.0000;0.0000,0.0000;0.0000,0.0000;0.0000,0.0000;0.0000,0.0000;0.0000,0.0000;0.0000,0.0000;0.0000,0.0000;0.0000,0.0000;0.0000,0.0000;0.0000,0.0000;0.0000,0.0000;0.0000,0.0000;0.0000,0.0000;0.0000,0.0000;0.0000,0.0000;0.0000,0.0000;0.0000,0.0000;0.0000,0.0000;0.0000,0.0000;0.0000,0.0000;0.0000,0.0000;0.0000,0.0000;0.0000,0.0000;0.0000,0.0000;0.0000,0.0000;0.0000,0.0000;0.0000,0.0000;0.0000,0.0000;0.0000,0.0000;0.0000,0.0000;0.0000,0.0000;0.0000,0.0000;0.0000,0.0000;0.0000,0.0000;0.0000,0.0000;0.0000,0.0000;0.0000,0.0000;0.0000,0.0000;0.0000,0.0000;0.0000,0.0000;0.0000,0.0000;0.0000,0.0000;0.0000,0.0000;0.0000,0.0000;0.0000,0.0000;0.0000,0.0000;0.0000,0.0000;0.0000,0.0000;0.0000,0.0000;0.0000,0.0000;0.0000,0.0000;0.0000,0.0000;0.0000,0.0000;0.0000,0.0000;0.0000,0.0000;0.0000,0.0000;0.0000,0.0000;0.0000,0.0000;0.0000,0.0000;0.0000,0.0000"
5fa56c61-e8ed-4c0b-95dd-3e15c40d9f78,12100000,3073,12,4.391,Stop due to the lead vehicle blocking the lane,0.0059,0.0161,"-0.0000,-0.0000;0.0000,0.0000;0.0000,0.0000;0.0000,0.0000;0.0001,0.0000;0.0001,0.0000;0.0002,0.0000;0.0002,0.0000;0.0003,0.0000;0.0004,0.0000;0.0005,0.0000;0.0006,0.0000;0.0007,0.0000;0.0008,0.0000;0.0010,0.0000;0.0011,0.0000;0.0013,0.0000;0.0015,0.0000;0.0017,0.0000;0.0019,0.0000;0.0021,0.0000;0.0023,0.0000;0.0025,0.0000;0.0028,0.0000;0.0030,0.0000;0.0032,0.0000;0.0035,0.0000;0.0037,0.0000;0.0040,0.0000;0.0042,-0.0000;0.0045,-0.0000;0.0048,-0.0000;0.0051,-0.0000;0.0054,-0.0000;0.0056,-0.0000;0.0059,-0.0000;0.0062,-0.0000;0.0065,-0.0000;0.0068,-0.0000;0.0071,-0.0000;0.0074,-0.0000;0.0078,-0.0000;0.0081,-0.0000;0.0084,-0.0000;0.0087,-0.0000;0.0090,-0.0000;0.0094,-0.0000;0.0097,-0.0000;0.0100,-0.0000;0.0104,-0.0000;0.0107,-0.0000;0.0111,-0.0000;0.0114,-0.0000;0.0118,-0.0000;0.0122,-0.0000;0.0126,-0.0000;0.0130,-0.0000;0.0134,-0.0000;0.0138,-0.0000;0.0142,-0.0000;0.0147,-0.0000;0.0152,-0.0000;0.0156,-0.0000;0.0161,-0.0000",0,-1,0.0,SKIPPED,,,,"0.0000,0.0000;0.0000,0.0000;0.0000,0.0000;0.0000,0.0000;0.0000,0.0000;0.0000,0.0000;0.0000,0.0000;0.0000,0.0000;0.0000,0.0000;0.0000,0.0000;0.0000,0.0000;0.0000,0.0000;0.0000,0.0000;0.0000,0.0000;0.0000,0.0000;0.0000,0.0000;0.0000,0.0000;0.0000,0.0000;0.0000,0.0000;0.0000,0.0000;0.0000,0.0000;0.0000,0.0000;0.0000,0.0000;0.0000,0.0000;0.0000,0.0000;0.0000,0.0000;0.0000,0.0000;0.0000,0.0000;0.0000,0.0000;0.0000,0.0000;0.0000,0.0000;0.0000,0.0000;0.0000,0.0000;0.0000,0.0000;0.0000,0.0000;0.0000,0.0000;0.0000,0.0000;0.0000,0.0000;0.0000,0.0000;0.0000,0.0000;0.0000,0.0000;0.0000,0.0000;0.0000,0.0000;0.0000,0.0000;0.0000,0.0000;0.0000,0.0000;0.0000,0.0000;0.0000,0.0000;0.0000,0.0000;0.0000,0.0000;0.0000,0.0000;0.0000,0.0000;0.0000,0.0000;0.0000,0.0000;0.0000,0.0000;0.0000,0.0000;0.0000,0.0000;0.0000,0.0000;0.0000,0.0000;0.0000,0.0000;0.0000,0.0000;0.0000,0.0000;0.0000,0.0000;0.0000,0.0000"
5fa56c61-e8ed-4c0b-95dd-3e15c40d9f78,13100000,3073,13,4.493,Stop due to the stopped lead vehicle blocking the lane,0.0041,0.0118,"0.0000,0.0000;0.0000,0.0000;0.0000,0.0000;0.0001,0.0000;0.0001,0.0000;0.0002,0.0000;0.0002,0.0000;0.0003,0.0000;0.0003,0.0000;0.0004,0.0000;0.0005,0.0000;0.0005,0.0000;0.0005,0.0000;0.0006,0.0000;0.0006,0.0000;0.0007,0.0000;0.0007,0.0000;0.0008,0.0000;0.0009,0.0000;0.0010,0.0000;0.0011,0.0000;0.0012,0.0000;0.0014,0.0000;0.0015,0.0000;0.0017,0.0000;0.0018,0.0000;0.0020,0.0000;0.0022,0.0000;0.0023,0.0000;0.0025,0.0000;0.0027,0.0000;0.0029,0.0000;0.0031,0.0000;0.0033,0.0000;0.0036,0.0000;0.0038,0.0000;0.0040,0.0000;0.0043,0.0000;0.0045,0.0000;0.0048,0.0000;0.0050,0.0000;0.0053,0.0000;0.0056,0.0000;0.0058,0.0000;0.0061,0.0000;0.0064,0.0000;0.0067,0.0000;0.0070,0.0000;0.0073,0.0000;0.0076,0.0000;0.0080,0.0000;0.0083,0.0000;0.0086,0.0000;0.0089,0.0000;0.0092,0.0000;0.0095,0.0000;0.0098,0.0000;0.0101,0.0000;0.0104,0.0000;0.0107,0.0000;0.0110,0.0000;0.0113,0.0000;0.0116,0.0000;0.0118,0.0000",0,-1,0.0,SKIPPED,,,,"0.0000,0.0000;0.0000,0.0000;0.0000,0.0000;0.0000,0.0000;0.0000,0.0000;0.0000,0.0000;0.0000,0.0000;0.0000,0.0000;0.0000,0.0000;0.0000,0.0000;0.0000,0.0000;0.0000,0.0000;0.0000,0.0000;0.0000,0.0000;0.0000,0.0000;0.0000,0.0000;0.0000,0.0000;0.0000,0.0000;0.0000,0.0000;0.0000,0.0000;0.0000,0.0000;0.0000,0.0000;0.0000,0.0000;0.0000,0.0000;0.0000,0.0000;0.0000,0.0000;0.0000,0.0000;0.0000,0.0000;0.0000,0.0000;0.0000,0.0000;0.0000,0.0000;0.0000,0.0000;0.0000,0.0000;0.0000,0.0000;0.0000,0.0000;0.0000,0.0000;0.0000,0.0000;0.0000,0.0000;0.0000,0.0000;0.0000,0.0000;0.0000,0.0000;0.0000,0.0000;0.0000,0.0000;0.0000,0.0000;0.0000,0.0000;0.0000,0.0000;0.0000,0.0000;0.0000,0.0000;0.0000,0.0000;0.0000,0.0000;0.0000,0.0000;0.0000,0.0000;0.0000,0.0000;0.0000,0.0000;0.0000,0.0000;0.0000,0.0000;0.0000,0.0000;0.0000,0.0000;0.0000,0.0000;0.0000,0.0000;0.0000,0.0000;0.0000,0.0000;0.0000,0.0000;0.0000,0.0000"
5fa56c61-e8ed-4c0b-95dd-3e15c40d9f78,14100000,3073,13,4.487,Yield due to a worker blocking the lane ahead,0.0039,0.0119,"-0.0000,0.0000;-0.0000,0.0000;-0.0001,0.0000;-0.0001,0.0000;-0.0001,0.0000;-0.0002,0.0000;-0.0002,0.0000;-0.0002,0.0000;-0.0001,0.0000;-0.0001,0.0000;-0.0001,-0.0000;-0.0000,-0.0000;0.0001,-0.0000;0.0001,-0.0000;0.0002,-0.0000;0.0003,-0.0000;0.0004,-0.0000;0.0005,-0.0000;0.0006,-0.0000;0.0008,-0.0000;0.0009,-0.0000;0.0011,-0.0000;0.0013,-0.0000;0.0015,-0.0000;0.0016,-0.0000;0.0018,-0.0000;0.0020,-0.0000;0.0023,-0.0000;0.0025,-0.0000;0.0027,-0.0000;0.0030,-0.0000;0.0032,-0.0000;0.0034,0.0000;0.0037,0.0000;0.0039,0.0000;0.0042,0.0000;0.0045,0.0000;0.0047,0.0000;0.0050,0.0000;0.0053,0.0000;0.0055,0.0000;0.0058,0.0000;0.0061,0.0000;0.0063,0.0000;0.0066,0.0000;0.0069,0.0000;0.0072,0.0000;0.0075,0.0000;0.0078,0.0000;0.0081,0.0000;0.0084,0.0000;0.0087,0.0000;0.0091,0.0000;0.0094,0.0000;0.0098,0.0000;0.0102,0.0000;0.0106,0.0000;0.0110,0.0000;0.0114,0.0000;0.0119,0.0000;0.0123,0.0000;0.0128,0.0000;0.0133,0.0000;0.0138,0.0000",0,-1,0.0,SKIPPED,,,,"0.0000,0.0000;0.0000,0.0000;0.0000,0.0000;0.0000,0.0000;0.0000,0.0000;0.0000,0.0000;0.0000,0.0000;0.0000,0.0000;0.0000,0.0000;0.0000,0.0000;0.0000,0.0000;0.0000,0.0000;0.0000,0.0000;0.0000,0.0000;0.0000,0.0000;0.0000,0.0000;0.0000,0.0000;0.0000,0.0000;0.0000,0.0000;0.0000,0.0000;0.0000,0.0000;0.0000,0.0000;0.0000,0.0000;0.0000,0.0000;0.0000,0.0000;0.0000,0.0000;0.0000,0.0000;0.0000,0.0000;0.0000,0.0000;0.0000,0.0000;0.0000,0.0000;0.0000,0.0000;0.0000,0.0000;0.0000,0.0000;0.0000,0.0000;0.0000,0.0000;0.0000,0.0000;0.0000,0.0000;0.0000,0.0000;0.0000,0.0000;0.0000,0.0000;0.0000,0.0000;0.0000,0.0000;0.0000,0.0000;0.0000,0.0000;0.0000,0.0000;0.0000,0.0000;0.0000,0.0000;0.0000,0.0000;0.0000,0.0000;0.0000,0.0000;0.0000,0.0000;0.0000,0.0000;0.0000,0.0000;0.0000,0.0000;0.0000,0.0000;0.0000,0.0000;0.0000,0.0000;0.0000,0.0000;0.0000,0.0000"
5fa56c61-e8ed-4c0b-95dd-3e15c40d9f78,15100000,3073,13,4.513,Yield due to a worker blocking the lane ahead,0.0019,0.003,"-0.0000,-0.0000;-0.0001,0.0000;-0.0001,0.0000;-0.0002,0.0000;-0.0003,0.0000;-0.0004,0.0000;-0.0006,-0.0000;-0.0007,-0.0000;-0.0008,-0.0000;-0.0009,-0.0000;-0.0010,-0.0000;-0.0012,-0.0000;-0.0013,-0.0000;-0.0014,-0.0000;-0.0015,-0.0000;-0.0015,-0.0000;-0.0016,-0.0000;-0.0017,-0.0000;-0.0018,-0.0000;-0.0018,-0.0000;-0.0019,-0.0000;-0.0020,-0.0000;-0.0020,-0.0000;-0.0021,-0.0000;-0.0022,-0.0000;-0.0022,-0.0000;-0.0023,-0.0000;-0.0023,-0.0000;-0.0023,-0.0000;-0.0024,-0.0000;-0.0024,-0.0000;-0.0024,-0.0000;-0.0025,-0.0000;-0.0025,-0.0000;-0.0025,-0.0000;-0.0025,-0.0000;-0.0025,-0.0000;-0.0026,-0.0000;-0.0026,-0.0000;-0.0026,-0.0000;-0.0027,-0.0000;-0.0027,-0.0000;-0.0027,-0.0000;-0.0028,-0.0000;-0.0028,-0.0000;-0.0028,-0.0000;-0.0029,-0.0000;-0.0029,-0.0000;-0.0030,-0.0000;-0.0030,-0.0000;-0.0031,-0.0000;-0.0031,-0.0000;-0.0031,-0.0000;-0.0031,-0.0000;-0.0032,-0.0000;-0.0032,-0.0000;-0.0032,-0.0000;-0.0033,-0.0000;-0.0033,-0.0000;-0.0033,-0.0000;-0.0034,-0.0000;-0.0034,-0.0000;-0.0034,-0.0000;-0.0034,-0.0000",0,-1,0.0,SKIPPED,,,,"0.0000,0.0000;0.0000,0.0000;0.0000,0.0000;0.0000,0.0000;0.0000,0.0000;0.0000,0.0000;0.0000,0.0000;0.0000,0.0000;0.0000,0.0000;0.0000,0.0000;0.0000,0.0000;0.0000,0.0000;0.0000,0.0000;0.0000,0.0000;0.0000,0.0000;0.0000,0.0000;0.0000,0.0000;0.0000,0.0000;0.0000,0.0000;0.0000,0.0000;0.0000,0.0000;0.0000,0.0000;0.0000,0.0000;0.0000,0.0000;0.0000,0.0000;0.0000,0.0000;0.0000,0.0000;0.0000,0.0000;0.0000,0.0000;0.0000,0.0000;0.0000,0.0000;0.0000,0.0000;0.0000,0.0000;0.0000,0.0000;0.0000,0.0000;0.0000,0.0000;0.0000,0.0000;0.0000,0.0000;0.0000,0.0000;0.0000,0.0000;0.0000,0.0000;0.0000,0.0000;0.0000,0.0000;0.0000,0.0000;0.0000,0.0000;0.0000,0.0000;0.0000,0.0000;0.0000,0.0000;0.0000,0.0000;0.0000,0.0000"
5fa56c61-e8ed-4c0b-95dd-3e15c40d9f78,16100000,3073,13,4.506,Stop due to the stopped lead vehicle blocking the lane,0.0016,0.0053,"0.0000,0.0000;0.0000,0.0000;0.0000,0.0000;0.0001,0.0000;0.0001,0.0000;0.0002,-0.0000;0.0002,-0.0000;0.0002,-0.0000;0.0003,-0.0000;0.0003,-0.0000;0.0004,-0.0000;0.0004,-0.0000;0.0005,0.0000;0.0006,0.0000;0.0007,0.0000;0.0007,0.0000;0.0008,0.0000;0.0009,0.0000;0.0010,0.0000;0.0011,0.0000;0.0012,0.0000;0.0013,0.0000;0.0014,0.0000;0.0015,0.0000;0.0016,0.0000;0.0018,0.0000;0.0019,0.0000;0.0021,0.0000;0.0022,0.0000;0.0024,0.0000;0.0026,0.0000;0.0028,0.0000;0.0030,0.0000;0.0032,0.0000;0.0035,0.0000;0.0038,0.0000;0.0042,0.0000;0.0045,0.0000;0.0049,0.0000;0.0053,0.0000;0.0057,0.0000;0.0062,0.0000;0.0066,0.0000;0.0071,0.0000;0.0077,0.0000;0.0082,0.0000;0.0088,0.0000;0.0094,0.0000;0.0101,0.0000;0.0107,0.0000;0.0114,0.0000;0.0121,0.0000;0.0128,0.0000;0.0135,0.0000;0.0143,0.0000;0.0150,0.0000;0.0157,0.0000;0.0165,0.0000;0.0173,0.0000;0.0181,0.0000;0.0189,0.0000;0.0197,0.0000;0.0205,0.0000;0.0213,0.0000",0,-1,0.0,SKIPPED,,,,"0.0000,0.0000;0.0000,0.0000;0.0000,0.0000;0.0000,0.0000;0.0000,0.0000;0.0000,0.0000;0.0000,0.0000;0.0000,0.0000;0.0000,0.0000;0.0000,0.0000;0.0000,0.0000;0.0000,0.0000;0.0000,0.0000;0.0000,0.0000;0.0000,0.0000;0.0000,0.0000;0.0000,0.0000;0.0000,0.0000;0.0000,0.0000;0.0000,0.0000;0.0000,0.0000;0.0000,0.0000;0.0000,0.0000;0.0000,0.0000;0.0000,0.0000;0.0000,0.0000;0.0000,0.0000;0.0000,0.0000;0.0000,0.0000;0.0000,0.0000;0.0000,0.0000;0.0000,0.0000;0.0000,0.0000;0.0000,0.0000;0.0000,0.0000;0.0000,0.0000;0.0000,0.0000;0.0000,0.0000;0.0000,0.0000;0.0000,0.0000"
5fa56c61-e8ed-4c0b-95dd-3e15c40d9f78,17100000,3073,12,4.394,Yield to the stopped truck blocking the lane,0.0003,0.0004,"-0.0000,0.0000;-0.0000,-0.0000;-0.0000,-0.0000;-0.0000,-0.0000;-0.0000,-0.0000;-0.0001,-0.0000;-0.0001,-0.0000;-0.0001,-0.0000;-0.0002,-0.0000;-0.0002,-0.0000;-0.0003,-0.0000;-0.0003,-0.0000;-0.0003,-0.0000;-0.0004,-0.0000;-0.0004,-0.0000;-0.0004,-0.0000;-0.0004,-0.0000;-0.0004,-0.0000;-0.0004,-0.0000;-0.0004,-0.0000;-0.0004,-0.0000;-0.0004,-0.0000;-0.0004,-0.0000;-0.0004,-0.0000;-0.0004,-0.0000;-0.0004,-0.0000;-0.0004,-0.0000;-0.0004,-0.0000;-0.0004,-0.0000;-0.0004,-0.0000;-0.0004,-0.0000;-0.0004,-0.0000;-0.0004,-0.0000;-0.0003,-0.0000;-0.0003,-0.0000;-0.0002,-0.0000;-0.0002,0.0000;-0.0001,0.0000;-0.0001,0.0000;0.0000,0.0000;0.0001,0.0000;0.0002,-0.0000;0.0003,-0.0000;0.0004,-0.0000;0.0005,-0.0000;0.0007,-0.0000;0.0008,-0.0000;0.0009,-0.0000;0.0010,-0.0000;0.0012,-0.0000;0.0014,-0.0000;0.0015,-0.0000;0.0017,-0.0000;0.0019,-0.0000;0.0021,-0.0000;0.0023,-0.0000;0.0025,-0.0000;0.0028,-0.0000;0.0030,-0.0000;0.0032,0.0000;0.0035,0.0000;0.0037,0.0000;0.0039,0.0000;0.0042,0.0000",0,-1,0.0,SKIPPED,,,,"0.0000,0.0000;0.0000,0.0000;0.0000,0.0000;0.0000,0.0000;0.0000,0.0000;0.0000,0.0000;0.0000,0.0000;0.0000,0.0000;0.0000,0.0000;0.0000,0.0000;0.0000,0.0000;0.0000,0.0000;0.0000,0.0000;0.0000,0.0000;0.0000,0.0000;0.0000,0.0000;0.0000,0.0000;0.0000,0.0000;0.0000,0.0000;0.0000,0.0000;0.0000,0.0000;0.0000,0.0000;0.0000,0.0000;0.0000,0.0000;0.0000,0.0000;0.0000,0.0000;0.0000,0.0000;0.0000,0.0000;0.0000,0.0000;0.0000,0.0000"
5fa56c61-e8ed-4c0b-95dd-3e15c40d9f78,18100000,3073,13,4.501,Stop due to the stopped lead vehicle blocking the lane,0.0002,0.0002,"-0.0000,-0.0000;-0.0000,0.0000;-0.0001,0.0000;-0.0001,0.0000;-0.0001,0.0000;-0.0002,0.0000;-0.0002,0.0000;-0.0003,0.0000;-0.0003,0.0000;-0.0003,0.0000;-0.0003,0.0000;-0.0004,0.0000;-0.0004,0.0000;-0.0003,0.0000;-0.0003,0.0000;-0.0003,0.0000;-0.0003,0.0000;-0.0002,0.0000;-0.0002,0.0000;-0.0002,0.0000;-0.0001,-0.0000;-0.0001,-0.0000;-0.0001,-0.0000;-0.0000,-0.0000;0.0000,-0.0000;0.0001,-0.0000;0.0002,-0.0000;0.0003,-0.0000;0.0003,-0.0000;0.0004,-0.0000;0.0005,-0.0000;0.0006,-0.0000;0.0007,-0.0000;0.0008,-0.0000;0.0009,-0.0000;0.0010,-0.0000;0.0011,-0.0000;0.0012,-0.0000;0.0014,-0.0000;0.0015,-0.0000;0.0017,-0.0000;0.0018,-0.0000;0.0020,-0.0000;0.0021,-0.0000;0.0023,-0.0000;0.0024,0.0000;0.0025,0.0000;0.0026,0.0000;0.0027,0.0000;0.0028,0.0000;0.0029,0.0000;0.0031,0.0000;0.0032,0.0000;0.0033,0.0000;0.0034,0.0000;0.0035,0.0000;0.0036,0.0000;0.0037,0.0000;0.0038,0.0000;0.0040,0.0000;0.0041,0.0000;0.0042,0.0000;0.0043,0.0000;0.0045,0.0000",0,-1,0.0,SKIPPED,,,,"0.0000,0.0000;0.0000,0.0000;0.0000,0.0000;0.0000,0.0000;0.0000,0.0000;0.0000,0.0000;0.0000,0.0000;0.0000,0.0000;0.0000,0.0000;0.0000,0.0000;0.0000,0.0000;0.0000,0.0000;0.0000,0.0000;0.0000,0.0000;0.0000,0.0000;0.0000,0.0000;0.0000,0.0000;0.0000,0.0000;0.0000,0.0000;0.0000,0.0000"
5fa56c61-e8ed-4c0b-95dd-3e15c40d9f78,19100000,3073,13,4.504,Yield due to a stopped truck blocking the lane,0.0003,0.0005,"-0.0000,-0.0000;-0.0001,-0.0000;-0.0001,-0.0000;-0.0002,-0.0000;-0.0002,-0.0000;-0.0003,-0.0000;-0.0003,-0.0000;-0.0004,-0.0000;-0.0004,-0.0000;-0.0005,-0.0000;-0.0005,-0.0000;-0.0005,-0.0000;-0.0006,-0.0000;-0.0006,-0.0000;-0.0006,-0.0000;-0.0006,-0.0000;-0.0006,-0.0000;-0.0006,-0.0000;-0.0006,-0.0000;-0.0006,-0.0000;-0.0007,-0.0000;-0.0007,-0.0000;-0.0007,-0.0000;-0.0007,-0.0000;-0.0007,-0.0000;-0.0007,-0.0000;-0.0006,-0.0000;-0.0006,-0.0000;-0.0006,-0.0000;-0.0005,-0.0000;-0.0004,-0.0000;-0.0003,-0.0000;-0.0003,0.0000;-0.0002,0.0000;-0.0001,0.0000;0.0000,0.0000;0.0001,0.0000;0.0002,0.0000;0.0003,0.0000;0.0005,0.0000;0.0006,0.0000;0.0007,0.0000;0.0008,0.0000;0.0010,0.0000;0.0011,0.0000;0.0012,0.0000;0.0014,0.0000;0.0015,0.0000;0.0017,0.0000;0.0019,-0.0000;0.0021,-0.0000;0.0022,-0.0000;0.0024,-0.0000;0.0026,-0.0000;0.0028,-0.0000;0.0030,-0.0000;0.0031,-0.0000;0.0033,-0.0000;0.0034,-0.0000;0.0036,-0.0000;0.0037,-0.0000;0.0039,-0.0000;0.0041,-0.0000;0.0042,-0.0000",0,-1,0.0,SKIPPED,,,,"0.0000,0.0000;0.0000,0.0000;0.0000,0.0000;0.0000,0.0000;0.0000,0.0000;0.0000,0.0000;0.0000,0.0000;0.0000,0.0000;0.0000,0.0000;0.0000,0.0000"
e0772c6e-1524-494f-b16f-84ca1a700a7b,5100000,3073,14,4.606,Yield due to a pedestrian walking in our lane ahead,1.059,4.5052,"0.6353,0.0001;1.2689,0.0005;1.8995,0.0009;2.5257,0.0014;3.1455,0.0018;3.7576,0.0021;4.3611,0.0021;4.9563,0.0019;5.5443,0.0014;6.1264,0.0006;6.7038,-0.0006;7.2773,-0.0020;7.8477,-0.0037;8.4158,-0.0055;8.9827,-0.0075;9.5495,-0.0096;10.1174,-0.0116;10.6875,-0.0136;11.2607,-0.0154;11.8376,-0.0170;12.4189,-0.0183;13.0048,-0.0192;13.5960,-0.0197;14.1931,-0.0197;14.7970,-0.0192;15.4084,-0.0182;16.0278,-0.0166;16.6554,-0.0145;17.2914,-0.0119;17.9355,-0.0090;18.5877,-0.0057;19.2478,-0.0021;19.9162,0.0015;20.5934,0.0052;21.2796,0.0089;21.9747,0.0125;22.6777,0.0160;23.3868,0.0194;24.1009,0.0225;24.8188,0.0253;25.5404,0.0278;26.2657,0.0299;26.9949,0.0317;27.7279,0.0331;28.4641,0.0341;29.2032,0.0348;29.9448,0.0352;30.6891,0.0353;31.4370,0.0352;32.1892,0.0349;32.9456,0.0345;33.7054,0.0338;34.4675,0.0330;35.2313,0.0319;35.9967,0.0305;36.7640,0.0287;37.5336,0.0265;38.3051,0.0238;39.0777,0.0207;39.8501,0.0169;40.6215,0.0125;41.3910,0.0075;42.1579,0.0019;42.9217,-0.0044",0,-1,0.0,SKIPPED,,,,"0.5975,0.0001;1.2322,-0.0009;1.8661,-0.0012;2.4982,-0.0025;3.1282,-0.0045;3.7590,-0.0056;4.3914,-0.0075;5.0253,-0.0106;5.6598,-0.0147;6.2924,-0.0186;6.9251,-0.0228;7.5581,-0.0279;8.1917,-0.0326;8.8251,-0.0380;9.4597,-0.0439;10.0949,-0.0495;10.7307,-0.0538;11.3683,-0.0569;12.0089,-0.0593;12.6508,-0.0613;13.2940,-0.0629;13.9397,-0.0641;14.5878,-0.0645;15.2377,-0.0630;15.8902,-0.0609;16.5445,-0.0572;17.2010,-0.0530;17.8591,-0.0493;18.5181,-0.0460;19.1785,-0.0420;19.8392,-0.0390;20.4983,-0.0378;21.1542,-0.0355;21.8061,-0.0340;22.4548,-0.0327;23.1009,-0.0322;23.7465,-0.0297;24.3911,-0.0270;25.0331,-0.0237;25.6715,-0.0186;26.3057,-0.0143;26.9336,-0.0121;27.5522,-0.0097;28.1621,-0.0075;28.7620,-0.0057;29.3522,-0.0038;29.9326,-0.0024;30.5033,-0.0029;31.0639,-0.0038;31.6131,-0.0054;32.1491,-0.0071;32.6734,-0.0086;33.1867,-0.0108;33.6906,-0.0140;34.1859,-0.0167;34.6760,-0.0188;35.1619,-0.0196;35.6428,-0.0206;36.1176,-0.0220;36.5864,-0.0231;37.0495,-0.0221;37.5092,-0.0200;37.9648,-0.0175;38.4165,-0.0165"
e0772c6e-1524-494f-b16f-84ca1a700a7b,6100000,3073,22,5.519,Slow down to yield to the cut-in vehicle from the right since it is entering our lane ahead,0.8325,4.2556,"0.6322,-0.0002;1.2655,-0.0006;1.9001,-0.0013;2.5363,-0.0021;3.1740,-0.0030;3.8132,-0.0039;4.4535,-0.0048;5.0945,-0.0056;5.7358,-0.0063;6.3774,-0.0066;7.0193,-0.0065;7.6615,-0.0059;8.3037,-0.0046;8.9449,-0.0027;9.5845,-0.0000;10.2221,0.0033;10.8580,0.0071;11.4932,0.0115;12.1282,0.0163;12.7633,0.0215;13.3982,0.0270;14.0324,0.0328;14.6656,0.0388;15.2981,0.0450;15.9302,0.0516;16.5626,0.0584;17.1956,0.0657;17.8291,0.0733;18.4628,0.0812;19.0963,0.0893;19.7295,0.0976;20.3623,0.1058;20.9946,0.1138;21.6265,0.1215;22.2581,0.1287;22.8894,0.1352;23.5205,0.1409;24.1518,0.1457;24.7833,0.1495;25.4152,0.1521;26.0470,0.1535;26.6787,0.1537;27.3100,0.1526;27.9413,0.1503;28.5730,0.1471;29.2057,0.1429;29.8394,0.1380;30.4742,0.1325;31.1098,0.1266;31.7460,0.1204;32.3819,0.1139;33.0171,0.1073;33.6512,0.1006;34.2843,0.0939;34.9169,0.0872;35.5496,0.0807;36.1828,0.0744;36.8166,0.0683;37.4510,0.0625;38.0856,0.0569;38.7198,0.0516;39.3530,0.0465;39.9847,0.0416;40.6145,0.0368",0,-1,0.0,SKIPPED,,,,"0.5944,-0.0003;1.2274,-0.0016;1.8610,-0.0024;2.4944,-0.0040;3.1291,-0.0060;3.7643,-0.0078;4.4001,-0.0083;5.0377,-0.0075;5.6783,-0.0060;6.3202,-0.0041;6.9634,-0.0019;7.6090,0.0009;8.2572,0.0044;8.9070,0.0098;9.5595,0.0159;10.2138,0.0235;10.8703,0.0317;11.5284,0.0393;12.1873,0.0467;12.8477,0.0546;13.5083,0.0617;14.1674,0.0669;14.8233,0.0731;15.4752,0.0785;16.1238,0.0838;16.7700,0.0882;17.4155,0.0946;18.0601,0.1012;18.7020,0.1084;19.3404,0.1174;19.9746,0.1255;20.6025,0.1315;21.2210,0.1376;21.8309,0.1435;22.4308,0.1489;23.0210,0.1544;23.6013,0.1593;24.1720,0.1623;24.7326,0.1648;25.2818,0.1665;25.8178,0.1680;26.3421,0.1697;26.8554,0.1706;27.3594,0.1705;27.8547,0.1708;28.3447,0.1716;28.8306,0.1738;29.3115,0.1757;29.7863,0.1772;30.2551,0.1789;30.7182,0.1828;31.1779,0.1876;31.6334,0.1929;32.0852,0.1966;32.5334,0.1988;32.9783,0.2008;33.4195,0.2020;33.8556,0.2022;34.2845,0.2034;34.7058,0.2061;35.1219,0.2078;35.5367,0.2091;35.9503,0.2091;36.3624,0.2090"
e0772c6e-1524-494f-b16f-84ca1a700a7b,7100000,3073,18,5.07,Adapt speed for the narrow construction zone since the lane is constricted ahead,2.405,8.3201,"0.6432,0.0002;1.2864,0.0009;1.9303,0.0020;2.5749,0.0035;3.2205,0.0056;3.8671,0.0081;4.5149,0.0112;5.1639,0.0149;5.8144,0.0193;6.4664,0.0244;7.1198,0.0300;7.7743,0.0362;8.4300,0.0428;9.0872,0.0498;9.7460,0.0570;10.4070,0.0645;11.0701,0.0720;11.7352,0.0794;12.4020,0.0867;13.0704,0.0936;13.7402,0.1000;14.4109,0.1059;15.0821,0.1109;15.7535,0.1150;16.4248,0.1181;17.0959,0.1200;17.7670,0.1206;18.4379,0.1200;19.1089,0.1179;19.7802,0.1146;20.4520,0.1101;21.1245,0.1046;21.7973,0.0984;22.4701,0.0917;23.1422,0.0847;23.8135,0.0776;24.4843,0.0704;25.1551,0.0632;25.8257,0.0560;26.4959,0.0488;27.1652,0.0416;27.8333,0.0344;28.5004,0.0272;29.1665,0.0200;29.8314,0.0128;30.4953,0.0056;31.1583,-0.0017;31.8210,-0.0089;32.4838,-0.0162;33.1470,-0.0234;33.8104,-0.0306;34.4736,-0.0376;35.1361,-0.0445;35.7976,-0.0513;36.4583,-0.0578;37.1183,-0.0642;37.7778,-0.0705;38.4364,-0.0765;39.0934,-0.0823;39.7477,-0.0880;40.3986,-0.0936;41.0458,-0.0991;41.6895,-0.1045;42.3302,-0.1099",0,-1,0.0,SKIPPED,,,,"0.6044,-0.0006;1.2500,-0.0007;1.8981,-0.0000;2.5481,0.0024;3.2005,0.0056;3.8549,0.0103;4.5114,0.0156;5.1695,0.0204;5.8284,0.0248;6.4889,0.0298;7.1495,0.0339;7.8086,0.0362;8.4645,0.0395;9.1164,0.0420;9.7651,0.0444;10.4112,0.0459;11.0568,0.0494;11.7014,0.0532;12.3434,0.0575;12.9818,0.0637;13.6160,0.0690;14.2439,0.0722;14.8625,0.0756;15.4723,0.0787;16.0723,0.0815;16.6625,0.0844;17.2428,0.0867;17.8135,0.0871;18.3741,0.0872;18.9234,0.0865;19.4594,0.0856;19.9836,0.0849;20.4969,0.0835;21.0009,0.0812;21.4962,0.0793;21.9862,0.0780;22.4722,0.0780;22.9530,0.0778;23.4279,0.0771;23.8967,0.0767;24.3598,0.0786;24.8195,0.0814;25.2750,0.0846;25.7268,0.0863;26.1751,0.0866;26.6199,0.0865;27.0612,0.0858;27.4972,0.0841;27.9261,0.0833;28.3474,0.0841;28.7635,0.0841;29.1784,0.0834;29.5920,0.0816;30.0040,0.0797;30.4140,0.0791;30.8214,0.0788;31.2257,0.0779;31.6272,0.0760;32.0265,0.0742;32.4258,0.0712;32.8250,0.0680;33.2235,0.0645;33.6198,0.0604;34.0118,0.0563"
e0772c6e-1524-494f-b16f-84ca1a700a7b,8100000,3073,20,5.318,Nudge to the left to clear the stopped vehicle blocking the right side of our lane,3.935,10.4562,"0.6620,-0.0002;1.3255,-0.0010;1.9900,-0.0022;2.6555,-0.0037;3.3225,-0.0057;3.9911,-0.0080;4.6617,-0.0106;5.3342,-0.0135;6.0085,-0.0167;6.6842,-0.0202;7.3608,-0.0239;8.0379,-0.0281;8.7147,-0.0327;9.3908,-0.0379;10.0659,-0.0438;10.7398,-0.0507;11.4130,-0.0586;12.0858,-0.0677;12.7585,-0.0781;13.4315,-0.0897;14.1048,-0.1025;14.7784,-0.1164;15.4524,-0.1312;16.1267,-0.1467;16.8016,-0.1626;17.4772,-0.1788;18.1536,-0.1951;18.8297,-0.2113;19.5037,-0.2274;20.1733,-0.2434;20.8374,-0.2593;21.4971,-0.2752;22.1546,-0.2913;22.8116,-0.3075;23.4677,-0.3239;24.1217,-0.3403;24.7719,-0.3566;25.4179,-0.3727;26.0601,-0.3885;26.6996,-0.4041;27.3374,-0.4195;27.9740,-0.4348;28.6097,-0.4500;29.2443,-0.4651;29.8776,-0.4801;30.5096,-0.4951;31.1407,-0.5099;31.7712,-0.5246;32.4016,-0.5391;33.0316,-0.5531;33.6607,-0.5667;34.2878,-0.5796;34.9117,-0.5916;35.5319,-0.6025;36.1486,-0.6122;36.7625,-0.6204;37.3745,-0.6271;37.9847,-0.6321;38.5920,-0.6351;39.1945,-0.6361;39.7897,-0.6349;40.3754,-0.6315;40.9506,-0.6260;41.5147,-0.6183",0,-1,0.0,SKIPPED,,,,"0.6207,-0.0003;1.2798,-0.0025;1.9357,-0.0035;2.5876,-0.0053;3.2363,-0.0072;3.8824,-0.0100;4.5280,-0.0108;5.1726,-0.0113;5.8146,-0.0113;6.4530,-0.0093;7.0872,-0.0083;7.7152,-0.0092;8.3337,-0.0100;8.9436,-0.0109;9.5436,-0.0121;10.1338,-0.0131;10.7141,-0.0147;11.2848,-0.0181;11.8454,-0.0218;12.3946,-0.0261;12.9306,-0.0306;13.4548,-0.0347;13.9681,-0.0395;14.4721,-0.0452;14.9674,-0.0504;15.4574,-0.0550;15.9433,-0.0582;16.4241,-0.0616;16.8990,-0.0654;17.3677,-0.0689;17.8309,-0.0702;18.2906,-0.0704;18.7461,-0.0702;19.1979,-0.0716;19.6461,-0.0743;20.0910,-0.0773;20.5322,-0.0809;20.9682,-0.0856;21.3972,-0.0892;21.8184,-0.0912;22.2346,-0.0940;22.6494,-0.0974;23.0630,-0.1020;23.4750,-0.1066;23.8849,-0.1099;24.2923,-0.1129;24.6966,-0.1165;25.0981,-0.1211;25.4974,-0.1256;25.8966,-0.1312;26.2958,-0.1371;26.6943,-0.1432;27.0905,-0.1500;27.4825,-0.1566;27.8697,-0.1632;28.2520,-0.1705;28.6291,-0.1782;29.0008,-0.1841;29.3661,-0.1901;29.7246,-0.1966;30.0753,-0.2026;30.4163,-0.2093;30.7462,-0.2136;31.0663,-0.2140"
e0772c6e-1524-494f-b16f-84ca1a700a7b,9100000,3073,19,5.237,Adapt speed for the right curve since the lane is narrowed by construction barriers ahead,2.5436,6.6157,"0.6352,-0.0000;1.2672,-0.0001;1.8957,-0.0002;2.5202,-0.0004;3.1405,-0.0008;3.7564,-0.0013;4.3680,-0.0021;4.9753,-0.0032;5.5786,-0.0047;6.1783,-0.0068;6.7746,-0.0096;7.3681,-0.0133;7.9588,-0.0179;8.5466,-0.0235;9.1308,-0.0298;9.7106,-0.0367;10.2858,-0.0442;10.8571,-0.0520;11.4259,-0.0602;11.9935,-0.0685;12.5599,-0.0769;13.1233,-0.0854;13.6807,-0.0939;14.2304,-0.1024;14.7730,-0.1109;15.3110,-0.1195;15.8471,-0.1282;16.3823,-0.1370;16.9156,-0.1460;17.4457,-0.1549;17.9715,-0.1639;18.4929,-0.1730;19.0103,-0.1820;19.5240,-0.1910;20.0344,-0.2000;20.5415,-0.2089;21.0453,-0.2177;21.5457,-0.2265;22.0427,-0.2351;22.5362,-0.2437;23.0261,-0.2523;23.5122,-0.2608;23.9953,-0.2692;24.4766,-0.2777;24.9576,-0.2861;25.4387,-0.2946;25.9188,-0.3031;26.3962,-0.3115;26.8695,-0.3198;27.3388,-0.3279;27.8064,-0.3358;28.2747,-0.3433;28.7452,-0.3507;29.2177,-0.3576;29.6904,-0.3642;30.1618,-0.3703;30.6315,-0.3761;31.1006,-0.3816;31.5706,-0.3868;32.0428,-0.3919;32.5173,-0.3971;32.9936,-0.4023;33.4707,-0.4076;33.9477,-0.4133",0,-1,0.0,SKIPPED,,,,"0.5952,-0.0001;1.2231,-0.0022;1.8417,-0.0040;2.4516,-0.0060;3.0515,-0.0083;3.6417,-0.0104;4.2220,-0.0130;4.7927,-0.0174;5.3533,-0.0221;5.9025,-0.0275;6.4385,-0.0329;6.9627,-0.0380;7.4760,-0.0437;7.9799,-0.0503;8.4752,-0.0564;8.9652,-0.0619;9.4511,-0.0660;9.9320,-0.0702;10.4068,-0.0749;10.8756,-0.0792;11.3387,-0.0813;11.7984,-0.0824;12.2540,-0.0830;12.7057,-0.0851;13.1540,-0.0887;13.5988,-0.0924;14.0400,-0.0969;14.4760,-0.1023;14.9050,-0.1067;15.3262,-0.1094;15.7423,-0.1130;16.1572,-0.1171;16.5707,-0.1225;16.9828,-0.1278;17.3927,-0.1319;17.8001,-0.1356;18.2044,-0.1400;18.6058,-0.1453;19.0051,-0.1504;19.4043,-0.1568;19.8035,-0.1634;20.2020,-0.1702;20.5982,-0.1777;20.9901,-0.1851;21.3773,-0.1924;21.7596,-0.2004;22.1367,-0.2087;22.5084,-0.2153;22.8737,-0.2219;23.2321,-0.2291;23.5828,-0.2357;23.9239,-0.2430;24.2538,-0.2479;24.5739,-0.2489;24.8860,-0.2523;25.1896,-0.2549;25.4834,-0.2583;25.7658,-0.2618;26.0357,-0.2666;26.2951,-0.2696;26.5521,-0.2724;26.8102,-0.2762;27.0714,-0.2798;27.3333,-0.2835"
e0772c6e-1524-494f-b16f-84ca1a700a7b,10100000,3073,11,4.271,Reduce speed due to construction narrowing our lane,2.4245,8.2976,"0.5376,-0.0004;1.0642,-0.0016;1.5827,-0.0034;2.0951,-0.0058;2.6024,-0.0086;3.1051,-0.0116;3.6035,-0.0148;4.0981,-0.0180;4.5893,-0.0213;5.0774,-0.0245;5.5623,-0.0277;6.0434,-0.0309;6.5205,-0.0340;6.9942,-0.0371;7.4659,-0.0400;7.9375,-0.0428;8.4100,-0.0453;8.8833,-0.0477;9.3567,-0.0497;9.8294,-0.0516;10.3017,-0.0533;10.7744,-0.0548;11.2488,-0.0564;11.7258,-0.0579;12.2054,-0.0595;12.6875,-0.0613;13.1718,-0.0631;13.6582,-0.0652;14.1470,-0.0673;14.6383,-0.0696;15.1323,-0.0720;15.6290,-0.0745;16.1280,-0.0770;16.6289,-0.0795;17.1313,-0.0819;17.6351,-0.0843;18.1403,-0.0867;18.6472,-0.0889;19.1561,-0.0911;19.6670,-0.0933;20.1794,-0.0954;20.6931,-0.0974;21.2076,-0.0994;21.7232,-0.1013;22.2405,-0.1031;22.7603,-0.1048;23.2829,-0.1064;23.8077,-0.1080;24.3335,-0.1097;24.8594,-0.1114;25.3849,-0.1133;25.9108,-0.1156;26.4373,-0.1182;26.9641,-0.1213;27.4900,-0.1249;28.0139,-0.1290;28.5355,-0.1338;29.0548,-0.1394;29.5722,-0.1459;30.0876,-0.1537;30.6000,-0.1630;31.1083,-0.1740;31.6110,-0.1870;32.1071,-0.2021",0,-1,0.0,SKIPPED,,,,"0.5035,-0.0009;1.0278,-0.0016;1.5411,-0.0031;2.0451,-0.0055;2.5404,-0.0075;3.0304,-0.0089;3.5163,-0.0090;3.9972,-0.0092;4.4720,-0.0099;4.9408,-0.0104;5.4040,-0.0086;5.8636,-0.0059;6.3192,-0.0027;6.7709,-0.0011;7.2192,-0.0009;7.6641,-0.0010;8.1053,-0.0018;8.5413,-0.0036;8.9703,-0.0044;9.3916,-0.0037;9.8077,-0.0038;10.2225,-0.0045;10.6361,-0.0064;11.0482,-0.0083;11.4582,-0.0090;11.8656,-0.0093;12.2699,-0.0103;12.6714,-0.0123;13.0706,-0.0141;13.4699,-0.0172;13.8692,-0.0204;14.2676,-0.0240;14.6639,-0.0282;15.0559,-0.0323;15.4431,-0.0364;15.8255,-0.0412;16.2026,-0.0464;16.5744,-0.0499;16.9397,-0.0535;17.2982,-0.0577;17.6490,-0.0614;17.9900,-0.0659;18.3200,-0.0680;18.6400,-0.0664;18.9522,-0.0672;19.2558,-0.0673;19.5496,-0.0683;19.8320,-0.0694;20.1020,-0.0719;20.3614,-0.0728;20.6184,-0.0734;20.8766,-0.0751;21.1378,-0.0765;21.3996,-0.0781;21.6548,-0.0772;21.9046,-0.0736;22.1509,-0.0716;22.3943,-0.0722;22.6352,-0.0707;22.8736,-0.0700;23.1101,-0.0709;23.3449,-0.0695;23.5783,-0.0664;23.8107,-0.0635"
e0772c6e-1524-494f-b16f-84ca1a700a7b,11100000,3073,16,4.843,Keep lane since the lane is narrowed by construction barriers during this period,0.3819,0.3952,"0.4625,0.0001;0.9194,0.0006;1.3701,0.0012;1.8144,0.0020;2.2524,0.0029;2.6848,0.0039;3.1127,0.0049;3.5371,0.0059;3.9578,0.0070;4.3744,0.0079;4.7857,0.0088;5.1915,0.0097;5.5920,0.0104;5.9882,0.0111;6.3806,0.0117;6.7698,0.0122;7.1558,0.0127;7.5382,0.0132;7.9168,0.0138;8.2913,0.0144;8.6616,0.0151;9.0275,0.0158;9.3887,0.0167;9.7451,0.0177;10.0963,0.0188;10.4420,0.0200;10.7819,0.0212;11.1159,0.0225;11.4443,0.0238;11.7675,0.0251;12.0862,0.0265;12.4012,0.0279;12.7125,0.0293;13.0201,0.0308;13.3232,0.0324;13.6217,0.0340;13.9156,0.0356;14.2055,0.0373;14.4918,0.0390;14.7745,0.0407;15.0531,0.0424;15.3269,0.0442;15.5956,0.0460;15.8597,0.0478;16.1202,0.0497;16.3782,0.0517;16.6342,0.0537;16.8882,0.0559;17.1399,0.0581;17.3895,0.0605;17.6373,0.0630;17.8839,0.0656;18.1300,0.0683;18.3759,0.0711;18.6216,0.0741;18.8672,0.0773;19.1122,0.0806;19.3567,0.0840;19.6006,0.0876;19.8445,0.0914;20.0892,0.0953;20.3357,0.0994;20.5854,0.1037;20.8395,0.1082",0,-1,0.0,SKIPPED,,,,"0.4351,0.0005;0.8948,0.0019;1.3503,0.0037;1.8021,0.0040;2.2504,0.0030;2.6952,0.0016;3.1365,-0.0005;3.5725,-0.0036;4.0014,-0.0056;4.4227,-0.0061;4.8388,-0.0074;5.2537,-0.0093;5.6673,-0.0124;6.0793,-0.0155;6.4893,-0.0174;6.8967,-0.0189;7.3010,-0.0211;7.7025,-0.0242;8.1017,-0.0272;8.5010,-0.0314;8.9002,-0.0358;9.2987,-0.0405;9.6950,-0.0459;10.0870,-0.0511;10.4742,-0.0563;10.8565,-0.0622;11.2336,-0.0685;11.6053,-0.0731;11.9707,-0.0778;12.3292,-0.0830;12.6799,-0.0877;13.0210,-0.0932;13.3509,-0.0963;13.6710,-0.0956;13.9831,-0.0973;14.2867,-0.0983;14.5805,-0.1001;14.8629,-0.1020;15.1329,-0.1054;15.3923,-0.1069;15.6493,-0.1083;15.9074,-0.1108;16.1687,-0.1129;16.4305,-0.1153;16.6857,-0.1151;16.9355,-0.1122;17.1818,-0.1110;17.4252,-0.1122;17.6661,-0.1114;17.9045,-0.1114;18.1410,-0.1130;18.3758,-0.1123;18.6092,-0.1099;18.8416,-0.1076;19.0745,-0.1060;19.3099,-0.1032;19.5488,-0.1027;19.7847,-0.1057;20.0160,-0.1058;20.2445,-0.1024;20.4723,-0.0972;20.7034,-0.0954;20.9393,-0.0940;21.1791,-0.0940"
e0772c6e-1524-494f-b16f-84ca1a700a7b,12100000,3073,18,5.069,Nudge left due to the construction barrier blocking the right side of our lane,1.0531,3.2505,"0.4165,-0.0002;0.8319,-0.0007;1.2446,-0.0016;1.6539,-0.0029;2.0598,-0.0046;2.4636,-0.0066;2.8661,-0.0089;3.2677,-0.0112;3.6679,-0.0135;4.0658,-0.0156;4.4610,-0.0173;4.8537,-0.0187;5.2441,-0.0195;5.6322,-0.0197;6.0181,-0.0191;6.4012,-0.0177;6.7810,-0.0154;7.1572,-0.0122;7.5296,-0.0080;7.8984,-0.0031;8.2640,0.0026;8.6264,0.0091;8.9860,0.0161;9.3429,0.0237;9.6971,0.0318;10.0486,0.0404;10.3969,0.0494;10.7417,0.0587;11.0829,0.0681;11.4208,0.0775;11.7564,0.0868;12.0907,0.0957;12.4244,0.1041;12.7574,0.1118;13.0890,0.1187;13.4183,0.1248;13.7445,0.1298;14.0675,0.1339;14.3872,0.1371;14.7043,0.1393;15.0192,0.1407;15.3326,0.1410;15.6452,0.1404;15.9580,0.1388;16.2718,0.1362;16.5873,0.1325;16.9047,0.1278;17.2237,0.1221;17.5438,0.1155;17.8651,0.1079;18.1886,0.0996;18.5151,0.0904;18.8450,0.0805;19.1775,0.0698;19.5115,0.0584;19.8466,0.0464;20.1830,0.0337;20.5223,0.0203;20.8665,0.0060;21.2168,-0.0091;21.5736,-0.0252;21.9370,-0.0421;22.3069,-0.0600;22.6835,-0.0788",0,-1,0.0,SKIPPED,,,,"0.3909,-0.0003;0.8057,-0.0011;1.2193,-0.0031;1.6314,-0.0052;2.0413,-0.0060;2.4488,-0.0065;2.8531,-0.0075;3.2546,-0.0096;3.6538,-0.0116;4.0531,-0.0148;4.4524,-0.0182;4.8508,-0.0219;5.2471,-0.0262;5.6391,-0.0304;6.0263,-0.0346;6.4087,-0.0395;6.7858,-0.0448;7.1576,-0.0485;7.5229,-0.0522;7.8814,-0.0564;8.2321,-0.0602;8.5732,-0.0649;8.9031,-0.0671;9.2232,-0.0655;9.5354,-0.0664;9.8390,-0.0667;10.1328,-0.0677;10.4152,-0.0689;10.6852,-0.0715;10.9446,-0.0725;11.2016,-0.0732;11.4597,-0.0749;11.7210,-0.0765;11.9828,-0.0781;12.2380,-0.0773;12.4878,-0.0738;12.7340,-0.0719;12.9775,-0.0725;13.2184,-0.0711;13.4568,-0.0704;13.6932,-0.0714;13.9281,-0.0701;14.1615,-0.0671;14.3939,-0.0642;14.6268,-0.0620;14.8622,-0.0586;15.1011,-0.0574;15.3370,-0.0598;15.5682,-0.0593;15.7967,-0.0554;16.0245,-0.0496;16.2557,-0.0472;16.4915,-0.0451;16.7313,-0.0446;16.9726,-0.0449;17.2156,-0.0455;17.4614,-0.0463;17.7133,-0.0477;17.9744,-0.0475;18.2468,-0.0476;18.5313,-0.0497;18.8261,-0.0533;19.1277,-0.0581;19.4330,-0.0636"
e0772c6e-1524-494f-b16f-84ca1a700a7b,13100000,3073,20,5.309,Nudge to the left to clear the construction dumpster blocking the right side of the lane,3.8871,7.5798,"0.4012,-0.0002;0.8060,-0.0007;1.2142,-0.0016;1.6256,-0.0028;2.0400,-0.0044;2.4572,-0.0061;2.8769,-0.0080;3.2985,-0.0101;3.7217,-0.0122;4.1460,-0.0144;4.5712,-0.0164;4.9974,-0.0183;5.4245,-0.0200;5.8526,-0.0214;6.2815,-0.0222;6.7110,-0.0224;7.1407,-0.0218;7.5705,-0.0205;8.0003,-0.0183;8.4303,-0.0156;8.8609,-0.0123;9.2924,-0.0086;9.7250,-0.0048;10.1586,-0.0008;10.5929,0.0030;11.0274,0.0067;11.4620,0.0100;11.8967,0.0130;12.3313,0.0154;12.7652,0.0174;13.1983,0.0188;13.6304,0.0199;14.0623,0.0206;14.4945,0.0209;14.9270,0.0210;15.3584,0.0210;15.7866,0.0208;16.2104,0.0206;16.6303,0.0205;17.0487,0.0205;17.4677,0.0204;17.8880,0.0204;18.3081,0.0203;18.7257,0.0198;19.1390,0.0190;19.5478,0.0174;19.9535,0.0149;20.3578,0.0112;20.7614,0.0063;21.1643,0.0001;21.5652,-0.0074;21.9633,-0.0159;22.3580,-0.0253;22.7496,-0.0354;23.1388,-0.0459;23.5258,-0.0566;23.9108,-0.0675;24.2934,-0.0784;24.6731,-0.0892;25.0493,-0.0999;25.4214,-0.1103;25.7885,-0.1206;26.1503,-0.1307;26.5059,-0.1406",0,-1,0.0,SKIPPED,,,,"0.3752,-0.0004;0.7737,-0.0013;1.1700,-0.0027;1.5621,-0.0041;1.9493,-0.0055;2.3317,-0.0077;2.7088,-0.0103;3.0806,-0.0113;3.4460,-0.0123;3.8045,-0.0140;4.1552,-0.0153;4.4963,-0.0175;4.8263,-0.0173;5.1463,-0.0135;5.4585,-0.0121;5.7621,-0.0101;6.0559,-0.0091;6.3383,-0.0083;6.6083,-0.0089;6.8677,-0.0080;7.1247,-0.0069;7.3829,-0.0068;7.6441,-0.0064;7.9059,-0.0062;8.1611,-0.0035;8.4109,0.0018;8.6571,0.0055;8.9005,0.0066;9.1415,0.0098;9.3799,0.0121;9.6163,0.0129;9.8511,0.0159;10.0845,0.0206;10.3168,0.0251;10.5497,0.0290;10.7851,0.0341;11.0240,0.0370;11.2599,0.0363;11.4912,0.0384;11.7196,0.0440;11.9474,0.0514;12.1785,0.0555;12.4143,0.0593;12.6541,0.0616;12.8954,0.0630;13.1383,0.0641;13.3842,0.0651;13.6360,0.0655;13.8971,0.0676;14.1695,0.0694;14.4540,0.0694;14.7489,0.0679;15.0505,0.0653;15.3558,0.0620;15.6660,0.0618;15.9875,0.0612;16.3240,0.0576;16.6721,0.0517;17.0275,0.0466;17.3910,0.0409;17.7618,0.0348;18.1424,0.0278;18.5311,0.0172;18.9275,0.0070"
e0772c6e-1524-494f-b16f-84ca1a700a7b,14100000,3073,13,4.498,Slow down due to lane narrowing from roadwork ahead,2.5895,4.1408,"0.3500,0.0000;0.6914,0.0001;1.0263,0.0002;1.3564,0.0003;1.6828,0.0005;2.0063,0.0007;2.3273,0.0010;2.6461,0.0014;2.9629,0.0018;3.2784,0.0023;3.5937,0.0029;3.9103,0.0036;4.2302,0.0043;4.5546,0.0050;4.8844,0.0059;5.2198,0.0067;5.5610,0.0077;5.9079,0.0087;6.2605,0.0097;6.6182,0.0108;6.9803,0.0119;7.3459,0.0132;7.7146,0.0145;8.0862,0.0159;8.4608,0.0174;8.8381,0.0190;9.2180,0.0207;9.5997,0.0226;9.9830,0.0246;10.3674,0.0267;10.7527,0.0289;11.1388,0.0312;11.5254,0.0337;11.9123,0.0361;12.2993,0.0387;12.6866,0.0412;13.0744,0.0438;13.4631,0.0464;13.8533,0.0489;14.2451,0.0515;14.6386,0.0541;15.0336,0.0566;15.4296,0.0591;15.8265,0.0616;16.2240,0.0639;16.6219,0.0660;17.0200,0.0680;17.4187,0.0696;17.8183,0.0710;18.2191,0.0718;18.6204,0.0723;19.0211,0.0722;19.4194,0.0717;19.8140,0.0707;20.2051,0.0693;20.5937,0.0676;20.9808,0.0655;21.3667,0.0632;21.7502,0.0607;22.1293,0.0582;22.5021,0.0559;22.8676,0.0537;23.2260,0.0518;23.5785,0.0503",0,-1,0.0,SKIPPED,,,,"0.3291,-0.0003;0.6702,-0.0015;1.0001,-0.0005;1.3202,0.0042;1.6323,0.0064;1.9359,0.0091;2.2297,0.0110;2.5121,0.0126;2.7821,0.0126;3.0416,0.0142;3.2985,0.0161;3.5567,0.0168;3.8179,0.0179;4.0798,0.0189;4.3349,0.0222;4.5846,0.0282;4.8309,0.0325;5.0743,0.0343;5.3152,0.0381;5.5536,0.0411;5.7900,0.0424;6.0249,0.0461;6.2582,0.0514;6.4906,0.0565;6.7235,0.0610;6.9588,0.0668;7.1977,0.0703;7.4336,0.0702;7.6648,0.0730;7.8933,0.0792;8.1210,0.0872;8.3521,0.0919;8.5879,0.0963;8.8277,0.0992;9.0690,0.1013;9.3119,0.1031;9.5578,0.1047;9.8096,0.1058;10.0707,0.1085;10.3431,0.1112;10.6276,0.1119;10.9224,0.1112;11.2241,0.1093;11.5294,0.1069;11.8396,0.1075;12.1611,0.1078;12.4976,0.1051;12.8457,0.1001;13.2012,0.0959;13.5646,0.0912;13.9355,0.0860;14.3161,0.0801;14.7049,0.0705;15.1013,0.0614;15.5052,0.0529;15.9163,0.0414;16.3351,0.0317;16.7613,0.0186;17.1948,0.0045;17.6349,-0.0095;18.0785,-0.0267;18.5303,-0.0454;18.9820,-0.0642;19.4399,-0.0832"
e0772c6e-1524-494f-b16f-84ca1a700a7b,15100000,3073,19,5.185,Yield to the cross-traffic vehicle since it is crossing ahead of our lane,0.6063,0.9705,"0.2502,0.0000;0.4938,0.0001;0.7312,0.0003;0.9628,0.0005;1.1896,0.0007;1.4130,0.0010;1.6344,0.0013;1.8551,0.0018;2.0757,0.0023;2.2961,0.0029;2.5162,0.0037;2.7356,0.0046;2.9544,0.0057;3.1732,0.0070;3.3928,0.0085;3.6146,0.0102;3.8402,0.0122;4.0710,0.0145;4.3081,0.0170;4.5525,0.0199;4.8053,0.0231;5.0672,0.0266;5.3388,0.0306;5.6203,0.0350;5.9116,0.0399;6.2123,0.0454;6.5219,0.0513;6.8397,0.0577;7.1657,0.0644;7.4999,0.0713;7.8428,0.0782;8.1948,0.0849;8.5564,0.0910;8.9276,0.0962;9.3081,0.1003;9.6978,0.1029;10.0963,0.1037;10.5037,0.1026;10.9198,0.0994;11.3445,0.0940;11.7769,0.0862;12.2164,0.0762;12.6622,0.0638;13.1133,0.0492;13.5690,0.0326;14.0284,0.0141;14.4901,-0.0059;14.9529,-0.0271;15.4159,-0.0493;15.8781,-0.0721;16.3383,-0.0954;16.7952,-0.1190;17.2476,-0.1428;17.6946,-0.1668;18.1368,-0.1910;18.5750,-0.2154;19.0103,-0.2401;19.4432,-0.2651;19.8732,-0.2902;20.2996,-0.3153;20.7213,-0.3402;21.1379,-0.3647;21.5495,-0.3886;21.9567,-0.4117",0,-1,0.0,SKIPPED,,,,"0.2413,0.0003;0.4995,-0.0003;0.7607,-0.0007;1.0226,-0.0012;1.2777,0.0006;1.5275,0.0052;1.7738,0.0082;2.0172,0.0086;2.2581,0.0111;2.4965,0.0127;2.7330,0.0128;2.9678,0.0151;3.2012,0.0191;3.4335,0.0229;3.6665,0.0261;3.9019,0.0305;4.1407,0.0327;4.3766,0.0313;4.6079,0.0328;4.8364,0.0377;5.0642,0.0445;5.2952,0.0479;5.5311,0.0509;5.7709,0.0525;6.0122,0.0532;6.2551,0.0537;6.5010,0.0539;6.7529,0.0536;7.0140,0.0549;7.2864,0.0559;7.5709,0.0551;7.8657,0.0527;8.1673,0.0492;8.4726,0.0450;8.7828,0.0438;9.1043,0.0424;9.4408,0.0378;9.7889,0.0309;10.1443,0.0247;10.5077,0.0179;10.8785,0.0107;11.2591,0.0026;11.6478,-0.0091;12.0442,-0.0205;12.4481,-0.0313;12.8591,-0.0450;13.2778,-0.0571;13.7040,-0.0725;14.1373,-0.0891;14.5773,-0.1055;15.0209,-0.1253;15.4725,-0.1465;15.9241,-0.1678;16.3819,-0.1894;16.8419,-0.2111;17.3028,-0.2319;17.7646,-0.2519;18.2269,-0.2714;18.6904,-0.2900;19.1537,-0.3082;19.6163,-0.3240;20.0789,-0.3398;20.5335,-0.3517;20.9875,-0.3632"
e0772c6e-1524-494f-b16f-84ca1a700a7b,16100000,3073,17,4.963,Slow down to maintain safe distance to the stopped vehicle blocking the lane ahead,2.8195,3.6856,"0.2390,0.0000;0.4810,0.0001;0.7270,0.0002;0.9783,0.0002;1.2368,0.0003;1.5048,0.0004;1.7838,0.0004;2.0751,0.0005;2.3787,0.0004;2.6942,0.0003;3.0212,0.0001;3.3592,-0.0001;3.7084,-0.0005;4.0685,-0.0010;4.4395,-0.0016;4.8215,-0.0024;5.2146,-0.0033;5.6193,-0.0042;6.0359,-0.0053;6.4643,-0.0065;6.9043,-0.0078;7.3550,-0.0094;7.8152,-0.0115;8.2838,-0.0142;8.7598,-0.0180;9.2428,-0.0232;9.7327,-0.0302;10.2297,-0.0394;10.7336,-0.0510;11.2437,-0.0651;11.7588,-0.0820;12.2772,-0.1017;12.7971,-0.1241;13.3168,-0.1492;13.8349,-0.1769;14.3505,-0.2070;14.8634,-0.2392;15.3735,-0.2734;15.8812,-0.3092;16.3867,-0.3463;16.8897,-0.3844;17.3900,-0.4229;17.8869,-0.4616;18.3798,-0.5000;18.8681,-0.5379;19.3512,-0.5749;19.8282,-0.6108;20.2982,-0.6452;20.7604,-0.6777;21.2142,-0.7082;21.6591,-0.7362;22.0941,-0.7613;22.5182,-0.7833;22.9300,-0.8016;23.3286,-0.8161;23.7137,-0.8264;24.0859,-0.8323;24.4463,-0.8334;24.7962,-0.8296;25.1373,-0.8205;25.4709,-0.8058;25.7985,-0.7851;26.1216,-0.7581;26.4415,-0.7243",0,-1,0.0,SKIPPED,,,,"0.2220,-0.0019;0.4568,-0.0016;0.6902,0.0004;0.9226,0.0022;1.1555,0.0033;1.3909,0.0057;1.6298,0.0059;1.8657,0.0024;2.0970,0.0019;2.3255,0.0048;2.5533,0.0096;2.7844,0.0110;3.0203,0.0120;3.2601,0.0115;3.5014,0.0101;3.7443,0.0084;3.9902,0.0065;4.2420,0.0040;4.5031,0.0030;4.7755,0.0017;5.0600,-0.0016;5.3548,-0.0066;5.6564,-0.0127;5.9617,-0.0195;6.2718,-0.0234;6.5933,-0.0276;6.9297,-0.0352;7.2777,-0.0451;7.6331,-0.0544;7.9964,-0.0643;8.3672,-0.0748;8.7477,-0.0862;9.1363,-0.1013;9.5325,-0.1161;9.9363,-0.1304;10.3472,-0.1477;10.7658,-0.1635;11.1918,-0.1826;11.6250,-0.2029;12.0649,-0.2232;12.5082,-0.2468;12.9596,-0.2719;13.4110,-0.2971;13.8686,-0.3227;14.3284,-0.3484;14.7891,-0.3732;15.2507,-0.3972;15.7128,-0.4207;16.1761,-0.4433;16.6393,-0.4656;17.1017,-0.4854;17.5642,-0.5053;18.0186,-0.5211;18.4725,-0.5366;18.9214,-0.5467;19.3675,-0.5539;19.8105,-0.5583;20.2474,-0.5573;20.6838,-0.5558;21.1088,-0.5390;21.5337,-0.5221;21.9500,-0.4913;22.3613,-0.4524;22.7694,-0.4096"
e0772c6e-1524-494f-b16f-84ca1a700a7b,17100000,3073,14,4.584,Slow down due to the narrowed lane at a work zone,3.0978,7.0763,"0.2279,-0.0000;0.4602,-0.0001;0.6944,-0.0002;0.9288,-0.0003;1.1629,-0.0006;1.3969,-0.0009;1.6319,-0.0013;1.8686,-0.0019;2.1070,-0.0028;2.3460,-0.0039;2.5847,-0.0054;2.8230,-0.0073;3.0616,-0.0097;3.3013,-0.0126;3.5426,-0.0161;3.7852,-0.0204;4.0282,-0.0254;4.2711,-0.0311;4.5141,-0.0375;4.7579,-0.0447;5.0038,-0.0527;5.2528,-0.0615;5.5054,-0.0710;5.7614,-0.0813;6.0206,-0.0923;6.2826,-0.1039;6.5470,-0.1161;6.8139,-0.1287;7.0835,-0.1417;7.3559,-0.1551;7.6312,-0.1688;7.9089,-0.1828;8.1887,-0.1970;8.4702,-0.2113;8.7530,-0.2258;9.0370,-0.2404;9.3221,-0.2550;9.6079,-0.2696;9.8940,-0.2843;10.1800,-0.2989;10.4655,-0.3135;10.7505,-0.3281;11.0349,-0.3427;11.3183,-0.3572;11.6003,-0.3717;11.8804,-0.3860;12.1587,-0.4002;12.4355,-0.4143;12.7116,-0.4284;12.9878,-0.4423;13.2644,-0.4562;13.5417,-0.4700;13.8192,-0.4839;14.0969,-0.4976;14.3745,-0.5114;14.6522,-0.5250;14.9304,-0.5387;15.2093,-0.5523;15.4891,-0.5659;15.7696,-0.5795;16.0506,-0.5932;16.3320,-0.6068;16.6138,-0.6205;16.8963,-0.6342",0,-1,0.0,SKIPPED,,,,"0.2141,0.0033;0.4452,0.0035;0.6811,0.0032;0.9209,0.0015;1.1622,-0.0012;1.4051,-0.0042;1.6510,-0.0074;1.9028,-0.0113;2.1639,-0.0137;2.4363,-0.0164;2.7207,-0.0212;3.0155,-0.0278;3.3170,-0.0355;3.6223,-0.0440;3.9324,-0.0495;4.2538,-0.0554;4.5902,-0.0648;4.9382,-0.0766;5.2935,-0.0877;5.6568,-0.0996;6.0274,-0.1120;6.4079,-0.1255;6.7964,-0.1427;7.1925,-0.1595;7.5962,-0.1760;8.0070,-0.1956;8.4256,-0.2135;8.8514,-0.2349;9.2845,-0.2576;9.7243,-0.2802;10.1675,-0.3061;10.6188,-0.3337;11.0700,-0.3613;11.5275,-0.3894;11.9871,-0.4175;12.4477,-0.4448;12.9091,-0.4712;13.3711,-0.4972;13.8343,-0.5223;14.2973,-0.5470;14.7597,-0.5693;15.2220,-0.5916;15.6763,-0.6099;16.1301,-0.6278;16.5790,-0.6403;17.0250,-0.6499;17.4680,-0.6566;17.9049,-0.6580;18.3413,-0.6588;18.7664,-0.6442;19.1914,-0.6297;19.6078,-0.6010;20.0193,-0.5644;20.4277,-0.5238;20.8159,-0.4588;21.2042,-0.3939;21.5779,-0.3118;21.9393,-0.2151;22.3007,-0.1185;22.6339,0.0073;22.9617,0.1386;23.2895,0.2700;23.5785,0.4319;23.8649,0.5959"
e0772c6e-1524-494f-b16f-84ca1a700a7b,18100000,3073,20,5.292,Nudge to the left to clear the construction dumpster blocking the right side of our lane,1.2556,3.0882,"0.2865,-0.0002;0.5861,-0.0010;0.8955,-0.0022;1.2127,-0.0040;1.5370,-0.0063;1.8693,-0.0091;2.2112,-0.0124;2.5628,-0.0163;2.9229,-0.0208;3.2895,-0.0257;3.6606,-0.0311;4.0351,-0.0369;4.4130,-0.0432;4.7945,-0.0498;5.1795,-0.0567;5.5673,-0.0640;5.9569,-0.0716;6.3474,-0.0794;6.7378,-0.0874;7.1270,-0.0956;7.5139,-0.1040;7.8977,-0.1126;8.2780,-0.1214;8.6553,-0.1304;9.0301,-0.1395;9.4026,-0.1490;9.7725,-0.1586;10.1393,-0.1683;10.5023,-0.1782;10.8616,-0.1881;11.2175,-0.1980;11.5703,-0.2078;11.9200,-0.2174;12.2664,-0.2266;12.6090,-0.2353;12.9475,-0.2431;13.2818,-0.2497;13.6122,-0.2547;13.9389,-0.2578;14.2623,-0.2586;14.5825,-0.2566;14.8995,-0.2516;15.2130,-0.2430;15.5230,-0.2306;15.8294,-0.2140;16.1326,-0.1930;16.4332,-0.1672;16.7319,-0.1363;17.0289,-0.1000;17.3241,-0.0582;17.6167,-0.0108;17.9056,0.0420;18.1897,0.1000;18.4686,0.1628;18.7421,0.2303;19.0109,0.3024;19.2755,0.3793;19.5365,0.4610;19.7940,0.5475;20.0483,0.6390;20.2994,0.7356;20.5481,0.8376;20.7951,0.9456;21.0413,1.0601",0,-1,0.0,SKIPPED,,,,"0.2674,-0.0004;0.5622,-0.0022;0.8638,-0.0052;1.1692,-0.0089;1.4794,-0.0095;1.8009,-0.0104;2.1374,-0.0145;2.4854,-0.0208;2.8409,-0.0263;3.2043,-0.0325;3.5751,-0.0391;3.9557,-0.0465;4.3445,-0.0576;4.7408,-0.0682;5.1448,-0.0784;5.5558,-0.0914;5.9746,-0.1028;6.4007,-0.1175;6.8341,-0.1333;7.2742,-0.1490;7.7177,-0.1679;8.1694,-0.1884;8.6210,-0.2089;9.0789,-0.2297;9.5389,-0.2507;9.9998,-0.2706;10.4616,-0.2898;10.9240,-0.3085;11.3875,-0.3263;11.8509,-0.3437;12.3135,-0.3588;12.7761,-0.3738;13.2307,-0.3849;13.6847,-0.3957;14.1337,-0.4012;14.5798,-0.4036;15.0228,-0.4034;15.4597,-0.3979;15.8961,-0.3918;16.3209,-0.3706;16.7456,-0.3493;17.1615,-0.3141;17.5724,-0.2710;17.9801,-0.2240;18.3672,-0.1529;18.7544,-0.0819;19.1268,0.0061;19.4866,0.1084;19.8464,0.2108;20.1776,0.3418;20.5034,0.4782;20.8291,0.6147;21.1154,0.7812;21.3992,0.9497;21.6830,1.1182;21.9187,1.3049;22.1452,1.4952;22.3716,1.6854"
e0772c6e-1524-494f-b16f-84ca1a700a7b,19100000,3073,21,5.377,Nudge to the left to clear the construction barricades blocking the right side of our lane,0.6528,1.6804,"0.3697,-0.0001;0.7467,-0.0006;1.1301,-0.0013;1.5194,-0.0025;1.9142,-0.0040;2.3143,-0.0059;2.7197,-0.0082;3.1308,-0.0111;3.5478,-0.0144;3.9704,-0.0183;4.3975,-0.0226;4.8277,-0.0275;5.2592,-0.0330;5.6903,-0.0390;6.1198,-0.0455;6.5473,-0.0527;6.9726,-0.0604;7.3959,-0.0688;7.8177,-0.0776;8.2384,-0.0870;8.6580,-0.0967;9.0765,-0.1067;9.4937,-0.1168;9.9090,-0.1268;10.3218,-0.1365;10.7313,-0.1454;11.1368,-0.1534;11.5378,-0.1598;11.9334,-0.1643;12.3229,-0.1663;12.7053,-0.1655;13.0800,-0.1614;13.4464,-0.1536;13.8047,-0.1419;14.1554,-0.1260;14.4995,-0.1055;14.8380,-0.0802;15.1716,-0.0496;15.5009,-0.0133;15.8258,0.0290;16.1462,0.0778;16.4615,0.1335;16.7711,0.1963;17.0738,0.2663;17.3690,0.3436;17.6570,0.4283;17.9386,0.5206;18.2146,0.6209;18.4849,0.7292;18.7486,0.8449;19.0045,0.9674;19.2529,1.0962;19.4948,1.2319;19.7324,1.3753;19.9674,1.5274;20.2005,1.6888;20.4317,1.8596;20.6607,2.0397;20.8871,2.2290;21.1108,2.4271;21.3312,2.6338;21.5476,2.8482;21.7591,3.0691;21.9647,3.2952",0,-1,0.0,SKIPPED,,,,"0.3484,-0.0003;0.7291,-0.0014;1.1179,-0.0058;1.5144,-0.0098;1.9185,-0.0131;2.3296,-0.0192;2.7485,-0.0236;3.1749,-0.0310;3.6085,-0.0396;4.0487,-0.0478;4.4926,-0.0593;4.9445,-0.0722;5.3964,-0.0851;5.8546,-0.0981;6.3148,-0.1113;6.7761,-0.1235;7.2381,-0.1349;7.7007,-0.1458;8.1645,-0.1558;8.6281,-0.1654;9.0909,-0.1726;9.5537,-0.1799;10.0084,-0.1833;10.4625,-0.1864;10.9116,-0.1843;11.3577,-0.1793;11.8006,-0.1716;12.2373,-0.1588;12.6736,-0.1453;13.0979,-0.1169;13.5222,-0.0885;13.9375,-0.0463;14.3476,0.0038;14.7544,0.0577;15.1403,0.1352;15.5262,0.2128;15.8971,0.3070;16.2551,0.4154;16.6132,0.5238;16.9421,0.6604;17.2655,0.8023;17.5888,0.9443;17.8723,1.1156;18.1533,1.2888;18.4342,1.4620;18.6667,1.6527;18.8899,1.8468;19.1131,2.0409"
594d2c54-ca9a-4bda-be8e-532b2fc359fb,5100000,3073,13,4.499,Stop for the red traffic light since it is red,0.6381,2.0478,"0.9517,-0.0002;1.8904,-0.0007;2.8160,-0.0015;3.7286,-0.0026;4.6283,-0.0040;5.5153,-0.0057;6.3895,-0.0076;7.2511,-0.0098;8.0996,-0.0121;8.9350,-0.0147;9.7571,-0.0175;10.5658,-0.0206;11.3614,-0.0239;12.1441,-0.0274;12.9144,-0.0311;13.6725,-0.0349;14.4182,-0.0388;15.1513,-0.0429;15.8713,-0.0472;16.5780,-0.0516;17.2715,-0.0560;17.9524,-0.0606;18.6211,-0.0653;19.2779,-0.0700;19.9226,-0.0748;20.5547,-0.0797;21.1739,-0.0845;21.7800,-0.0894;22.3730,-0.0943;22.9531,-0.0993;23.5201,-0.1041;24.0735,-0.1090;24.6130,-0.1139;25.1382,-0.1187;25.6491,-0.1235;26.1458,-0.1282;26.6283,-0.1330;27.0967,-0.1376;27.5512,-0.1423;27.9915,-0.1469;28.4175,-0.1514;28.8291,-0.1558;29.2261,-0.1602;29.6084,-0.1645;29.9761,-0.1687;30.3290,-0.1727;30.6671,-0.1767;30.9904,-0.1805;31.2988,-0.1842;31.5922,-0.1878;31.8707,-0.1912;32.1342,-0.1945;32.3828,-0.1976;32.6164,-0.2005;32.8353,-0.2033;33.0394,-0.2059;33.2289,-0.2083;33.4037,-0.2106;33.5640,-0.2126;33.7098,-0.2145;33.8410,-0.2163;33.9575,-0.2178;34.0594,-0.2192;34.1467,-0.2203",0,-1,0.0,SKIPPED,,,,"0.9046,-0.0010;1.8464,-0.0019;2.7775,-0.0028;3.6973,-0.0035;4.6034,-0.0045;5.4964,-0.0054;6.3772,-0.0060;7.2459,-0.0065;8.1028,-0.0067;8.9472,-0.0065;9.7790,-0.0060;10.5966,-0.0053;11.4007,-0.0044;12.1903,-0.0034;12.9653,-0.0018;13.7250,0.0003;14.4683,0.0031;15.1967,0.0055;15.9144,0.0083;16.6233,0.0116;17.3212,0.0151;18.0064,0.0191;18.6777,0.0234;19.3351,0.0274;19.9766,0.0317;20.6030,0.0359;21.2133,0.0394;21.8071,0.0428;22.3842,0.0462;22.9449,0.0496;23.4884,0.0524;24.0130,0.0548;24.5173,0.0579;25.0016,0.0600;25.4651,0.0624;25.9072,0.0654;26.3277,0.0672;26.7297,0.0691;27.1135,0.0710;27.4784,0.0725;27.8243,0.0734;28.1519,0.0752;28.4618,0.0763;28.7560,0.0777;29.0362,0.0779;29.3029,0.0795;29.5563,0.0796;29.7966,0.0810;30.0246,0.0817;30.2399,0.0821;30.4429,0.0830;30.6336,0.0834;30.8120,0.0842;30.9780,0.0849;31.1317,0.0856;31.2730,0.0863;31.4038,0.0870;31.5265,0.0877;31.6415,0.0882;31.7498,0.0888;31.8515,0.0893;31.9473,0.0898;32.0372,0.0903;32.1227,0.0907"
594d2c54-ca9a-4bda-be8e-532b2fc359fb,6100000,3073,10,4.153,Stop for the red traffic light ahead,0.7394,1.976,"0.8319,-0.0000;1.6503,0.0000;2.4547,0.0000;3.2444,0.0000;4.0190,-0.0001;4.7780,-0.0004;5.5212,-0.0008;6.2488,-0.0016;6.9612,-0.0026;7.6591,-0.0038;8.3436,-0.0055;9.0154,-0.0074;9.6749,-0.0097;10.3225,-0.0123;10.9581,-0.0152;11.5814,-0.0183;12.1922,-0.0216;12.7903,-0.0249;13.3756,-0.0284;13.9478,-0.0319;14.5064,-0.0354;15.0510,-0.0389;15.5811,-0.0424;16.0959,-0.0460;16.5950,-0.0495;17.0776,-0.0530;17.5434,-0.0565;17.9921,-0.0600;18.4236,-0.0636;18.8384,-0.0672;19.2371,-0.0707;19.6201,-0.0743;19.9876,-0.0779;20.3392,-0.0814;20.6746,-0.0849;20.9934,-0.0883;21.2962,-0.0916;21.5840,-0.0948;21.8586,-0.0979;22.1216,-0.1010;22.3741,-0.1039;22.6168,-0.1068;22.8503,-0.1097;23.0747,-0.1124;23.2905,-0.1150;23.4979,-0.1176;23.6972,-0.1200;23.8886,-0.1223;24.0720,-0.1246;24.2473,-0.1267;24.4141,-0.1287;24.5721,-0.1306;24.7209,-0.1324;24.8602,-0.1340;24.9896,-0.1355;25.1089,-0.1369;25.2180,-0.1382;25.3167,-0.1393;25.4049,-0.1403;25.4825,-0.1412;25.5494,-0.1419;25.6056,-0.1425;25.6508,-0.1430;25.6853,-0.1434",0,-1,0.0,SKIPPED,,,,"0.7903,-0.0004;1.6079,-0.0006;2.4121,-0.0006;3.2017,-0.0004;3.9767,0.0003;4.7363,0.0016;5.4797,0.0035;6.2081,0.0051;6.9258,0.0072;7.6347,0.0096;8.3326,0.0124;9.0178,0.0156;9.6891,0.0192;10.3465,0.0225;10.9880,0.0261;11.6144,0.0296;12.2248,0.0324;12.8186,0.0352;13.3956,0.0379;13.9563,0.0407;14.4998,0.0429;15.0244,0.0447;15.5287,0.0473;16.0131,0.0488;16.4765,0.0507;16.9186,0.0532;17.3391,0.0546;17.7412,0.0560;18.1250,0.0575;18.4898,0.0586;18.8358,0.0591;19.1634,0.0606;19.4733,0.0613;19.7674,0.0624;20.0476,0.0623;20.3144,0.0636;20.5678,0.0634;20.8081,0.0646;21.0360,0.0650;21.2514,0.0652;21.4543,0.0658;21.6450,0.0660;21.8234,0.0666;21.9895,0.0671;22.1432,0.0677;22.2844,0.0683;22.4152,0.0688;22.5380,0.0693;22.6530,0.0697;22.7612,0.0702;22.8630,0.0706;22.9587,0.0710;23.0486,0.0714;23.1341,0.0717;23.2148,0.0721;23.2888,0.0723;23.3574,0.0726;23.4219,0.0728;23.4821,0.0731;23.5380,0.0733;23.5897,0.0735;23.6374,0.0737;23.6813,0.0739;23.7213,0.0740"
594d2c54-ca9a-4bda-be8e-532b2fc359fb,7100000,3073,9,4.042,Stop due to red traffic light,0.9279,1.044,"0.7001,0.0001;1.3888,0.0004;2.0657,0.0008;2.7306,0.0012;3.3831,0.0015;4.0229,0.0016;4.6500,0.0016;5.2641,0.0013;5.8650,0.0007;6.4525,-0.0000;7.0263,-0.0011;7.5857,-0.0024;8.1301,-0.0040;8.6586,-0.0058;9.1706,-0.0079;9.6656,-0.0101;10.1436,-0.0124;10.6043,-0.0149;11.0478,-0.0174;11.4741,-0.0200;11.8832,-0.0226;12.2751,-0.0253;12.6497,-0.0279;13.0069,-0.0304;13.3467,-0.0330;13.6690,-0.0355;13.9740,-0.0379;14.2620,-0.0402;14.5333,-0.0425;14.7884,-0.0446;15.0278,-0.0467;15.2521,-0.0486;15.4620,-0.0505;15.6583,-0.0523;15.8414,-0.0540;16.0117,-0.0555;16.1695,-0.0570;16.3148,-0.0584;16.4480,-0.0597;16.5694,-0.0608;16.6796,-0.0619;16.7793,-0.0629;16.8689,-0.0637;16.9489,-0.0645;17.0195,-0.0652;17.0811,-0.0658;17.1336,-0.0663;17.1772,-0.0668;17.2121,-0.0671;17.2389,-0.0674;17.2588,-0.0676;17.2740,-0.0677;17.2868,-0.0678;17.2983,-0.0680;17.3086,-0.0681;17.3173,-0.0681;17.3244,-0.0682;17.3305,-0.0683;17.3364,-0.0683;17.3422,-0.0684;17.3482,-0.0685;17.3542,-0.0685;17.3602,-0.0686;17.3662,-0.0686",0,-1,0.0,SKIPPED,,,,"0.6631,-0.0005;1.3484,-0.0006;2.0196,-0.0001;2.6770,0.0000;3.3186,0.0006;3.9450,0.0011;4.5553,0.0011;5.1492,0.0011;5.7262,0.0011;6.2869,0.0012;6.8304,0.0009;7.3551,0.0002;7.8594,0.0004;8.3437,-0.0004;8.8072,-0.0007;9.2493,-0.0003;9.6697,-0.0008;10.0718,-0.0013;10.4556,-0.0017;10.8205,-0.0022;11.1664,-0.0034;11.4940,-0.0035;11.8040,-0.0042;12.0981,-0.0045;12.3783,-0.0059;12.6450,-0.0059;12.8984,-0.0073;13.1387,-0.0072;13.3667,-0.0079;13.5820,-0.0087;13.7850,-0.0091;13.9757,-0.0098;14.1541,-0.0100;14.3201,-0.0103;14.4738,-0.0104;14.6151,-0.0105;14.7459,-0.0106;14.8686,-0.0107;14.9836,-0.0108;15.0919,-0.0109;15.1936,-0.0109;15.2894,-0.0110;15.3793,-0.0110;15.4648,-0.0111;15.5455,-0.0111;15.6194,-0.0112;15.6881,-0.0113;15.7525,-0.0113;15.8128,-0.0114;15.8687,-0.0114;15.9204,-0.0114;15.9681,-0.0115;16.0120,-0.0115;16.0520,-0.0116;16.0886,-0.0116;16.1222,-0.0117;16.1537,-0.0117;16.1832,-0.0117;16.2107,-0.0117;16.2366,-0.0118;16.2608,-0.0118;16.2835,-0.0118;16.3046,-0.0118;16.3237,-0.0118"
594d2c54-ca9a-4bda-be8e-532b2fc359fb,8100000,3073,10,4.148,Stop due to a red traffic light,0.7453,1.6316,"0.5440,-0.0002;1.0706,-0.0010;1.5786,-0.0024;2.0672,-0.0046;2.5361,-0.0076;2.9853,-0.0113;3.4153,-0.0158;3.8267,-0.0210;4.2207,-0.0267;4.5984,-0.0328;4.9607,-0.0392;5.3085,-0.0458;5.6423,-0.0525;5.9626,-0.0592;6.2695,-0.0658;6.5634,-0.0723;6.8444,-0.0787;7.1126,-0.0849;7.3682,-0.0908;7.6112,-0.0965;7.8419,-0.1020;8.0609,-0.1072;8.2686,-0.1121;8.4655,-0.1168;8.6521,-0.1212;8.8287,-0.1254;8.9955,-0.1293;9.1529,-0.1330;9.3013,-0.1365;9.4413,-0.1397;9.5736,-0.1427;9.6988,-0.1455;9.8175,-0.1482;9.9304,-0.1507;10.0376,-0.1530;10.1396,-0.1552;10.2366,-0.1573;10.3288,-0.1592;10.4167,-0.1610;10.5004,-0.1628;10.5802,-0.1644;10.6565,-0.1659;10.7296,-0.1674;10.7995,-0.1688;10.8665,-0.1701;10.9307,-0.1713;10.9922,-0.1725;11.0509,-0.1736;11.1068,-0.1747;11.1601,-0.1757;11.2106,-0.1767;11.2584,-0.1776;11.3037,-0.1784;11.3463,-0.1792;11.3862,-0.1799;11.4234,-0.1806;11.4578,-0.1812;11.4903,-0.1818;11.5216,-0.1824;11.5529,-0.1830;11.5852,-0.1835;11.6190,-0.1842;11.6545,-0.1848;11.6916,-0.1855",0,-1,0.0,SKIPPED,,,,"0.5160,-0.0003;1.0406,-0.0010;1.5449,-0.0009;2.0293,-0.0017;2.4927,-0.0020;2.9348,-0.0016;3.3553,-0.0022;3.7574,-0.0027;4.1412,-0.0031;4.5060,-0.0037;4.8520,-0.0049;5.1796,-0.0050;5.4895,-0.0057;5.7836,-0.0060;6.0639,-0.0074;6.3306,-0.0074;6.5840,-0.0088;6.8243,-0.0088;7.0523,-0.0095;7.2676,-0.0103;7.4706,-0.0107;7.6612,-0.0114;7.8396,-0.0116;8.0057,-0.0119;8.1594,-0.0121;8.3007,-0.0122;8.4315,-0.0123;8.5542,-0.0123;8.6692,-0.0125;8.7775,-0.0125;8.8792,-0.0126;8.9750,-0.0126;9.0649,-0.0127;9.1504,-0.0128;9.2310,-0.0128;9.3050,-0.0129;9.3737,-0.0130;9.4381,-0.0130;9.4984,-0.0131;9.5543,-0.0131;9.6059,-0.0132;9.6536,-0.0132;9.6976,-0.0132;9.7376,-0.0133;9.7741,-0.0133;9.8078,-0.0134;9.8393,-0.0134;9.8688,-0.0134;9.8963,-0.0135;9.9221,-0.0135;9.9463,-0.0135;9.9691,-0.0135;9.9902,-0.0136;10.0093,-0.0136;10.0266,-0.0136;10.0420,-0.0136;10.0554,-0.0136;10.0668,-0.0136;10.0739,-0.0136;10.0766,-0.0136;10.0763,-0.0136;10.0741,-0.0136;10.0714,-0.0136;10.0691,-0.0136"
594d2c54-ca9a-4bda-be8e-532b2fc359fb,9100000,3073,15,4.71,Stop at the stop line since the straight traffic light is red,0.6764,0.0669,"0.3463,-0.0001;0.6734,-0.0002;0.9816,-0.0005;1.2709,-0.0008;1.5416,-0.0011;1.7936,-0.0015;2.0272,-0.0019;2.2427,-0.0023;2.4405,-0.0027;2.6210,-0.0031;2.7845,-0.0035;2.9314,-0.0038;3.0627,-0.0041;3.1795,-0.0044;3.2834,-0.0047;3.3761,-0.0049;3.4593,-0.0052;3.5347,-0.0054;3.6033,-0.0055;3.6663,-0.0057;3.7242,-0.0059;3.7776,-0.0060;3.8269,-0.0061;3.8726,-0.0063;3.9148,-0.0064;3.9538,-0.0065;3.9899,-0.0066;4.0231,-0.0067;4.0536,-0.0067;4.0810,-0.0068;4.1053,-0.0069;4.1262,-0.0069;4.1442,-0.0070;4.1601,-0.0070;4.1750,-0.0071;4.1895,-0.0071;4.2040,-0.0071;4.2184,-0.0072;4.2326,-0.0072;4.2466,-0.0073;4.2606,-0.0073;4.2749,-0.0073;4.2899,-0.0074;4.3062,-0.0074;4.3243,-0.0075;4.3445,-0.0075;4.3672,-0.0076;4.3929,-0.0076;4.4221,-0.0077;4.4552,-0.0078;4.4928,-0.0079;4.5353,-0.0080;4.5830,-0.0082;4.6366,-0.0083;4.6963,-0.0085;4.7623,-0.0087;4.8345,-0.0089;4.9125,-0.0091;4.9959,-0.0094;5.0840,-0.0097;5.1765,-0.0100;5.2731,-0.0103;5.3736,-0.0107;5.4779,-0.0111",0,-1,0.0,SKIPPED,,,,"0.3281,-0.0008;0.6557,-0.0005;0.9656,-0.0008;1.2597,-0.0007;1.5400,-0.0019;1.8067,-0.0015;2.0601,-0.0026;2.3004,-0.0023;2.5284,-0.0027;2.7437,-0.0032;2.9467,-0.0034;3.1374,-0.0038;3.3158,-0.0038;3.4818,-0.0039;3.6355,-0.0039;3.7768,-0.0038;3.9076,-0.0038;4.0303,-0.0037;4.1453,-0.0037;4.2536,-0.0036;4.3553,-0.0036;4.4511,-0.0035;4.5410,-0.0035;4.6265,-0.0034;4.7072,-0.0033;4.7811,-0.0033;4.8498,-0.0033;4.9142,-0.0033;4.9745,-0.0033;5.0304,-0.0032;5.0821,-0.0032;5.1298,-0.0032;5.1737,-0.0032;5.2137,-0.0032;5.2502,-0.0032;5.2839,-0.0032;5.3154,-0.0032;5.3449,-0.0032;5.3724,-0.0032;5.3983,-0.0032;5.4225,-0.0032;5.4452,-0.0032;5.4663,-0.0032;5.4854,-0.0031;5.5027,-0.0031;5.5181,-0.0031;5.5316,-0.0031;5.5430,-0.0031;5.5500,-0.0031;5.5527,-0.0031;5.5524,-0.0031;5.5503,-0.0031;5.5475,-0.0031;5.5452,-0.0031;5.5443,-0.0031;5.5443,-0.0031;5.5443,-0.0031;5.5443,-0.0031;5.5443,-0.0031;5.5443,-0.0031;5.5443,-0.0031;5.5443,-0.0031;5.5443,-0.0031;5.5443,-0.0031"
594d2c54-ca9a-4bda-be8e-532b2fc359fb,10100000,3073,14,4.622,Stop for the red traffic light since the signal is red,0.572,0.8429,"0.2018,-0.0000;0.3884,-0.0000;0.5598,-0.0001;0.7157,-0.0001;0.8562,-0.0001;0.9814,-0.0002;1.0919,-0.0003;1.1885,-0.0003;1.2732,-0.0004;1.3479,-0.0005;1.4149,-0.0005;1.4762,-0.0006;1.5331,-0.0007;1.5864,-0.0007;1.6365,-0.0008;1.6837,-0.0009;1.7281,-0.0009;1.7697,-0.0010;1.8085,-0.0011;1.8443,-0.0011;1.8770,-0.0012;1.9062,-0.0012;1.9315,-0.0013;1.9524,-0.0013;1.9686,-0.0014;1.9802,-0.0014;1.9875,-0.0014;1.9915,-0.0014;1.9935,-0.0014;1.9942,-0.0014;1.9943,-0.0014;1.9938,-0.0014;1.9926,-0.0014;1.9911,-0.0014;1.9895,-0.0014;1.9879,-0.0014;1.9863,-0.0014;1.9847,-0.0014;1.9832,-0.0014;1.9817,-0.0014;1.9802,-0.0014;1.9788,-0.0014;1.9773,-0.0014;1.9758,-0.0014;1.9744,-0.0014;1.9729,-0.0014;1.9715,-0.0014;1.9700,-0.0014;1.9686,-0.0014;1.9671,-0.0014;1.9657,-0.0014;1.9642,-0.0014;1.9628,-0.0013;1.9614,-0.0013;1.9600,-0.0013;1.9586,-0.0013;1.9572,-0.0013;1.9558,-0.0013;1.9544,-0.0013;1.9530,-0.0013;1.9516,-0.0013;1.9502,-0.0013;1.9487,-0.0013;1.9472,-0.0013",0,-1,0.0,SKIPPED,,,,"0.1925,-0.0002;0.3832,-0.0006;0.5616,-0.0007;0.7276,-0.0007;0.8813,-0.0008;1.0226,-0.0007;1.1534,-0.0006;1.2761,-0.0006;1.3911,-0.0006;1.4994,-0.0005;1.6011,-0.0005;1.6969,-0.0004;1.7868,-0.0004;1.8723,-0.0003;1.9530,-0.0003;2.0269,-0.0003;2.0956,-0.0003;2.1600,-0.0003;2.2203,-0.0002;2.2762,-0.0002;2.3279,-0.0002;2.3756,-0.0002;2.4195,-0.0002;2.4595,-0.0002;2.4961,-0.0002;2.5297,-0.0002;2.5612,-0.0002;2.5907,-0.0002;2.6182,-0.0002;2.6441,-0.0002;2.6683,-0.0002;2.6910,-0.0002;2.7121,-0.0002;2.7312,-0.0002;2.7485,-0.0001;2.7639,-0.0001;2.7774,-0.0001;2.7888,-0.0001;2.7959,-0.0001;2.7985,-0.0001;2.7982,-0.0001;2.7961,-0.0001;2.7934,-0.0001;2.7910,-0.0001;2.7901,-0.0001;2.7901,-0.0001;2.7901,-0.0001;2.7901,-0.0001;2.7901,-0.0001;2.7901,-0.0001;2.7901,-0.0001;2.7901,-0.0001;2.7901,-0.0001;2.7901,-0.0001;2.7901,-0.0001;2.7901,-0.0001;2.7901,-0.0001;2.7901,-0.0001;2.7901,-0.0001;2.7901,-0.0001;2.7901,-0.0001;2.7901,-0.0001;2.7901,-0.0001;2.7901,-0.0001"
594d2c54-ca9a-4bda-be8e-532b2fc359fb,11100000,3073,9,4.038,Stop due to red traffic light,0.3031,0.2616,"0.1009,0.0000;0.1933,0.0000;0.2776,0.0000;0.3543,0.0000;0.4236,0.0000;0.4855,0.0000;0.5402,0.0000;0.5875,0.0000;0.6272,0.0000;0.6596,0.0000;0.6850,0.0000;0.7045,0.0000;0.7196,0.0000;0.7319,0.0000;0.7426,0.0001;0.7518,0.0001;0.7597,0.0001;0.7663,0.0001;0.7721,0.0001;0.7775,0.0001;0.7830,0.0001;0.7884,0.0001;0.7939,0.0001;0.7994,0.0001;0.8049,0.0001;0.8104,0.0001;0.8159,0.0001;0.8214,0.0001;0.8269,0.0001;0.8324,0.0001;0.8379,0.0001;0.8435,0.0001;0.8491,0.0001;0.8546,0.0001;0.8602,0.0001;0.8659,0.0001;0.8715,0.0001;0.8771,0.0001;0.8828,0.0001;0.8884,0.0001;0.8940,0.0001;0.8996,0.0001;0.9053,0.0001;0.9109,0.0001;0.9165,0.0001;0.9222,0.0001;0.9279,0.0001;0.9336,0.0001;0.9392,0.0001;0.9449,0.0001;0.9506,0.0001;0.9562,0.0001;0.9618,0.0001;0.9675,0.0001;0.9731,0.0001;0.9788,0.0001;0.9844,0.0001;0.9901,0.0001;0.9957,0.0001;1.0013,0.0001;1.0070,0.0001;1.0126,0.0001;1.0182,0.0001;1.0238,0.0001",0,-1,0.0,SKIPPED,,,,"0.0964,0.0000;0.1922,0.0000;0.2821,-0.0000;0.3676,-0.0000;0.4483,-0.0000;0.5222,-0.0001;0.5909,-0.0001;0.6553,-0.0001;0.7156,-0.0001;0.7715,-0.0001;0.8232,-0.0002;0.8709,-0.0002;0.9148,-0.0002;0.9548,-0.0002;0.9914,-0.0003;1.0250,-0.0003;1.0565,-0.0003;1.0860,-0.0003;1.1135,-0.0003;1.1394,-0.0003;1.1636,-0.0003;1.1863,-0.0003;1.2074,-0.0003;1.2265,-0.0003;1.2438,-0.0003;1.2592,-0.0003;1.2727,-0.0003;1.2841,-0.0003;1.2912,-0.0003;1.2938,-0.0003;1.2935,-0.0003;1.2914,-0.0004;1.2887,-0.0003;1.2863,-0.0003;1.2854,-0.0004;1.2854,-0.0004;1.2854,-0.0004;1.2854,-0.0004;1.2854,-0.0004;1.2854,-0.0004;1.2854,-0.0004;1.2854,-0.0004;1.2854,-0.0004;1.2854,-0.0004;1.2854,-0.0004;1.2854,-0.0004;1.2854,-0.0004;1.2854,-0.0004;1.2854,-0.0004;1.2854,-0.0004;1.2854,-0.0004;1.2854,-0.0004;1.2854,-0.0004;1.2854,-0.0004;1.2854,-0.0004;1.2854,-0.0004;1.2854,-0.0004;1.2854,-0.0004;1.2854,-0.0004;1.2854,-0.0004;1.2854,-0.0004;1.2854,-0.0004;1.2854,-0.0004;1.2854,-0.0004"
594d2c54-ca9a-4bda-be8e-532b2fc359fb,12100000,3073,10,4.154,Stop since the traffic light is red,0.4893,0.8534,"0.0519,0.0000;0.0998,0.0000;0.1441,0.0000;0.1851,0.0000;0.2231,0.0000;0.2581,0.0000;0.2905,0.0000;0.3207,0.0000;0.3492,0.0000;0.3766,0.0000;0.4034,0.0000;0.4297,-0.0000;0.4557,-0.0000;0.4817,-0.0001;0.5077,-0.0001;0.5339,-0.0002;0.5603,-0.0002;0.5871,-0.0003;0.6145,-0.0004;0.6426,-0.0006;0.6720,-0.0007;0.7029,-0.0009;0.7358,-0.0011;0.7710,-0.0014;0.8087,-0.0017;0.8489,-0.0021;0.8916,-0.0025;0.9364,-0.0030;0.9827,-0.0036;1.0292,-0.0043;1.0748,-0.0050;1.1181,-0.0057;1.1582,-0.0064;1.1945,-0.0071;1.2266,-0.0077;1.2542,-0.0083;1.2775,-0.0088;1.2965,-0.0092;1.3119,-0.0095;1.3244,-0.0098;1.3348,-0.0100;1.3434,-0.0102;1.3499,-0.0103;1.3544,-0.0104;1.3571,-0.0105;1.3587,-0.0105;1.3595,-0.0105;1.3601,-0.0106;1.3604,-0.0106;1.3606,-0.0106;1.3608,-0.0106;1.3609,-0.0106;1.3611,-0.0106;1.3612,-0.0106;1.3615,-0.0106;1.3618,-0.0106;1.3621,-0.0106;1.3624,-0.0106;1.3627,-0.0106;1.3630,-0.0106;1.3634,-0.0106;1.3638,-0.0106;1.3642,-0.0107;1.3646,-0.0107",0,-1,0.0,SKIPPED,,,,"0.0490,-0.0000;0.0967,-0.0000;0.1406,-0.0000;0.1806,-0.0001;0.2172,-0.0001;0.2508,-0.0001;0.2823,-0.0001;0.3118,-0.0001;0.3393,-0.0001;0.3652,-0.0001;0.3894,-0.0002;0.4121,-0.0002;0.4332,-0.0002;0.4523,-0.0002;0.4696,-0.0002;0.4850,-0.0002;0.4985,-0.0002;0.5099,-0.0001;0.5170,-0.0002;0.5196,-0.0002;0.5194,-0.0002;0.5172,-0.0002;0.5145,-0.0002;0.5121,-0.0002;0.5113,-0.0002;0.5113,-0.0002;0.5113,-0.0002;0.5113,-0.0002;0.5113,-0.0002;0.5113,-0.0002;0.5113,-0.0002;0.5113,-0.0002;0.5113,-0.0002;0.5113,-0.0002;0.5113,-0.0002;0.5113,-0.0002;0.5113,-0.0002;0.5113,-0.0002;0.5113,-0.0002;0.5113,-0.0002;0.5113,-0.0002;0.5113,-0.0002;0.5113,-0.0002;0.5113,-0.0002;0.5113,-0.0002;0.5113,-0.0002;0.5113,-0.0002;0.5113,-0.0002;0.5113,-0.0002;0.5113,-0.0002;0.5113,-0.0002;0.5113,-0.0002;0.5113,-0.0002;0.5113,-0.0002;0.5113,-0.0002;0.5113,-0.0002;0.5113,-0.0002;0.5113,-0.0002;0.5113,-0.0002;0.5113,-0.0002;0.5113,-0.0002;0.5113,-0.0002;0.5113,-0.0002;0.5113,-0.0002"
594d2c54-ca9a-4bda-be8e-532b2fc359fb,13100000,3073,9,4.042,Stop due to red traffic light,0.0691,0.1783,"0.0237,-0.0000;0.0445,-0.0000;0.0620,-0.0000;0.0757,-0.0000;0.0855,-0.0000;0.0922,-0.0000;0.0967,-0.0000;0.1002,-0.0000;0.1037,-0.0000;0.1075,-0.0000;0.1117,-0.0000;0.1159,-0.0000;0.1201,-0.0000;0.1240,-0.0000;0.1277,-0.0000;0.1314,-0.0000;0.1351,-0.0000;0.1388,-0.0000;0.1425,-0.0000;0.1463,-0.0000;0.1501,-0.0000;0.1539,-0.0000;0.1577,-0.0000;0.1616,-0.0000;0.1655,-0.0000;0.1694,-0.0000;0.1733,-0.0000;0.1772,-0.0000;0.1812,-0.0000;0.1851,-0.0000;0.1890,-0.0000;0.1930,-0.0000;0.1970,-0.0000;0.2010,-0.0000;0.2051,-0.0000;0.2091,-0.0000;0.2132,-0.0000;0.2173,-0.0000;0.2214,-0.0000;0.2255,-0.0000;0.2296,-0.0000;0.2337,-0.0000;0.2378,-0.0000;0.2419,-0.0000;0.2460,-0.0000;0.2501,-0.0000;0.2542,-0.0000;0.2583,-0.0000;0.2624,-0.0000;0.2665,-0.0000;0.2706,-0.0000;0.2747,-0.0000;0.2788,-0.0000;0.2829,-0.0000;0.2869,-0.0000;0.2910,-0.0000;0.2951,-0.0000;0.2991,-0.0000;0.3032,-0.0000;0.3072,-0.0000;0.3112,-0.0000;0.3151,-0.0000;0.3191,-0.0000;0.3231,-0.0000",0,-1,0.0,SKIPPED,,,,"0.0230,-0.0000;0.0457,-0.0000;0.0668,-0.0000;0.0859,-0.0000;0.1032,-0.0000;0.1186,0.0000;0.1321,0.0000;0.1434,0.0000;0.1505,0.0000;0.1532,0.0000;0.1529,0.0000;0.1508,-0.0000;0.1480,0.0000;0.1457,-0.0000;0.1448,-0.0000;0.1448,-0.0000;0.1448,-0.0000;0.1448,-0.0000;0.1448,-0.0000;0.1448,-0.0000;0.1448,-0.0000;0.1448,-0.0000;0.1448,-0.0000;0.1448,-0.0000;0.1448,-0.0000;0.1448,-0.0000;0.1448,-0.0000;0.1448,-0.0000;0.1448,-0.0000;0.1448,-0.0000;0.1448,-0.0000;0.1448,-0.0000;0.1448,-0.0000;0.1448,-0.0000;0.1448,-0.0000;0.1448,-0.0000;0.1448,-0.0000;0.1448,-0.0000;0.1448,-0.0000;0.1448,-0.0000;0.1448,-0.0000;0.1448,-0.0000;0.1448,-0.0000;0.1448,-0.0000;0.1448,-0.0000;0.1448,-0.0000;0.1448,-0.0000;0.1448,-0.0000;0.1448,-0.0000;0.1448,-0.0000;0.1448,-0.0000;0.1448,-0.0000;0.1448,-0.0000;0.1448,-0.0000;0.1448,-0.0000;0.1448,-0.0000;0.1448,-0.0000;0.1448,-0.0000;0.1448,-0.0000;0.1448,-0.0000;0.1448,-0.0000;0.1448,-0.0000;0.1448,-0.0000;0.1448,-0.0000"
594d2c54-ca9a-4bda-be8e-532b2fc359fb,14100000,3073,9,4.046,Stop due to red traffic light,0.0199,0.0473,"-0.0006,0.0000;-0.0019,0.0000;-0.0034,0.0000;-0.0048,0.0000;-0.0060,0.0000;-0.0071,0.0000;-0.0081,0.0000;-0.0090,0.0000;-0.0098,0.0000;-0.0107,0.0000;-0.0115,0.0000;-0.0123,0.0000;-0.0131,0.0000;-0.0139,0.0000;-0.0147,0.0000;-0.0155,0.0000;-0.0163,0.0000;-0.0171,0.0000;-0.0179,0.0000;-0.0187,0.0000;-0.0195,0.0000;-0.0203,0.0000;-0.0211,0.0000;-0.0218,0.0000;-0.0226,0.0000;-0.0233,0.0000;-0.0241,0.0000;-0.0248,0.0000;-0.0256,0.0000;-0.0264,0.0000;-0.0272,0.0000;-0.0280,0.0000;-0.0288,0.0000;-0.0296,0.0000;-0.0305,0.0000;-0.0313,0.0000;-0.0322,0.0000;-0.0331,0.0000;-0.0340,0.0000;-0.0350,0.0000;-0.0359,0.0000;-0.0368,0.0000;-0.0378,0.0000;-0.0388,0.0000;-0.0397,0.0000;-0.0407,0.0000;-0.0417,0.0000;-0.0428,0.0000;-0.0438,0.0000;-0.0448,0.0000;-0.0459,0.0000;-0.0469,0.0000;-0.0480,0.0000;-0.0491,0.0000;-0.0501,0.0000;-0.0512,0.0000;-0.0523,0.0000;-0.0534,0.0000;-0.0546,0.0000;-0.0557,0.0000;-0.0569,0.0000;-0.0582,0.0000;-0.0595,0.0000;-0.0608,0.0000",0,-1,0.0,SKIPPED,,,,"-0.0003,-0.0000;-0.0025,-0.0000;-0.0052,-0.0000;-0.0076,-0.0000;-0.0084,-0.0000;-0.0084,-0.0000;-0.0084,-0.0000;-0.0084,-0.0000;-0.0084,-0.0000;-0.0084,-0.0000;-0.0084,-0.0000;-0.0084,-0.0000;-0.0084,-0.0000;-0.0084,-0.0000;-0.0084,-0.0000;-0.0084,-0.0000;-0.0084,-0.0000;-0.0084,-0.0000;-0.0084,-0.0000;-0.0084,-0.0000;-0.0084,-0.0000;-0.0084,-0.0000;-0.0084,-0.0000;-0.0084,-0.0000;-0.0084,-0.0000;-0.0084,-0.0000;-0.0084,-0.0000;-0.0084,-0.0000;-0.0084,-0.0000;-0.0084,-0.0000;-0.0084,-0.0000;-0.0084,-0.0000;-0.0084,-0.0000;-0.0084,-0.0000;-0.0084,-0.0000;-0.0084,-0.0000;-0.0084,-0.0000;-0.0084,-0.0000;-0.0084,-0.0000;-0.0084,-0.0000;-0.0084,-0.0000;-0.0084,-0.0000;-0.0084,-0.0000;-0.0084,-0.0000;-0.0084,-0.0000;-0.0084,-0.0000;-0.0084,-0.0000;-0.0084,-0.0000;-0.0084,-0.0000;-0.0084,-0.0000;-0.0084,-0.0000;-0.0084,-0.0000;-0.0084,-0.0000;-0.0084,-0.0000;-0.0084,-0.0000;-0.0084,-0.0000;-0.0084,-0.0000;-0.0084,-0.0000;-0.0084,-0.0000;-0.0084,-0.0000"
594d2c54-ca9a-4bda-be8e-532b2fc359fb,15100000,3073,14,4.566,Brake to a stop due to the red traffic light,0.0026,0.0048,"0.0000,0.0000;0.0001,0.0000;0.0002,0.0000;0.0003,0.0000;0.0004,-0.0000;0.0005,-0.0000;0.0005,-0.0000;0.0006,-0.0000;0.0007,-0.0000;0.0008,0.0000;0.0009,0.0000;0.0010,0.0000;0.0012,0.0000;0.0013,0.0000;0.0014,0.0000;0.0015,0.0000;0.0016,0.0000;0.0017,0.0000;0.0018,0.0000;0.0020,0.0000;0.0021,0.0000;0.0023,0.0000;0.0024,0.0000;0.0025,-0.0000;0.0026,-0.0000;0.0028,-0.0000;0.0029,-0.0000;0.0030,-0.0000;0.0032,-0.0000;0.0033,-0.0000;0.0035,-0.0000;0.0036,-0.0000;0.0037,-0.0000;0.0038,-0.0000;0.0039,-0.0000;0.0040,-0.0000;0.0041,-0.0000;0.0042,-0.0000;0.0043,-0.0000;0.0044,-0.0000;0.0044,-0.0000;0.0045,-0.0000;0.0046,-0.0000;0.0046,-0.0000;0.0047,-0.0000;0.0047,-0.0000;0.0048,-0.0000;0.0048,-0.0000;0.0048,-0.0000;0.0048,-0.0000;0.0049,-0.0000;0.0049,-0.0000;0.0049,-0.0000;0.0049,-0.0000;0.0049,-0.0000;0.0049,-0.0000;0.0048,-0.0000;0.0048,-0.0000;0.0048,-0.0000;0.0047,-0.0000;0.0047,-0.0000;0.0046,-0.0000;0.0045,-0.0000;0.0044,-0.0000",0,-1,0.0,SKIPPED,,,,"0.0000,0.0000;0.0000,0.0000;0.0000,0.0000;0.0000,0.0000;0.0000,0.0000;0.0000,0.0000;0.0000,0.0000;0.0000,0.0000;0.0000,0.0000;0.0000,0.0000;0.0000,0.0000;0.0000,0.0000;0.0000,0.0000;0.0000,0.0000;0.0000,0.0000;0.0000,0.0000;0.0000,0.0000;0.0000,0.0000;0.0000,0.0000;0.0000,0.0000;0.0000,0.0000;0.0000,0.0000;0.0000,0.0000;0.0000,0.0000;0.0000,0.0000;0.0000,0.0000;0.0000,0.0000;0.0000,0.0000;0.0000,0.0000;0.0000,0.0000;0.0000,0.0000;0.0000,0.0000;0.0000,0.0000;0.0000,0.0000;0.0000,0.0000;0.0000,0.0000;0.0000,0.0000;0.0000,0.0000;0.0000,0.0000;0.0000,0.0000;0.0000,0.0000;0.0000,0.0000;0.0000,0.0000;0.0000,0.0000;0.0000,0.0000;0.0000,0.0000;0.0000,0.0000;0.0000,0.0000;0.0000,0.0000;0.0000,0.0000"
594d2c54-ca9a-4bda-be8e-532b2fc359fb,16100000,3073,9,4.059,Stop due to red traffic light,0.0154,0.1518,"0.0000,-0.0000;0.0000,-0.0000;-0.0000,-0.0000;-0.0000,-0.0000;-0.0001,-0.0000;-0.0001,-0.0000;-0.0002,-0.0000;-0.0003,-0.0000;-0.0004,-0.0000;-0.0006,-0.0000;-0.0007,-0.0000;-0.0008,-0.0000;-0.0010,-0.0000;-0.0011,-0.0000;-0.0013,-0.0000;-0.0015,-0.0000;-0.0017,0.0000;-0.0019,0.0000;-0.0021,0.0000;-0.0024,0.0000;-0.0027,0.0000;-0.0029,0.0000;-0.0032,0.0000;-0.0033,0.0000;-0.0034,0.0000;-0.0031,0.0000;-0.0026,0.0000;-0.0017,0.0000;-0.0003,0.0000;0.0016,0.0000;0.0043,0.0000;0.0084,0.0000;0.0144,0.0000;0.0230,0.0000;0.0350,0.0000;0.0507,0.0000;0.0704,0.0000;0.0940,0.0000;0.1211,0.0000;0.1518,0.0000;0.1859,0.0000;0.2236,0.0000;0.2654,0.0001;0.3118,0.0001;0.3632,0.0001;0.4202,0.0002;0.4831,0.0002;0.5520,0.0003;0.6271,0.0004;0.7083,0.0005;0.7957,0.0006;0.8891,0.0007;0.9884,0.0009;1.0934,0.0010;1.2037,0.0012;1.3187,0.0014;1.4376,0.0016;1.5595,0.0018;1.6837,0.0020;1.8097,0.0023;1.9372,0.0025;2.0658,0.0027;2.1957,0.0028;2.3265,0.0030",0,-1,0.0,SKIPPED,,,,"0.0000,0.0000;0.0000,0.0000;0.0000,0.0000;0.0000,0.0000;0.0000,0.0000;0.0000,0.0000;0.0000,0.0000;0.0000,0.0000;0.0000,0.0000;0.0000,0.0000;0.0000,0.0000;0.0000,0.0000;0.0000,0.0000;0.0000,0.0000;0.0000,0.0000;0.0000,0.0000;0.0000,0.0000;0.0000,0.0000;0.0000,0.0000;0.0000,0.0000;0.0000,0.0000;0.0000,0.0000;0.0000,0.0000;0.0000,0.0000;0.0000,0.0000;0.0000,0.0000;0.0000,0.0000;0.0000,0.0000;0.0000,0.0000;0.0000,0.0000;0.0000,0.0000;0.0000,0.0000;0.0000,0.0000;0.0000,0.0000;0.0000,0.0000;0.0000,0.0000;0.0000,0.0000;0.0000,0.0000;0.0000,0.0000;0.0000,0.0000"
594d2c54-ca9a-4bda-be8e-532b2fc359fb,17100000,3073,9,4.033,Stop for the red traffic light,0.0011,0.002,"0.0000,-0.0000;0.0001,-0.0000;0.0001,-0.0000;0.0002,-0.0000;0.0003,-0.0000;0.0004,-0.0000;0.0005,-0.0000;0.0006,-0.0000;0.0007,-0.0000;0.0008,-0.0000;0.0008,-0.0000;0.0009,-0.0000;0.0010,-0.0000;0.0010,-0.0000;0.0011,-0.0000;0.0011,-0.0000;0.0012,-0.0000;0.0013,-0.0000;0.0013,-0.0000;0.0014,-0.0000;0.0014,-0.0000;0.0015,-0.0000;0.0015,-0.0000;0.0016,-0.0000;0.0017,-0.0000;0.0017,-0.0000;0.0018,-0.0000;0.0019,-0.0000;0.0019,-0.0000;0.0020,-0.0000;0.0020,-0.0000;0.0021,-0.0000;0.0021,-0.0000;0.0022,-0.0000;0.0023,-0.0000;0.0024,-0.0000;0.0024,-0.0000;0.0025,-0.0000;0.0026,-0.0000;0.0026,-0.0000;0.0027,-0.0000;0.0028,-0.0000;0.0028,-0.0000;0.0029,-0.0000;0.0030,-0.0000;0.0030,-0.0000;0.0031,-0.0000;0.0032,-0.0000;0.0032,-0.0000;0.0033,-0.0000;0.0034,-0.0000;0.0035,-0.0000;0.0036,-0.0000;0.0037,-0.0000;0.0038,-0.0000;0.0039,-0.0000;0.0040,-0.0000;0.0041,-0.0000;0.0042,-0.0000;0.0043,-0.0000;0.0044,-0.0000;0.0045,-0.0000;0.0047,-0.0000;0.0048,-0.0000",0,-1,0.0,SKIPPED,,,,"0.0000,0.0000;0.0000,0.0000;0.0000,0.0000;0.0000,0.0000;0.0000,0.0000;0.0000,0.0000;0.0000,0.0000;0.0000,0.0000;0.0000,0.0000;0.0000,0.0000;0.0000,0.0000;0.0000,0.0000;0.0000,0.0000;0.0000,0.0000;0.0000,0.0000;0.0000,0.0000;0.0000,0.0000;0.0000,0.0000;0.0000,0.0000;0.0000,0.0000;0.0000,0.0000;0.0000,0.0000;0.0000,0.0000;0.0000,0.0000;0.0000,0.0000;0.0000,0.0000;0.0000,0.0000;0.0000,0.0000;0.0000,0.0000;0.0000,0.0000"
594d2c54-ca9a-4bda-be8e-532b2fc359fb,18100000,3073,14,4.606,Stop for the red traffic light since the signal is red,0.0004,0.0012,"0.0000,-0.0000;0.0000,-0.0000;0.0000,-0.0000;-0.0000,-0.0000;-0.0000,-0.0000;-0.0001,-0.0000;-0.0001,-0.0000;-0.0001,-0.0000;-0.0002,-0.0000;-0.0002,-0.0000;-0.0002,-0.0000;-0.0003,-0.0000;-0.0004,-0.0000;-0.0005,-0.0000;-0.0006,-0.0000;-0.0007,-0.0000;-0.0009,0.0000;-0.0010,0.0000;-0.0011,0.0000;-0.0012,0.0000;-0.0013,0.0000;-0.0014,0.0000;-0.0014,0.0000;-0.0015,0.0000;-0.0016,0.0000;-0.0017,0.0000;-0.0018,0.0000;-0.0019,0.0000;-0.0020,0.0000;-0.0021,0.0000;-0.0022,0.0000;-0.0023,0.0000;-0.0024,0.0000;-0.0025,0.0000;-0.0026,0.0000;-0.0027,0.0000;-0.0028,0.0000;-0.0028,0.0000;-0.0029,0.0000;-0.0030,0.0000;-0.0031,0.0000;-0.0031,0.0000;-0.0032,0.0000;-0.0033,0.0000;-0.0033,0.0000;-0.0034,0.0000;-0.0034,0.0000;-0.0035,0.0000;-0.0035,0.0000;-0.0035,0.0000;-0.0036,0.0000;-0.0036,0.0000;-0.0036,0.0000;-0.0037,0.0000;-0.0037,0.0000;-0.0037,0.0000;-0.0037,0.0000;-0.0037,0.0000;-0.0037,0.0000;-0.0038,0.0000;-0.0038,0.0000;-0.0038,0.0000;-0.0038,0.0000;-0.0038,0.0000",0,-1,0.0,SKIPPED,,,,"0.0000,0.0000;0.0000,0.0000;0.0000,0.0000;0.0000,0.0000;0.0000,0.0000;0.0000,0.0000;0.0000,0.0000;0.0000,0.0000;0.0000,0.0000;0.0000,0.0000;0.0000,0.0000;0.0000,0.0000;0.0000,0.0000;0.0000,0.0000;0.0000,0.0000;0.0000,0.0000;0.0000,0.0000;0.0000,0.0000;0.0000,0.0000;0.0000,0.0000"
594d2c54-ca9a-4bda-be8e-532b2fc359fb,19100000,3073,14,4.631,Stop at the stop line since the traffic light is red,0.0001,0.0,"0.0000,-0.0000;0.0000,-0.0000;0.0000,-0.0000;0.0001,-0.0000;0.0001,-0.0000;0.0001,-0.0000;0.0001,-0.0000;0.0001,-0.0000;0.0000,-0.0000;0.0000,0.0000;-0.0000,0.0000;-0.0000,0.0000;-0.0000,0.0000;-0.0000,0.0000;-0.0000,0.0000;-0.0001,0.0000;-0.0001,0.0000;-0.0002,0.0000;-0.0003,0.0000;-0.0004,0.0000;-0.0005,-0.0000;-0.0006,-0.0000;-0.0008,-0.0000;-0.0009,-0.0000;-0.0011,-0.0000;-0.0012,-0.0000;-0.0014,-0.0000;-0.0016,-0.0000;-0.0019,-0.0000;-0.0021,-0.0000;-0.0024,-0.0000;-0.0027,-0.0000;-0.0029,-0.0000;-0.0032,-0.0000;-0.0035,-0.0000;-0.0038,-0.0000;-0.0040,-0.0000;-0.0043,-0.0000;-0.0046,-0.0000;-0.0049,-0.0000;-0.0052,-0.0000;-0.0055,-0.0000;-0.0059,-0.0000;-0.0062,-0.0000;-0.0066,-0.0000;-0.0069,-0.0000;-0.0073,-0.0000;-0.0077,-0.0000;-0.0082,-0.0000;-0.0086,-0.0000;-0.0091,-0.0000;-0.0096,-0.0000;-0.0101,-0.0000;-0.0106,-0.0000;-0.0111,-0.0000;-0.0117,-0.0000;-0.0122,-0.0000;-0.0128,-0.0000;-0.0134,-0.0000;-0.0141,-0.0000;-0.0147,-0.0000;-0.0153,-0.0000;-0.0160,-0.0000;-0.0167,-0.0000",0,-1,0.0,SKIPPED,,,,"0.0000,0.0000;0.0000,0.0000;0.0000,0.0000;0.0000,0.0000;0.0000,0.0000;0.0000,0.0000;0.0000,0.0000;0.0000,0.0000;0.0000,0.0000;0.0000,0.0000"
4f7b34b6-87e5-4cf9-a790-a691a15d9e95,5100000,3073,17,4.975,Accelerate to proceed through the intersection since the straight traffic light is green,0.4707,0.3847,"0.9193,-0.0003;1.8433,-0.0010;2.7726,-0.0021;3.7073,-0.0035;4.6474,-0.0052;5.5928,-0.0070;6.5438,-0.0090;7.5005,-0.0109;8.4629,-0.0127;9.4306,-0.0142;10.4032,-0.0154;11.3804,-0.0161;12.3626,-0.0161;13.3499,-0.0154;14.3426,-0.0138;15.3398,-0.0111;16.3402,-0.0072;17.3422,-0.0020;18.3446,0.0048;19.3470,0.0132;20.3494,0.0234;21.3516,0.0355;22.3532,0.0495;23.3541,0.0655;24.3541,0.0836;25.3538,0.1038;26.3542,0.1262;27.3563,0.1509;28.3607,0.1778;29.3672,0.2070;30.3754,0.2383;31.3849,0.2717;32.3955,0.3071;33.4076,0.3445;34.4212,0.3836;35.4362,0.4244;36.4523,0.4668;37.4688,0.5106;38.4855,0.5558;39.5021,0.6023;40.5186,0.6499;41.5350,0.6984;42.5512,0.7477;43.5671,0.7978;44.5826,0.8485;45.5978,0.8998;46.6129,0.9515;47.6279,1.0035;48.6427,1.0558;49.6573,1.1083;50.6713,1.1609;51.6849,1.2137;52.6982,1.2664;53.7115,1.3191;54.7246,1.3716;55.7376,1.4240;56.7501,1.4762;57.7625,1.5280;58.7750,1.5795;59.7881,1.6307;60.8020,1.6816;61.8168,1.7323;62.8326,1.7827;63.8494,1.8331",0,-1,0.0,SKIPPED,,,,"0.8617,0.0006;1.7826,0.0001;2.7070,-0.0016;3.6322,-0.0032;4.5587,-0.0053;5.4875,-0.0070;6.4196,-0.0092;7.3558,-0.0119;8.2955,-0.0140;9.2375,-0.0162;10.1801,-0.0181;11.1223,-0.0193;12.0656,-0.0185;13.0107,-0.0175;13.9587,-0.0148;14.9087,-0.0095;15.8604,-0.0029;16.8131,0.0066;17.7663,0.0179;18.7218,0.0318;19.6811,0.0482;20.6455,0.0673;21.6144,0.0878;22.5867,0.1121;23.5632,0.1383;24.5443,0.1643;25.5319,0.1914;26.5252,0.2196;27.5233,0.2497;28.5256,0.2813;29.5316,0.3146;30.5414,0.3493;31.5555,0.3851;32.5733,0.4229;33.5942,0.4617;34.6179,0.5010;35.6450,0.5412;36.6744,0.5825;37.7064,0.6248;38.7411,0.6681;39.7791,0.7121;40.8203,0.7566;41.8654,0.8026;42.9145,0.8493;43.9661,0.8967;45.0200,0.9456;46.0764,0.9944;47.1355,1.0442;48.1975,1.0949;49.2605,1.1472;50.3235,1.2004;51.3888,1.2553;52.4558,1.3112;53.5237,1.3687;54.5927,1.4254;55.6613,1.4846;56.7291,1.5447;57.7962,1.6050;58.8636,1.6660;59.9310,1.7276;60.9984,1.7908;62.0661,1.8559;63.1341,1.9211;64.2015,1.9880"
4f7b34b6-87e5-4cf9-a790-a691a15d9e95,6100000,3073,18,5.074,Nudge left due to construction barricades blocking the right side of our lane,0.6263,1.8485,"0.9432,0.0001;1.8866,0.0006;2.8314,0.0015;3.7791,0.0030;4.7303,0.0051;5.6856,0.0081;6.6447,0.0120;7.6073,0.0169;8.5729,0.0229;9.5416,0.0302;10.5136,0.0388;11.4891,0.0487;12.4681,0.0599;13.4503,0.0726;14.4358,0.0868;15.4249,0.1026;16.4186,0.1201;17.4176,0.1396;18.4226,0.1609;19.4334,0.1843;20.4492,0.2095;21.4696,0.2367;22.4944,0.2657;23.5238,0.2966;24.5582,0.3293;25.5977,0.3640;26.6419,0.4006;27.6908,0.4390;28.7438,0.4794;29.8009,0.5216;30.8619,0.5657;31.9271,0.6117;32.9965,0.6594;34.0705,0.7089;35.1486,0.7601;36.2306,0.8129;37.3157,0.8672;38.4035,0.9228;39.4938,0.9797;40.5867,1.0377;41.6824,1.0966;42.7809,1.1565;43.8820,1.2172;44.9850,1.2786;46.0892,1.3408;47.1942,1.4036;48.2999,1.4668;49.4070,1.5306;50.5160,1.5948;51.6272,1.6593;52.7403,1.7240;53.8549,1.7887;54.9704,1.8533;56.0869,1.9177;57.2048,1.9819;58.3249,2.0459;59.4478,2.1095;60.5738,2.1728;61.7026,2.2357;62.8339,2.2981;63.9675,2.3603;65.1041,2.4221;66.2457,2.4837;67.3947,2.5451",0,-1,0.0,SKIPPED,,,,"0.8843,0.0003;1.8265,0.0013;2.7698,0.0043;3.7149,0.0076;4.6629,0.0125;5.6129,0.0200;6.5645,0.0288;7.5172,0.0405;8.4704,0.0540;9.4259,0.0702;10.3851,0.0889;11.3494,0.1102;12.3183,0.1330;13.2906,0.1596;14.2670,0.1880;15.2481,0.2163;16.2356,0.2458;17.2288,0.2763;18.2268,0.3087;19.2291,0.3426;20.2350,0.3783;21.2447,0.4154;22.2587,0.4535;23.2764,0.4937;24.2972,0.5349;25.3208,0.5766;26.3478,0.6192;27.3771,0.6629;28.4090,0.7076;29.4436,0.7533;30.4815,0.7998;31.5226,0.8468;32.5676,0.8951;33.6166,0.9443;34.6680,0.9942;35.7218,1.0456;36.7781,1.0969;37.8372,1.1492;38.8990,1.2023;39.9619,1.2572;41.0248,1.3128;42.0899,1.3702;43.1567,1.4286;44.2245,1.4886;45.2934,1.5478;46.3619,1.6095;47.4295,1.6721;48.4965,1.7349;49.5637,1.7984;50.6310,1.8625;51.6983,1.9282;52.7657,1.9959;53.8336,2.0635;54.9008,2.1330;55.9670,2.2033;57.0331,2.2738;58.0994,2.3468;59.1660,2.4191;60.2329,2.4917;61.3009,2.5662;62.3674,2.6411;63.4346,2.7147;64.5036,2.7880;65.5736,2.8624"
4f7b34b6-87e5-4cf9-a790-a691a15d9e95,7100000,3073,10,4.168,Keep lane since the lane is clear,1.3947,2.3586,"0.9582,0.0013;1.9190,0.0052;2.8813,0.0118;3.8443,0.0212;4.8075,0.0333;5.7710,0.0480;6.7353,0.0653;7.7007,0.0849;8.6672,0.1068;9.6345,0.1305;10.6021,0.1560;11.5697,0.1830;12.5374,0.2111;13.5052,0.2402;14.4735,0.2701;15.4427,0.3006;16.4130,0.3316;17.3850,0.3630;18.3589,0.3946;19.3350,0.4266;20.3137,0.4589;21.2950,0.4914;22.2787,0.5244;23.2647,0.5577;24.2525,0.5916;25.2417,0.6260;26.2320,0.6610;27.2230,0.6967;28.2144,0.7330;29.2063,0.7701;30.1984,0.8079;31.1910,0.8465;32.1843,0.8860;33.1787,0.9264;34.1747,0.9677;35.1722,1.0101;36.1715,1.0534;37.1723,1.0977;38.1749,1.1428;39.1795,1.1887;40.1864,1.2354;41.1961,1.2828;42.2090,1.3307;43.2251,1.3793;44.2446,1.4284;45.2675,1.4779;46.2940,1.5277;47.3243,1.5779;48.3587,1.6284;49.3976,1.6792;50.4411,1.7303;51.4895,1.7817;52.5429,1.8334;53.6013,1.8855;54.6649,1.9381;55.7337,1.9911;56.8075,2.0446;57.8863,2.0987;58.9701,2.1533;60.0589,2.2086;61.1525,2.2644;62.2512,2.3209;63.3552,2.3779;64.4651,2.4356",0,-1,0.0,SKIPPED,,,,"0.9010,-0.0000;1.8656,0.0024;2.8347,0.0064;3.8073,0.0139;4.7841,0.0233;5.7655,0.0324;6.7534,0.0425;7.7471,0.0536;8.7455,0.0666;9.7482,0.0809;10.7547,0.0969;11.7649,0.1142;12.7795,0.1325;13.7978,0.1528;14.8192,0.1741;15.8434,0.1958;16.8711,0.2183;17.9010,0.2419;18.9336,0.2664;19.9689,0.2919;21.0075,0.3181;22.0493,0.3447;23.0950,0.3726;24.1448,0.4013;25.1970,0.4307;26.2516,0.4614;27.3087,0.4920;28.3685,0.5236;29.4313,0.5560;30.4950,0.5901;31.5587,0.6250;32.6248,0.6615;33.6926,0.6991;34.7613,0.7381;35.8311,0.7765;36.9006,0.8173;37.9693,0.8590;39.0373,0.9009;40.1056,0.9435;41.1739,0.9868;42.2422,1.0316;43.3108,1.0784;44.3798,1.1252;45.4482,1.1738;46.5155,1.2233;47.5828,1.2730;48.6504,1.3250;49.7182,1.3765;50.7862,1.4283;51.8555,1.4818;52.9233,1.5359;53.9917,1.5886;55.0619,1.6410;56.1332,1.6945;57.2054,1.7486;58.2788,1.8023;59.3508,1.8561;60.4207,1.9095;61.4893,1.9636;62.5571,2.0188;63.6239,2.0736;64.6902,2.1286;65.7544,2.1841;66.8155,2.2388"
4f7b34b6-87e5-4cf9-a790-a691a15d9e95,8100000,3073,16,4.867,Maintain speed due to a clear lane with no lead vehicle ahead,0.6284,2.5099,"1.0064,0.0007;2.0158,0.0027;3.0282,0.0063;4.0436,0.0116;5.0619,0.0186;6.0827,0.0276;7.1055,0.0387;8.1297,0.0519;9.1549,0.0674;10.1814,0.0853;11.2096,0.1055;12.2402,0.1281;13.2732,0.1531;14.3088,0.1805;15.3470,0.2102;16.3879,0.2419;17.4320,0.2757;18.4790,0.3113;19.5287,0.3484;20.5802,0.3868;21.6332,0.4264;22.6877,0.4669;23.7445,0.5080;24.8045,0.5497;25.8683,0.5920;26.9360,0.6347;28.0072,0.6778;29.0812,0.7211;30.1580,0.7646;31.2374,0.8081;32.3196,0.8516;33.4048,0.8948;34.4928,0.9377;35.5838,0.9801;36.6780,1.0219;37.7758,1.0632;38.8773,1.1039;39.9824,1.1440;41.0911,1.1835;42.2033,1.2222;43.3189,1.2601;44.4383,1.2972;45.5615,1.3333;46.6886,1.3686;47.8195,1.4029;48.9538,1.4362;50.0915,1.4684;51.2327,1.4996;52.3774,1.5298;53.5258,1.5591;54.6780,1.5875;55.8340,1.6152;56.9938,1.6423;58.1576,1.6690;59.3254,1.6952;60.4970,1.7212;61.6723,1.7467;62.8513,1.7719;64.0341,1.7968;65.2207,1.8213;66.4115,1.8455;67.6063,1.8694;68.8051,1.8931;70.0079,1.9168",0,-1,0.0,SKIPPED,,,,"0.9451,-0.0003;1.9554,0.0005;2.9701,0.0023;3.9886,0.0059;5.0103,0.0105;6.0347,0.0155;7.0626,0.0212;8.0927,0.0280;9.1256,0.0356;10.1612,0.0442;11.2001,0.0535;12.2422,0.0630;13.2882,0.0739;14.3383,0.0854;15.3909,0.0976;16.4458,0.1111;17.5032,0.1245;18.5635,0.1388;19.6266,0.1538;20.6907,0.1705;21.7549,0.1880;22.8215,0.2071;23.8897,0.2273;24.9589,0.2489;26.0292,0.2698;27.0992,0.2932;28.1684,0.3173;29.2370,0.3418;30.3058,0.3670;31.3747,0.3929;32.4436,0.4202;33.5129,0.4496;34.5825,0.4789;35.6515,0.5100;36.7195,0.5421;37.7874,0.5743;38.8557,0.6090;39.9242,0.6430;40.9930,0.6773;42.0630,0.7134;43.1315,0.7500;44.2007,0.7853;45.2716,0.8202;46.3436,0.8562;47.4165,0.8928;48.4906,0.9290;49.5634,0.9653;50.6340,1.0012;51.7033,1.0378;52.7719,1.0756;53.8395,1.1130;54.9065,1.1505;55.9715,1.1886;57.0333,1.2261;58.0925,1.2643;59.1498,1.3036;60.2048,1.3431;61.2584,1.3825;62.3100,1.4213;63.3583,1.4599;64.4031,1.4996;65.4440,1.5389;66.4816,1.5771;67.5162,1.6154"
4f7b34b6-87e5-4cf9-a790-a691a15d9e95,9100000,3073,16,4.85,Nudge to the left to clear the right side work zone barrier,1.1775,3.9682,"1.0387,0.0005;2.0809,0.0021;3.1265,0.0049;4.1753,0.0093;5.2271,0.0152;6.2816,0.0229;7.3387,0.0326;8.3986,0.0445;9.4616,0.0585;10.5278,0.0748;11.5971,0.0935;12.6691,0.1147;13.7437,0.1382;14.8206,0.1641;15.9001,0.1922;16.9822,0.2223;18.0670,0.2541;19.1542,0.2874;20.2436,0.3218;21.3350,0.3570;22.4286,0.3926;23.5245,0.4283;24.6231,0.4639;25.7244,0.4991;26.8282,0.5339;27.9345,0.5681;29.0434,0.6017;30.1551,0.6349;31.2699,0.6676;32.3877,0.7000;33.5085,0.7323;34.6316,0.7646;35.7570,0.7971;36.8842,0.8297;38.0133,0.8626;39.1445,0.8958;40.2779,0.9293;41.4136,0.9630;42.5516,0.9967;43.6917,1.0304;44.8336,1.0640;45.9772,1.0972;47.1222,1.1301;48.2686,1.1624;49.4167,1.1941;50.5663,1.2248;51.7175,1.2546;52.8703,1.2830;54.0244,1.3100;55.1796,1.3353;56.3358,1.3588;57.4930,1.3804;58.6513,1.4002;59.8107,1.4181;60.9712,1.4342;62.1330,1.4489;63.2958,1.4620;64.4596,1.4739;65.6242,1.4845;66.7892,1.4939;67.9544,1.5022;69.1199,1.5095;70.2854,1.5159;71.4508,1.5215",0,-1,0.0,SKIPPED,,,,"0.9746,-0.0007;2.0168,-0.0011;3.0629,-0.0003;4.1131,0.0011;5.1657,0.0032;6.2207,0.0066;7.2782,0.0097;8.3386,0.0138;9.4018,0.0186;10.4660,0.0251;11.5303,0.0324;12.5970,0.0412;13.6654,0.0511;14.7348,0.0624;15.8052,0.0731;16.8754,0.0861;17.9448,0.1000;19.0135,0.1142;20.0825,0.1291;21.1516,0.1447;22.2208,0.1617;23.2902,0.1808;24.3601,0.1998;25.4293,0.2207;26.4976,0.2425;27.5658,0.2645;28.6344,0.2888;29.7032,0.3126;30.7722,0.3366;31.8425,0.3624;32.9113,0.3888;33.9808,0.4138;35.0520,0.4384;36.1243,0.4641;37.1975,0.4903;38.2719,0.5162;39.3450,0.5422;40.4159,0.5678;41.4855,0.5941;42.5544,0.6217;43.6223,0.6488;44.6896,0.6760;45.7549,0.7039;46.8171,0.7311;47.8766,0.7592;48.9342,0.7883;49.9895,0.8177;51.0435,0.8469;52.0954,0.8756;53.1440,0.9041;54.1892,0.9338;55.2304,0.9631;56.2683,0.9913;57.3032,1.0197;58.3359,1.0486;59.3656,1.0779;60.3917,1.1075;61.4139,1.1354;62.4331,1.1634;63.4496,1.1921;64.4636,1.2204;65.4745,1.2489;66.4827,1.2771;67.4885,1.3059"
4f7b34b6-87e5-4cf9-a790-a691a15d9e95,10100000,3073,12,4.39,Keep lane since the path is clear ahead.,1.5387,5.0537,"1.0658,0.0005;2.1334,0.0022;3.2031,0.0053;4.2750,0.0100;5.3489,0.0165;6.4245,0.0249;7.5014,0.0354;8.5794,0.0480;9.6587,0.0627;10.7395,0.0796;11.8221,0.0985;12.9068,0.1192;13.9937,0.1416;15.0829,0.1654;16.1740,0.1904;17.2670,0.2163;18.3615,0.2429;19.4578,0.2697;20.5558,0.2967;21.6560,0.3237;22.7586,0.3502;23.8635,0.3764;24.9708,0.4019;26.0804,0.4267;27.1922,0.4507;28.3065,0.4740;29.4236,0.4964;30.5436,0.5181;31.6663,0.5390;32.7916,0.5591;33.9192,0.5784;35.0489,0.5968;36.1811,0.6144;37.3158,0.6311;38.4532,0.6471;39.5932,0.6623;40.7356,0.6769;41.8800,0.6909;43.0266,0.7042;44.1755,0.7170;45.3271,0.7291;46.4816,0.7407;47.6387,0.7520;48.7976,0.7628;49.9575,0.7733;51.1174,0.7834;52.2768,0.7930;53.4354,0.8021;54.5930,0.8107;55.7493,0.8190;56.9041,0.8268;58.0573,0.8342;59.2088,0.8411;60.3584,0.8475;61.5063,0.8535;62.6526,0.8592;63.7972,0.8645;64.9399,0.8695;66.0806,0.8741;67.2191,0.8785;68.3552,0.8826;69.4888,0.8865;70.6197,0.8901;71.7477,0.8933",0,-1,0.0,SKIPPED,,,,"0.9989,-0.0006;2.0657,0.0004;3.1340,0.0024;4.2035,0.0057;5.2740,0.0084;6.3443,0.0135;7.4137,0.0195;8.4825,0.0258;9.5516,0.0328;10.6208,0.0404;11.6900,0.0495;12.7596,0.0607;13.8295,0.0718;14.8990,0.0847;15.9673,0.0986;17.0357,0.1127;18.1044,0.1291;19.1733,0.1450;20.2425,0.1610;21.3130,0.1789;22.3820,0.1973;23.4516,0.2144;24.5229,0.2311;25.5954,0.2488;26.6688,0.2671;27.7433,0.2850;28.8166,0.3030;29.8877,0.3207;30.9575,0.3391;32.0265,0.3587;33.0946,0.3779;34.1621,0.3973;35.2276,0.4172;36.2899,0.4366;37.3496,0.4568;38.4073,0.4781;39.4629,0.4996;40.5170,0.5210;41.5692,0.5420;42.6179,0.5626;43.6633,0.5845;44.7047,0.6062;45.7428,0.6266;46.7779,0.6473;47.8108,0.6686;48.8407,0.6903;49.8670,0.7123;50.8893,0.7326;51.9087,0.7530;52.9254,0.7742;53.9395,0.7950;54.9506,0.8160;55.9590,0.8368;56.9650,0.8581;57.9684,0.8784;58.9688,0.8986;59.9650,0.9189;60.9555,0.9394;61.9383,0.9593;62.9116,0.9789;63.8745,0.9977;64.8267,1.0162;65.7674,1.0344;66.6965,1.0521"
4f7b34b6-87e5-4cf9-a790-a691a15d9e95,11100000,3073,17,4.952,Keep distance to the cut-in vehicle since it merges into our lane ahead,1.5465,6.2548,"1.0705,0.0008;2.1424,0.0034;3.2154,0.0081;4.2895,0.0149;5.3649,0.0239;6.4418,0.0349;7.5198,0.0478;8.5986,0.0623;9.6779,0.0780;10.7577,0.0946;11.8384,0.1118;12.9202,0.1293;14.0033,0.1469;15.0874,0.1644;16.1720,0.1815;17.2572,0.1982;18.3433,0.2143;19.4306,0.2297;20.5195,0.2445;21.6098,0.2586;22.7009,0.2718;23.7922,0.2841;24.8832,0.2955;25.9739,0.3059;27.0647,0.3154;28.1561,0.3240;29.2484,0.3318;30.3417,0.3387;31.4360,0.3450;32.5313,0.3507;33.6281,0.3558;34.7268,0.3604;35.8279,0.3644;36.9315,0.3680;38.0374,0.3711;39.1454,0.3737;40.2554,0.3759;41.3677,0.3777;42.4823,0.3791;43.5995,0.3801;44.7192,0.3807;45.8412,0.3809;46.9654,0.3808;48.0918,0.3803;49.2203,0.3796;50.3511,0.3786;51.4841,0.3772;52.6192,0.3755;53.7560,0.3735;54.8943,0.3711;56.0338,0.3682;57.1742,0.3648;58.3152,0.3609;59.4565,0.3564;60.5975,0.3512;61.7378,0.3453;62.8771,0.3387;64.0158,0.3312;65.1548,0.3230;66.2950,0.3141;67.4372,0.3044;68.5819,0.2942;69.7290,0.2834;70.8783,0.2722",0,-1,0.0,SKIPPED,,,,"1.0032,-0.0005;2.0728,0.0011;3.1428,0.0025;4.2123,0.0058;5.2808,0.0101;6.3492,0.0146;7.4180,0.0214;8.4871,0.0276;9.5564,0.0341;10.6269,0.0423;11.6961,0.0511;12.7658,0.0586;13.8372,0.0656;14.9098,0.0737;15.9833,0.0824;17.0580,0.0906;18.1314,0.0990;19.2026,0.1070;20.2725,0.1158;21.3417,0.1258;22.4099,0.1354;23.4775,0.1451;24.5431,0.1555;25.6055,0.1653;26.6654,0.1760;27.7233,0.1877;28.7790,0.1998;29.8333,0.2117;30.8856,0.2232;31.9344,0.2344;32.9800,0.2469;34.0215,0.2592;35.0598,0.2703;36.0950,0.2817;37.1281,0.2937;38.1581,0.3061;39.1846,0.3189;40.2070,0.3300;41.2266,0.3413;42.2434,0.3533;43.2577,0.3650;44.2689,0.3769;45.2775,0.3886;46.2836,0.4008;47.2871,0.4122;48.2877,0.4234;49.2840,0.4346;50.2747,0.4462;51.2576,0.4574;52.2311,0.4682;53.1941,0.4783;54.1464,0.4882;55.0873,0.4980;56.0165,0.5073;56.9338,0.5161;57.8388,0.5243;58.7318,0.5326;59.6124,0.5402;60.4810,0.5475;61.3363,0.5546;62.1787,0.5612;63.0088,0.5683;63.8260,0.5746;64.6311,0.5806"
4f7b34b6-87e5-4cf9-a790-a691a15d9e95,12100000,3073,17,4.975,Keep distance to the lead vehicle since it is directly ahead in our lane,0.6357,3.5123,"1.0719,0.0003;2.1446,0.0010;3.2180,0.0020;4.2922,0.0034;5.3668,0.0050;6.4415,0.0067;7.5162,0.0086;8.5909,0.0105;9.6654,0.0123;10.7393,0.0141;11.8119,0.0156;12.8822,0.0170;13.9493,0.0180;15.0130,0.0186;16.0737,0.0189;17.1321,0.0187;18.1889,0.0181;19.2439,0.0169;20.2969,0.0153;21.3471,0.0131;22.3939,0.0106;23.4371,0.0075;24.4768,0.0041;25.5135,0.0003;26.5477,-0.0039;27.5795,-0.0084;28.6088,-0.0132;29.6353,-0.0183;30.6590,-0.0237;31.6797,-0.0292;32.6978,-0.0349;33.7137,-0.0408;34.7274,-0.0467;35.7390,-0.0527;36.7479,-0.0588;37.7536,-0.0649;38.7559,-0.0711;39.7550,-0.0773;40.7511,-0.0835;41.7447,-0.0899;42.7359,-0.0965;43.7246,-0.1030;44.7106,-0.1097;45.6936,-0.1164;46.6735,-0.1232;47.6504,-0.1300;48.6245,-0.1368;49.5960,-0.1437;50.5651,-0.1505;51.5319,-0.1573;52.4960,-0.1641;53.4574,-0.1708;54.4160,-0.1775;55.3717,-0.1842;56.3247,-0.1908;57.2752,-0.1974;58.2229,-0.2040;59.1679,-0.2106;60.1099,-0.2172;61.0489,-0.2239;61.9850,-0.2306;62.9184,-0.2374;63.8491,-0.2443;64.7772,-0.2512",0,-1,0.0,SKIPPED,,,,"1.0029,0.0001;2.0726,-0.0011;3.1441,-0.0028;4.2167,-0.0034;5.2902,-0.0035;6.3649,-0.0040;7.4383,-0.0043;8.5096,-0.0050;9.5795,-0.0049;10.6488,-0.0036;11.7170,-0.0027;12.7846,-0.0017;13.8503,0.0001;14.9128,0.0012;15.9727,0.0033;17.0307,0.0065;18.0864,0.0099;19.1408,0.0132;20.1931,0.0162;21.2420,0.0189;22.2877,0.0229;23.3293,0.0267;24.3676,0.0294;25.4029,0.0324;26.4360,0.0360;27.4661,0.0400;28.4926,0.0444;29.5152,0.0472;30.5348,0.0502;31.5517,0.0540;32.5660,0.0574;33.5773,0.0611;34.5859,0.0646;35.5921,0.0687;36.5957,0.0718;37.5963,0.0749;38.5927,0.0781;39.5835,0.0816;40.5664,0.0848;41.5400,0.0877;42.5030,0.0900;43.4554,0.0922;44.3962,0.0943;45.3255,0.0961;46.2429,0.0974;47.1479,0.0982;48.0410,0.0992;48.9216,0.0997;49.7902,0.0999;50.6455,0.1000;51.4880,0.0998;52.3181,0.1002;53.1353,0.0998;53.9405,0.0993;54.7334,0.0986;55.5133,0.0978;56.2806,0.0971;57.0348,0.0954;57.7758,0.0939;58.5043,0.0927;59.2195,0.0914;59.9210,0.0897;60.6089,0.0882;61.2811,0.0862"
4f7b34b6-87e5-4cf9-a790-a691a15d9e95,13100000,3073,17,4.955,Keep distance to the lead vehicle since it is directly ahead in our lane,0.1938,0.3465,"1.0688,0.0001;2.1360,0.0006;3.2010,0.0012;4.2637,0.0020;5.3240,0.0029;6.3821,0.0038;7.4380,0.0046;8.4918,0.0054;9.5433,0.0059;10.5921,0.0062;11.6379,0.0060;12.6806,0.0054;13.7204,0.0043;14.7575,0.0026;15.7923,0.0005;16.8249,-0.0022;17.8554,-0.0054;18.8837,-0.0090;19.9098,-0.0129;20.9338,-0.0171;21.9555,-0.0217;22.9744,-0.0266;23.9892,-0.0318;24.9981,-0.0371;25.9993,-0.0427;26.9913,-0.0485;27.9732,-0.0543;28.9446,-0.0603;29.9051,-0.0663;30.8548,-0.0724;31.7936,-0.0786;32.7216,-0.0848;33.6387,-0.0912;34.5449,-0.0976;35.4402,-0.1042;36.3247,-0.1109;37.1986,-0.1177;38.0620,-0.1245;38.9146,-0.1315;39.7562,-0.1384;40.5865,-0.1454;41.4057,-0.1525;42.2138,-0.1595;43.0112,-0.1665;43.7980,-0.1735;44.5738,-0.1805;45.3382,-0.1875;46.0909,-0.1944;46.8317,-0.2012;47.5605,-0.2080;48.2771,-0.2148;48.9812,-0.2215;49.6722,-0.2282;50.3493,-0.2350;51.0120,-0.2417;51.6597,-0.2484;52.2921,-0.2551;52.9092,-0.2618;53.5107,-0.2684;54.0967,-0.2750;54.6669,-0.2815;55.2211,-0.2880;55.7590,-0.2944;56.2807,-0.3006",0,-1,0.0,SKIPPED,,,,"1.0024,-0.0005;2.0701,-0.0009;3.1358,-0.0007;4.1982,-0.0010;5.2581,-0.0004;6.3161,0.0013;7.3718,0.0034;8.4262,0.0052;9.4786,0.0067;10.5275,0.0080;11.5731,0.0106;12.6147,0.0129;13.6531,0.0142;14.6883,0.0158;15.7215,0.0179;16.7516,0.0205;17.7781,0.0235;18.8006,0.0249;19.8203,0.0265;20.8372,0.0289;21.8515,0.0310;22.8628,0.0333;23.8714,0.0354;24.8776,0.0380;25.8812,0.0398;26.8819,0.0415;27.8782,0.0433;28.8690,0.0455;29.8519,0.0473;30.8255,0.0488;31.7885,0.0499;32.7409,0.0507;33.6818,0.0516;34.6111,0.0520;35.5284,0.0521;36.4334,0.0517;37.3265,0.0515;38.2071,0.0508;39.0757,0.0498;39.9310,0.0487;40.7735,0.0473;41.6036,0.0466;42.4208,0.0450;43.2260,0.0434;44.0189,0.0417;44.7989,0.0398;45.5661,0.0380;46.3203,0.0353;47.0613,0.0327;47.7898,0.0306;48.5050,0.0283;49.2065,0.0256;49.8944,0.0232;50.5666,0.0203;51.2224,0.0174;51.8619,0.0144;52.4855,0.0114;53.0951,0.0081;53.6913,0.0050;54.2739,0.0016;54.8430,-0.0015;55.3991,-0.0050;55.9425,-0.0084;56.4716,-0.0114"
4f7b34b6-87e5-4cf9-a790-a691a15d9e95,14100000,3073,17,4.944,Keep distance to the lead vehicle since it is directly ahead in our lane,2.3947,5.4158,"1.0452,-0.0000;2.0850,-0.0001;3.1193,-0.0003;4.1478,-0.0006;5.1698,-0.0010;6.1843,-0.0017;7.1903,-0.0025;8.1867,-0.0036;9.1727,-0.0049;10.1481,-0.0064;11.1130,-0.0082;12.0673,-0.0103;13.0111,-0.0126;13.9441,-0.0152;14.8662,-0.0180;15.7771,-0.0210;16.6766,-0.0243;17.5649,-0.0277;18.4421,-0.0314;19.3081,-0.0352;20.1629,-0.0392;21.0059,-0.0433;21.8369,-0.0476;22.6556,-0.0520;23.4621,-0.0566;24.2567,-0.0614;25.0395,-0.0663;25.8102,-0.0715;26.5685,-0.0768;27.3142,-0.0822;28.0473,-0.0878;28.7680,-0.0936;29.4765,-0.0994;30.1729,-0.1053;30.8570,-0.1112;31.5287,-0.1171;32.1874,-0.1230;32.8329,-0.1288;33.4649,-0.1345;34.0832,-0.1402;34.6877,-0.1458;35.2779,-0.1512;35.8535,-0.1565;36.4141,-0.1617;36.9595,-0.1667;37.4897,-0.1715;38.0051,-0.1761;38.5062,-0.1805;38.9936,-0.1848;39.4677,-0.1889;39.9290,-0.1928;40.3778,-0.1966;40.8144,-0.2002;41.2390,-0.2036;41.6520,-0.2069;42.0537,-0.2100;42.4449,-0.2131;42.8264,-0.2160;43.1991,-0.2187;43.5639,-0.2214;43.9215,-0.2240;44.2728,-0.2266;44.6185,-0.2290;44.9599,-0.2314",0,-1,0.0,SKIPPED,,,,"0.9803,0.0001;2.0219,-0.0001;3.0602,-0.0013;4.0955,-0.0022;5.1286,-0.0026;6.1587,-0.0025;7.1853,-0.0020;8.2078,-0.0030;9.2274,-0.0039;10.2443,-0.0040;11.2587,-0.0044;12.2700,-0.0046;13.2786,-0.0049;14.2848,-0.0047;15.2884,-0.0053;16.2890,-0.0060;17.2854,-0.0067;18.2762,-0.0069;19.2591,-0.0075;20.2327,-0.0083;21.1957,-0.0096;22.1481,-0.0110;23.0890,-0.0125;24.0183,-0.0142;24.9356,-0.0164;25.8406,-0.0190;26.7337,-0.0214;27.6143,-0.0242;28.4829,-0.0273;29.3382,-0.0305;30.1807,-0.0339;31.0108,-0.0367;31.8280,-0.0402;32.6331,-0.0437;33.4260,-0.0474;34.2060,-0.0512;34.9732,-0.0548;35.7274,-0.0593;36.4684,-0.0637;37.1969,-0.0676;37.9121,-0.0717;38.6136,-0.0761;39.3015,-0.0801;39.9737,-0.0847;40.6295,-0.0891;41.2690,-0.0937;41.8926,-0.0982;42.5021,-0.1029;43.0983,-0.1075;43.6809,-0.1123;44.2500,-0.1168;44.8061,-0.1217;45.3494,-0.1263;45.8786,-0.1307;46.3929,-0.1357;46.8926,-0.1401;47.3773,-0.1448;47.8472,-0.1493;48.3015,-0.1537;48.7407,-0.1579;49.1664,-0.1622;49.5736,-0.1660;49.9809,-0.1698;50.3754,-0.1734"
4f7b34b6-87e5-4cf9-a790-a691a15d9e95,15100000,3073,23,5.655,Decelerate to maintain a safe distance to the lead vehicle since it is directly ahead in our lane,0.4393,1.5892,"1.0156,-0.0001;2.0296,-0.0003;3.0414,-0.0007;4.0504,-0.0014;5.0554,-0.0022;6.0549,-0.0033;7.0476,-0.0048;8.0324,-0.0065;9.0085,-0.0086;9.9756,-0.0110;10.9335,-0.0137;11.8818,-0.0168;12.8201,-0.0202;13.7480,-0.0238;14.6651,-0.0279;15.5711,-0.0322;16.4661,-0.0369;17.3498,-0.0419;18.2223,-0.0472;19.0836,-0.0527;19.9337,-0.0585;20.7724,-0.0646;21.5998,-0.0708;22.4156,-0.0773;23.2199,-0.0839;24.0125,-0.0908;24.7937,-0.0978;25.5632,-0.1050;26.3212,-0.1124;27.0675,-0.1200;27.8021,-0.1276;28.5249,-0.1354;29.2355,-0.1431;29.9338,-0.1509;30.6195,-0.1587;31.2924,-0.1665;31.9524,-0.1742;32.5992,-0.1817;33.2326,-0.1891;33.8526,-0.1964;34.4589,-0.2035;35.0517,-0.2103;35.6312,-0.2170;36.1977,-0.2235;36.7516,-0.2297;37.2935,-0.2357;37.8234,-0.2415;38.3417,-0.2471;38.8484,-0.2525;39.3438,-0.2577;39.8283,-0.2628;40.3025,-0.2676;40.7671,-0.2723;41.2229,-0.2768;41.6706,-0.2812;42.1103,-0.2855;42.5420,-0.2896;42.9654,-0.2936;43.3806,-0.2974;43.7876,-0.3012;44.1873,-0.3048;44.5805,-0.3083;44.9682,-0.3117;45.3512,-0.3150",0,-1,0.0,SKIPPED,,,,"0.9509,-0.0005;1.9622,-0.0009;2.9707,-0.0015;3.9770,-0.0014;4.9806,-0.0023;5.9812,-0.0032;6.9776,-0.0040;7.9684,-0.0045;8.9513,-0.0053;9.9249,-0.0063;10.8879,-0.0078;11.8403,-0.0095;12.7812,-0.0111;13.7105,-0.0131;14.6278,-0.0154;15.5328,-0.0182;16.4258,-0.0208;17.3065,-0.0238;18.1751,-0.0271;19.0304,-0.0304;19.8729,-0.0341;20.7030,-0.0370;21.5202,-0.0407;22.3253,-0.0444;23.1182,-0.0483;23.8982,-0.0522;24.6654,-0.0560;25.4196,-0.0607;26.1605,-0.0652;26.8891,-0.0693;27.6043,-0.0735;28.3058,-0.0780;28.9937,-0.0822;29.6658,-0.0869;30.3216,-0.0915;30.9611,-0.0962;31.5848,-0.1009;32.1943,-0.1057;32.7905,-0.1104;33.3730,-0.1154;33.9421,-0.1200;34.4983,-0.1250;35.0416,-0.1298;35.5708,-0.1342;36.0851,-0.1393;36.5848,-0.1439;37.0695,-0.1487;37.5394,-0.1533;37.9937,-0.1577;38.4329,-0.1621;38.8585,-0.1665;39.2658,-0.1703;39.6731,-0.1742;40.0675,-0.1779;40.4509,-0.1816;40.8343,-0.1853;41.1975,-0.1887;41.5567,-0.1921;41.9152,-0.1954;42.2583,-0.1987;42.6014,-0.2019"
4f7b34b6-87e5-4cf9-a790-a691a15d9e95,16100000,3073,20,5.319,Keep distance to the lead vehicle since it is directly ahead in our lane and moving slowly,0.8377,2.2753,"0.9648,-0.0002;1.9209,-0.0007;2.8675,-0.0016;3.8040,-0.0028;4.7298,-0.0044;5.6448,-0.0064;6.5486,-0.0089;7.4412,-0.0119;8.3225,-0.0152;9.1922,-0.0191;10.0501,-0.0234;10.8962,-0.0281;11.7304,-0.0332;12.5528,-0.0388;13.3634,-0.0448;14.1623,-0.0511;14.9496,-0.0577;15.7252,-0.0647;16.4894,-0.0719;17.2423,-0.0794;17.9840,-0.0871;18.7146,-0.0950;19.4343,-0.1032;20.1432,-0.1115;20.8413,-0.1200;21.5286,-0.1286;22.2052,-0.1373;22.8712,-0.1461;23.5265,-0.1550;24.1711,-0.1639;24.8051,-0.1728;25.4282,-0.1816;26.0403,-0.1904;26.6411,-0.1991;27.2302,-0.2077;27.8075,-0.2162;28.3727,-0.2245;28.9252,-0.2327;29.4649,-0.2406;29.9913,-0.2483;30.5041,-0.2558;31.0033,-0.2630;31.4889,-0.2701;31.9609,-0.2769;32.4195,-0.2834;32.8646,-0.2898;33.2962,-0.2959;33.7142,-0.3018;34.1186,-0.3076;34.5095,-0.3131;34.8868,-0.3184;35.2507,-0.3235;35.6010,-0.3285;35.9377,-0.3332;36.2609,-0.3378;36.5711,-0.3422;36.8692,-0.3463;37.1567,-0.3504;37.4353,-0.3543;37.7063,-0.3580;37.9706,-0.3617;38.2284,-0.3652;38.4799,-0.3687;38.7249,-0.3720",0,-1,0.0,SKIPPED,,,,"0.9031,-0.0005;1.8555,-0.0013;2.7964,-0.0020;3.7257,-0.0031;4.6430,-0.0045;5.5480,-0.0064;6.4411,-0.0081;7.3217,-0.0103;8.1903,-0.0127;9.0456,-0.0152;9.8881,-0.0180;10.7182,-0.0202;11.5354,-0.0230;12.3405,-0.0260;13.1334,-0.0291;13.9134,-0.0322;14.6806,-0.0353;15.4348,-0.0392;16.1758,-0.0431;16.9043,-0.0464;17.6195,-0.0499;18.3210,-0.0538;19.0089,-0.0573;19.6811,-0.0613;20.3369,-0.0653;20.9764,-0.0693;21.6000,-0.0734;22.2096,-0.0777;22.8058,-0.0818;23.3883,-0.0862;23.9574,-0.0902;24.5136,-0.0947;25.0569,-0.0989;25.5861,-0.1028;26.1004,-0.1074;26.6001,-0.1115;27.0848,-0.1159;27.5547,-0.1200;28.0090,-0.1240;28.4482,-0.1279;28.8739,-0.1319;29.2811,-0.1353;29.6884,-0.1388;30.0829,-0.1422;30.4663,-0.1455;30.8497,-0.1488;31.2128,-0.1519;31.5720,-0.1549;31.9306,-0.1579;32.2737,-0.1608;32.6168,-0.1637"
4f7b34b6-87e5-4cf9-a790-a691a15d9e95,17100000,3073,23,5.63,Adapt speed to maintain a safe distance from the lead vehicle since it is slowing ahead in our lane,0.2867,0.5214,"0.8418,-0.0002;1.6685,-0.0007;2.4800,-0.0014;3.2764,-0.0025;4.0577,-0.0038;4.8237,-0.0053;5.5743,-0.0070;6.3094,-0.0090;7.0293,-0.0111;7.7339,-0.0134;8.4237,-0.0159;9.0989,-0.0185;9.7598,-0.0212;10.4066,-0.0241;11.0396,-0.0271;11.6588,-0.0301;12.2641,-0.0332;12.8553,-0.0363;13.4324,-0.0394;13.9951,-0.0425;14.5435,-0.0456;15.0774,-0.0487;15.5971,-0.0518;16.1030,-0.0549;16.5957,-0.0580;17.0759,-0.0611;17.5445,-0.0641;18.0018,-0.0672;18.4482,-0.0702;18.8838,-0.0733;19.3085,-0.0762;19.7223,-0.0792;20.1253,-0.0821;20.5176,-0.0850;20.8996,-0.0878;21.2718,-0.0906;21.6346,-0.0933;21.9885,-0.0960;22.3337,-0.0987;22.6700,-0.1014;22.9975,-0.1040;23.3157,-0.1065;23.6244,-0.1090;23.9235,-0.1114;24.2126,-0.1138;24.4918,-0.1161;24.7609,-0.1184;25.0197,-0.1205;25.2681,-0.1226;25.5059,-0.1246;25.7331,-0.1266;25.9496,-0.1284;26.1555,-0.1302;26.3508,-0.1318;26.5358,-0.1334;26.7104,-0.1349;26.8750,-0.1363;27.0298,-0.1376;27.1750,-0.1389;27.3113,-0.1400;27.4387,-0.1411;27.5578,-0.1422;27.6689,-0.1431;27.7721,-0.1440",0,-1,0.0,SKIPPED,,,,"0.7896,-0.0005;1.6197,-0.0005;2.4369,-0.0012;3.2421,-0.0020;4.0350,-0.0030;4.8150,-0.0041;5.5822,-0.0051;6.3364,-0.0071;7.0774,-0.0089;7.8059,-0.0103;8.5211,-0.0120;9.2227,-0.0140;9.9106,-0.0157;10.5827,-0.0179;11.2385,-0.0202;11.8780,-0.0225;12.5017,-0.0250;13.1112,-0.0276;13.7074,-0.0302;14.2900,-0.0330;14.8591,-0.0355;15.4153,-0.0385;15.9586,-0.0413;16.4878,-0.0438;17.0021,-0.0471;17.5018,-0.0499;17.9866,-0.0529;18.4565,-0.0558;18.9108,-0.0586;19.3500,-0.0614;19.7757,-0.0642;20.1829,-0.0666;20.5902,-0.0690;20.9847,-0.0713;21.3681,-0.0736;21.7515,-0.0759;22.1146,-0.0780;22.4738,-0.0800;22.8324,-0.0821;23.1755,-0.0841;23.5186,-0.0861"
4f7b34b6-87e5-4cf9-a790-a691a15d9e95,18100000,3073,17,4.939,Keep distance to the lead vehicle since it is directly ahead in our lane,0.7161,2.1239,"0.7171,-0.0001;1.4232,-0.0005;2.1189,-0.0011;2.8041,-0.0019;3.4784,-0.0029;4.1405,-0.0041;4.7893,-0.0054;5.4238,-0.0070;6.0439,-0.0086;6.6501,-0.0104;7.2440,-0.0122;7.8273,-0.0142;8.4023,-0.0163;8.9709,-0.0184;9.5344,-0.0206;10.0935,-0.0228;10.6483,-0.0252;11.1987,-0.0276;11.7444,-0.0301;12.2848,-0.0326;12.8195,-0.0351;13.3479,-0.0376;13.8697,-0.0402;14.3847,-0.0429;14.8928,-0.0455;15.3940,-0.0482;15.8881,-0.0508;16.3750,-0.0535;16.8547,-0.0562;17.3269,-0.0589;17.7917,-0.0617;18.2493,-0.0644;18.7000,-0.0671;19.1447,-0.0698;19.5843,-0.0725;20.0196,-0.0753;20.4513,-0.0780;20.8797,-0.0808;21.3051,-0.0837;21.7277,-0.0865;22.1475,-0.0894;22.5647,-0.0924;22.9796,-0.0953;23.3928,-0.0983;23.8049,-0.1014;24.2167,-0.1045;24.6292,-0.1076;25.0432,-0.1107;25.4597,-0.1140;25.8793,-0.1172;26.3027,-0.1205;26.7300,-0.1239;27.1613,-0.1274;27.5964,-0.1309;28.0350,-0.1345;28.4773,-0.1382;28.9232,-0.1420;29.3730,-0.1458;29.8270,-0.1498;30.2853,-0.1538;30.7481,-0.1579;31.2154,-0.1622;31.6873,-0.1666;32.1639,-0.1711",0,-1,0.0,SKIPPED,,,,"0.6703,-0.0002;1.3718,-0.0007;2.0597,-0.0009;2.7319,-0.0018;3.3877,-0.0026;4.0272,-0.0037;4.6508,-0.0048;5.2604,-0.0062;5.8566,-0.0075;6.4392,-0.0091;7.0083,-0.0104;7.5645,-0.0122;8.1078,-0.0139;8.6370,-0.0153;9.1513,-0.0175;9.6510,-0.0192;10.1358,-0.0212;10.6057,-0.0231;11.0600,-0.0250;11.4992,-0.0268;11.9249,-0.0288;12.3322,-0.0303;12.7394,-0.0318;13.1339,-0.0333;13.5173,-0.0349;13.9008,-0.0364;14.2639,-0.0377;14.6231,-0.0390;14.9817,-0.0403;15.3248,-0.0416;15.6679,-0.0428"
4f7b34b6-87e5-4cf9-a790-a691a15d9e95,19100000,3073,14,4.616,Keep distance to the lead vehicle since it is slowing ahead,0.0483,0.1511,"0.5695,-0.0001;1.1246,-0.0003;1.6654,-0.0006;2.1922,-0.0011;2.7055,-0.0017;3.2056,-0.0023;3.6926,-0.0031;4.1663,-0.0039;4.6267,-0.0048;5.0733,-0.0057;5.5059,-0.0066;5.9243,-0.0076;6.3285,-0.0086;6.7185,-0.0097;7.0942,-0.0107;7.4555,-0.0117;7.8022,-0.0127;8.1341,-0.0137;8.4513,-0.0146;8.7536,-0.0155;9.0417,-0.0164;9.3161,-0.0172;9.5777,-0.0180;9.8279,-0.0187;10.0676,-0.0194;10.2980,-0.0201;10.5199,-0.0207;10.7336,-0.0214;10.9397,-0.0219;11.1383,-0.0225;11.3301,-0.0230;11.5154,-0.0235;11.6951,-0.0240;11.8696,-0.0244;12.0391,-0.0249;12.2038,-0.0253;12.3634,-0.0256;12.5178,-0.0260;12.6666,-0.0263;12.8097,-0.0266;12.9467,-0.0269;13.0777,-0.0271;13.2024,-0.0274;13.3208,-0.0276;13.4329,-0.0278;13.5387,-0.0280;13.6383,-0.0281;13.7320,-0.0283;13.8198,-0.0284;13.9023,-0.0285;13.9796,-0.0286;14.0521,-0.0287;14.1199,-0.0288;14.1834,-0.0289;14.2425,-0.0290;14.2976,-0.0290;14.3489,-0.0291;14.3965,-0.0291;14.4407,-0.0292;14.4816,-0.0292;14.5193,-0.0293;14.5539,-0.0293;14.5852,-0.0293;14.6132,-0.0293",0,-1,0.0,SKIPPED,,,,"0.5331,0.0001;1.0893,-0.0004;1.6326,-0.0007;2.1618,-0.0008;2.6761,-0.0017;3.1758,-0.0022;3.6606,-0.0030;4.1305,-0.0037;4.5848,-0.0044;5.0240,-0.0052;5.4497,-0.0061;5.8570,-0.0066;6.2643,-0.0071;6.6587,-0.0076;7.0422,-0.0082;7.4256,-0.0087;7.7887,-0.0092;8.1479,-0.0096;8.5065,-0.0100;8.8496,-0.0104;9.1927,-0.0108"
5fa56c61-e8ed-4c0b-95dd-3e15c40d9f78,5100000,0,0,0.0,SKIPPED,,,,4580,14,22.925,Decelerate to a stop due to the lead vehicle blocking the lane,1.3459,2.0897,"0.2371,0.0000;0.4621,0.0001;0.6753,0.0001;0.8770,0.0002;1.0674,0.0002;1.2467,0.0003;1.4151,0.0004;1.5722,0.0004;1.7177,0.0005;1.8512,0.0005;1.9724,0.0006;2.0812,0.0006;2.1783,0.0006;2.2648,0.0006;2.3428,0.0007;2.4140,0.0007;2.4799,0.0007;2.5411,0.0007;2.5978,0.0007;2.6500,0.0007;2.6976,0.0007;2.7405,0.0007;2.7789,0.0007;2.8125,0.0007;2.8413,0.0007;2.8649,0.0007;2.8831,0.0007;2.8961,0.0007;2.9046,0.0007;2.9101,0.0007;2.9143,0.0007;2.9178,0.0007;2.9205,0.0007;2.9221,0.0007;2.9227,0.0007;2.9228,0.0007;2.9227,0.0007;2.9224,0.0007;2.9219,0.0007;2.9206,0.0007;2.9187,0.0007;2.9165,0.0007;2.9143,0.0007;2.9121,0.0007;2.9101,0.0007;2.9083,0.0007;2.9066,0.0007;2.9049,0.0007;2.9032,0.0007;2.9015,0.0007;2.8998,0.0007;2.8981,0.0007;2.8964,0.0007;2.8947,0.0007;2.8932,0.0007;2.8916,0.0007;2.8902,0.0007;2.8887,0.0007;2.8873,0.0007;2.8858,0.0007;2.8843,0.0007;2.8829,0.0007;2.8814,0.0007;2.8799,0.0007","0.2365,-0.0004;0.4661,-0.0006;0.6877,-0.0008;0.9024,-0.0010;1.1105,-0.0012;1.3127,-0.0017;1.5096,-0.0019;1.7009,-0.0019;1.8871,-0.0024;2.0683,-0.0026;2.2441,-0.0026;2.4144,-0.0028;2.5792,-0.0029;2.7387,-0.0030;2.8922,-0.0031;3.0397,-0.0032;3.1808,-0.0032;3.3154,-0.0033;3.4429,-0.0035;3.5626,-0.0036;3.6748,-0.0037;3.7793,-0.0038;3.8761,-0.0039;3.9658,-0.0040;4.0492,-0.0041;4.1275,-0.0042;4.2019,-0.0043;4.2731,-0.0044;4.3415,-0.0045;4.4065,-0.0046;4.4683,-0.0047;4.5264,-0.0049;4.5806,-0.0050;4.6312,-0.0051;4.6779,-0.0051;4.7211,-0.0052;4.7607,-0.0053;4.7968,-0.0054;4.8294,-0.0054;4.8584,-0.0055;4.8841,-0.0055;4.9066,-0.0056;4.9259,-0.0056;4.9423,-0.0056;4.9558,-0.0056;4.9656,-0.0056;4.9696,-0.0056;4.9696,-0.0056;4.9682,-0.0056;4.9685,-0.0056;4.9695,-0.0056;4.9696,-0.0057;4.9696,-0.0057;4.9696,-0.0057;4.9696,-0.0057;4.9696,-0.0057;4.9696,-0.0057;4.9696,-0.0057;4.9696,-0.0057;4.9696,-0.0057;4.9696,-0.0057;4.9696,-0.0057;4.9696,-0.0057;4.9696,-0.0057"
5fa56c61-e8ed-4c0b-95dd-3e15c40d9f78,6100000,0,0,0.0,SKIPPED,,,,4580,11,17.722,Slow down due to a stopped garbage truck blocking the lane,0.6706,0.7151,"0.1746,-0.0000;0.3403,-0.0001;0.4965,-0.0002;0.6427,-0.0003;0.7784,-0.0004;0.9035,-0.0005;1.0181,-0.0006;1.1220,-0.0008;1.2154,-0.0009;1.2987,-0.0010;1.3725,-0.0012;1.4376,-0.0013;1.4950,-0.0014;1.5457,-0.0014;1.5901,-0.0015;1.6285,-0.0016;1.6610,-0.0016;1.6875,-0.0017;1.7087,-0.0017;1.7257,-0.0017;1.7404,-0.0018;1.7541,-0.0018;1.7673,-0.0018;1.7798,-0.0018;1.7913,-0.0019;1.8020,-0.0019;1.8122,-0.0019;1.8221,-0.0019;1.8317,-0.0019;1.8412,-0.0019;1.8507,-0.0019;1.8602,-0.0020;1.8696,-0.0020;1.8792,-0.0020;1.8888,-0.0020;1.8986,-0.0020;1.9083,-0.0020;1.9182,-0.0021;1.9280,-0.0021;1.9379,-0.0021;1.9479,-0.0021;1.9579,-0.0021;1.9679,-0.0021;1.9780,-0.0021;1.9882,-0.0022;1.9984,-0.0022;2.0086,-0.0022;2.0188,-0.0022;2.0291,-0.0022;2.0393,-0.0022;2.0496,-0.0023;2.0599,-0.0023;2.0703,-0.0023;2.0807,-0.0023;2.0910,-0.0023;2.1014,-0.0023;2.1118,-0.0023;2.1222,-0.0024;2.1326,-0.0024;2.1430,-0.0024;2.1534,-0.0024;2.1638,-0.0024;2.1743,-0.0024;2.1847,-0.0025","0.1743,-0.0001;0.3446,-0.0003;0.5094,-0.0005;0.6689,-0.0007;0.8224,-0.0008;0.9700,-0.0009;1.1110,-0.0011;1.2456,-0.0012;1.3731,-0.0014;1.4929,-0.0015;1.6050,-0.0017;1.7095,-0.0018;1.8063,-0.0020;1.8961,-0.0021;1.9794,-0.0022;2.0577,-0.0024;2.1321,-0.0025;2.2034,-0.0026;2.2717,-0.0028;2.3367,-0.0029;2.3985,-0.0031;2.4566,-0.0032;2.5109,-0.0033;2.5614,-0.0034;2.6081,-0.0035;2.6514,-0.0036;2.6909,-0.0037;2.7270,-0.0038;2.7596,-0.0039;2.7886,-0.0039;2.8143,-0.0040;2.8368,-0.0040;2.8561,-0.0041;2.8725,-0.0041;2.8860,-0.0041;2.8958,-0.0042;2.8999,-0.0042;2.8998,-0.0042;2.8984,-0.0041;2.8987,-0.0041;2.8997,-0.0042;2.8998,-0.0042;2.8998,-0.0042;2.8998,-0.0042;2.8998,-0.0042;2.8998,-0.0042;2.8998,-0.0042;2.8998,-0.0042;2.8998,-0.0042;2.8998,-0.0042;2.8998,-0.0042;2.8998,-0.0042;2.8998,-0.0042;2.8998,-0.0042;2.8998,-0.0042;2.8998,-0.0042;2.8998,-0.0042;2.8998,-0.0042;2.8998,-0.0042;2.8998,-0.0042;2.8998,-0.0042;2.8998,-0.0042;2.8998,-0.0042;2.8998,-0.0042"
5fa56c61-e8ed-4c0b-95dd-3e15c40d9f78,7100000,0,0,0.0,SKIPPED,,,,4580,13,19.131,Slow to a stop due to the lead vehicle blocking the lane.,0.1286,0.1203,"0.1123,-0.0000;0.2174,-0.0000;0.3154,-0.0000;0.4063,-0.0001;0.4903,-0.0001;0.5679,-0.0001;0.6393,-0.0002;0.7049,-0.0002;0.7651,-0.0002;0.8202,-0.0003;0.8709,-0.0003;0.9176,-0.0003;0.9606,-0.0004;1.0004,-0.0004;1.0369,-0.0004;1.0705,-0.0004;1.1012,-0.0004;1.1290,-0.0005;1.1541,-0.0005;1.1764,-0.0005;1.1962,-0.0005;1.2131,-0.0005;1.2270,-0.0005;1.2374,-0.0005;1.2441,-0.0005;1.2475,-0.0005;1.2482,-0.0005;1.2476,-0.0005;1.2467,-0.0005;1.2457,-0.0005;1.2446,-0.0005;1.2435,-0.0005;1.2424,-0.0005;1.2412,-0.0005;1.2402,-0.0005;1.2392,-0.0005;1.2382,-0.0005;1.2372,-0.0005;1.2362,-0.0005;1.2350,-0.0005;1.2338,-0.0005;1.2325,-0.0005;1.2310,-0.0005;1.2295,-0.0005;1.2279,-0.0005;1.2263,-0.0005;1.2247,-0.0005;1.2233,-0.0005;1.2220,-0.0005;1.2208,-0.0005;1.2197,-0.0005;1.2187,-0.0005;1.2177,-0.0005;1.2169,-0.0005;1.2163,-0.0005;1.2161,-0.0005;1.2163,-0.0005;1.2176,-0.0005;1.2205,-0.0005;1.2262,-0.0005;1.2353,-0.0005;1.2483,-0.0005;1.2651,-0.0005;1.2856,-0.0005","0.1111,0.0000;0.2156,-0.0000;0.3124,-0.0000;0.4021,-0.0000;0.4855,-0.0000;0.5637,-0.0001;0.6381,-0.0001;0.7094,-0.0002;0.7777,-0.0002;0.8428,-0.0003;0.9045,-0.0003;0.9627,-0.0004;1.0169,-0.0004;1.0674,-0.0005;1.1142,-0.0005;1.1574,-0.0006;1.1970,-0.0006;1.2330,-0.0006;1.2656,-0.0007;1.2947,-0.0007;1.3204,-0.0007;1.3428,-0.0007;1.3622,-0.0007;1.3786,-0.0008;1.3921,-0.0008;1.4019,-0.0008;1.4059,-0.0008;1.4059,-0.0008;1.4045,-0.0007;1.4048,-0.0007;1.4058,-0.0008;1.4059,-0.0008;1.4059,-0.0008;1.4059,-0.0008;1.4059,-0.0008;1.4059,-0.0008;1.4059,-0.0008;1.4059,-0.0008;1.4059,-0.0008;1.4059,-0.0008;1.4059,-0.0008;1.4059,-0.0008;1.4059,-0.0008;1.4059,-0.0008;1.4059,-0.0008;1.4059,-0.0008;1.4059,-0.0008;1.4059,-0.0008;1.4059,-0.0008;1.4059,-0.0008;1.4059,-0.0008;1.4059,-0.0008;1.4059,-0.0008;1.4059,-0.0008;1.4059,-0.0008;1.4059,-0.0008;1.4059,-0.0008;1.4059,-0.0008;1.4059,-0.0008;1.4059,-0.0008;1.4059,-0.0008;1.4059,-0.0008;1.4059,-0.0008;1.4059,-0.0008"
5fa56c61-e8ed-4c0b-95dd-3e15c40d9f78,8100000,0,0,0.0,SKIPPED,,,,4580,10,17.413,Yield due to a worker blocking the lane ahead,0.0871,0.252,"0.0624,-0.0000;0.1223,-0.0000;0.1795,-0.0000;0.2334,-0.0000;0.2832,-0.0000;0.3275,-0.0001;0.3654,-0.0001;0.3963,-0.0001;0.4210,-0.0001;0.4408,-0.0001;0.4574,-0.0001;0.4720,-0.0001;0.4848,-0.0001;0.4956,-0.0001;0.5042,-0.0001;0.5112,-0.0001;0.5173,-0.0001;0.5232,-0.0001;0.5293,-0.0001;0.5354,-0.0001;0.5416,-0.0002;0.5478,-0.0002;0.5540,-0.0002;0.5602,-0.0002;0.5665,-0.0002;0.5730,-0.0002;0.5795,-0.0002;0.5861,-0.0002;0.5927,-0.0002;0.5993,-0.0002;0.6058,-0.0002;0.6123,-0.0002;0.6186,-0.0002;0.6250,-0.0002;0.6312,-0.0002;0.6374,-0.0002;0.6435,-0.0002;0.6496,-0.0002;0.6557,-0.0002;0.6618,-0.0002;0.6680,-0.0002;0.6741,-0.0002;0.6802,-0.0002;0.6864,-0.0002;0.6925,-0.0002;0.6987,-0.0002;0.7049,-0.0002;0.7111,-0.0002;0.7173,-0.0002;0.7235,-0.0002;0.7297,-0.0003;0.7359,-0.0003;0.7422,-0.0003;0.7485,-0.0003;0.7549,-0.0003;0.7614,-0.0003;0.7679,-0.0003;0.7745,-0.0003;0.7811,-0.0003;0.7878,-0.0003;0.7945,-0.0003;0.8012,-0.0003;0.8078,-0.0003;0.8145,-0.0003","0.0612,-0.0000;0.1193,-0.0000;0.1736,-0.0000;0.2241,-0.0000;0.2708,-0.0000;0.3140,-0.0000;0.3536,-0.0000;0.3897,-0.0000;0.4223,-0.0000;0.4513,-0.0000;0.4770,-0.0000;0.4995,-0.0000;0.5188,-0.0000;0.5352,0.0000;0.5487,0.0000;0.5585,0.0000;0.5625,0.0000;0.5625,0.0000;0.5611,0.0000;0.5614,0.0000;0.5624,0.0000;0.5625,-0.0000;0.5625,-0.0000;0.5625,-0.0000;0.5625,-0.0000;0.5625,-0.0000;0.5625,-0.0000;0.5625,-0.0000;0.5625,-0.0000;0.5625,-0.0000;0.5625,-0.0000;0.5625,-0.0000;0.5625,-0.0000;0.5625,-0.0000;0.5625,-0.0000;0.5625,-0.0000;0.5625,-0.0000;0.5625,-0.0000;0.5625,-0.0000;0.5625,-0.0000;0.5625,-0.0000;0.5625,-0.0000;0.5625,-0.0000;0.5625,-0.0000;0.5625,-0.0000;0.5625,-0.0000;0.5625,-0.0000;0.5625,-0.0000;0.5625,-0.0000;0.5625,-0.0000;0.5625,-0.0000;0.5625,-0.0000;0.5625,-0.0000;0.5625,-0.0000;0.5625,-0.0000;0.5625,-0.0000;0.5625,-0.0000;0.5625,-0.0000;0.5625,-0.0000;0.5625,-0.0000;0.5625,-0.0000;0.5625,-0.0000;0.5625,-0.0000;0.5625,-0.0000"
5fa56c61-e8ed-4c0b-95dd-3e15c40d9f78,9100000,0,0,0.0,SKIPPED,,,,4580,13,18.909,Yield due to a worker standing behind the truck blocking the lane,0.031,0.1177,"0.0261,-0.0000;0.0496,-0.0000;0.0705,-0.0000;0.0885,-0.0000;0.1032,-0.0000;0.1145,-0.0000;0.1223,-0.0000;0.1269,-0.0000;0.1290,-0.0000;0.1295,-0.0000;0.1291,-0.0000;0.1284,-0.0000;0.1275,-0.0000;0.1266,-0.0000;0.1258,-0.0000;0.1250,-0.0000;0.1243,-0.0000;0.1236,-0.0000;0.1229,-0.0000;0.1224,-0.0000;0.1219,-0.0000;0.1217,-0.0000;0.1218,-0.0000;0.1221,-0.0000;0.1227,-0.0000;0.1233,-0.0000;0.1240,-0.0000;0.1245,-0.0000;0.1249,-0.0000;0.1249,-0.0000;0.1247,-0.0000;0.1243,-0.0000;0.1237,-0.0000;0.1230,-0.0000;0.1223,-0.0000;0.1216,-0.0000;0.1206,-0.0000;0.1193,-0.0000;0.1171,-0.0000;0.1136,-0.0000;0.1086,-0.0000;0.1029,-0.0000;0.0968,-0.0000;0.0908,-0.0000;0.0851,-0.0000;0.0795,-0.0000;0.0742,-0.0000;0.0689,-0.0000;0.0636,-0.0000;0.0584,0.0000;0.0531,0.0000;0.0479,0.0000;0.0428,0.0000;0.0377,0.0000;0.0328,0.0000;0.0280,0.0000;0.0234,0.0000;0.0189,0.0000;0.0145,0.0000;0.0102,0.0000;0.0060,0.0000;0.0018,0.0000;-0.0025,0.0000;-0.0068,0.0000","0.0254,0.0000;0.0479,0.0000;0.0672,0.0000;0.0836,0.0000;0.0971,0.0000;0.1069,0.0000;0.1109,0.0000;0.1109,0.0000;0.1095,0.0001;0.1098,0.0001;0.1108,0.0000;0.1109,0.0000;0.1109,0.0000;0.1109,0.0000;0.1109,0.0000;0.1109,0.0000;0.1109,0.0000;0.1109,0.0000;0.1109,0.0000;0.1109,0.0000;0.1109,0.0000;0.1109,0.0000;0.1109,0.0000;0.1109,0.0000;0.1109,0.0000;0.1109,0.0000;0.1109,0.0000;0.1109,0.0000;0.1109,0.0000;0.1109,0.0000;0.1109,0.0000;0.1109,0.0000;0.1109,0.0000;0.1109,0.0000;0.1109,0.0000;0.1109,0.0000;0.1109,0.0000;0.1109,0.0000;0.1109,0.0000;0.1109,0.0000;0.1109,0.0000;0.1109,0.0000;0.1109,0.0000;0.1109,0.0000;0.1109,0.0000;0.1109,0.0000;0.1109,0.0000;0.1109,0.0000;0.1109,0.0000;0.1109,0.0000;0.1109,0.0000;0.1109,0.0000;0.1109,0.0000;0.1109,0.0000;0.1109,0.0000;0.1109,0.0000;0.1109,0.0000;0.1109,0.0000;0.1109,0.0000;0.1109,0.0000;0.1109,0.0000;0.1109,0.0000;0.1109,0.0000;0.1109,0.0000"
5fa56c61-e8ed-4c0b-95dd-3e15c40d9f78,10100000,0,0,0.0,SKIPPED,,,,4580,11,17.852,Yield due to the worker standing in the lane ahead,0.0025,0.0128,"0.0012,-0.0000;0.0016,-0.0000;0.0015,-0.0000;0.0013,-0.0000;0.0009,0.0000;0.0007,0.0000;0.0005,0.0000;0.0003,0.0000;0.0003,0.0000;0.0002,0.0000;0.0002,0.0000;0.0002,0.0000;0.0001,0.0000;0.0001,0.0000;0.0001,0.0000;0.0002,0.0000;0.0002,0.0000;0.0002,0.0000;0.0003,0.0000;0.0003,0.0000;0.0003,0.0000;0.0003,0.0000;0.0003,0.0000;0.0003,0.0000;0.0004,0.0000;0.0004,0.0000;0.0004,0.0000;0.0005,0.0000;0.0005,0.0000;0.0006,0.0000;0.0006,0.0000;0.0007,0.0000;0.0008,0.0000;0.0008,0.0000;0.0009,0.0000;0.0010,0.0000;0.0011,0.0000;0.0013,0.0000;0.0014,0.0000;0.0016,-0.0000;0.0018,-0.0000;0.0021,-0.0000;0.0023,-0.0000;0.0026,-0.0000;0.0029,-0.0000;0.0032,-0.0000;0.0036,-0.0000;0.0040,-0.0000;0.0044,-0.0000;0.0048,-0.0000;0.0053,-0.0000;0.0058,-0.0000;0.0064,-0.0000;0.0070,-0.0000;0.0075,-0.0000;0.0082,-0.0000;0.0088,-0.0000;0.0095,-0.0000;0.0102,-0.0000;0.0109,-0.0000;0.0116,-0.0000;0.0123,-0.0000;0.0131,-0.0000;0.0139,-0.0000","0.0010,-0.0000;0.0011,-0.0000;0.0011,-0.0000;0.0011,-0.0000;0.0011,-0.0000;0.0011,-0.0000;0.0011,-0.0000;0.0011,-0.0000;0.0011,-0.0000;0.0011,-0.0000;0.0011,-0.0000;0.0011,-0.0000;0.0011,-0.0000;0.0011,-0.0000;0.0011,-0.0000;0.0011,-0.0000;0.0011,-0.0000;0.0011,-0.0000;0.0011,-0.0000;0.0011,-0.0000;0.0011,-0.0000;0.0011,-0.0000;0.0011,-0.0000;0.0011,-0.0000;0.0011,-0.0000;0.0011,-0.0000;0.0011,-0.0000;0.0011,-0.0000;0.0011,-0.0000;0.0011,-0.0000;0.0011,-0.0000;0.0011,-0.0000;0.0011,-0.0000;0.0011,-0.0000;0.0011,-0.0000;0.0011,-0.0000;0.0011,-0.0000;0.0011,-0.0000;0.0011,-0.0000;0.0011,-0.0000;0.0011,-0.0000;0.0011,-0.0000;0.0011,-0.0000;0.0011,-0.0000;0.0011,-0.0000;0.0011,-0.0000;0.0011,-0.0000;0.0011,-0.0000;0.0011,-0.0000;0.0011,-0.0000;0.0011,-0.0000;0.0011,-0.0000;0.0011,-0.0000;0.0011,-0.0000;0.0011,-0.0000;0.0011,-0.0000;0.0011,-0.0000;0.0011,-0.0000;0.0011,-0.0000;0.0011,-0.0000;0.0011,-0.0000;0.0011,-0.0000;0.0011,-0.0000;0.0011,-0.0000"
5fa56c61-e8ed-4c0b-95dd-3e15c40d9f78,11100000,0,0,0.0,SKIPPED,,,,4580,11,18.026,Yield due to a worker standing in the lane ahead,0.0188,0.0539,"-0.0000,-0.0000;-0.0000,-0.0000;-0.0000,-0.0000;0.0001,-0.0000;0.0002,-0.0000;0.0003,-0.0000;0.0005,-0.0000;0.0007,0.0000;0.0009,0.0000;0.0012,0.0000;0.0015,0.0000;0.0018,0.0000;0.0021,0.0000;0.0025,0.0000;0.0029,0.0000;0.0033,0.0000;0.0038,0.0000;0.0043,0.0000;0.0048,0.0000;0.0053,0.0000;0.0059,0.0000;0.0066,0.0000;0.0073,0.0000;0.0080,0.0000;0.0087,0.0000;0.0094,0.0000;0.0102,0.0000;0.0109,0.0000;0.0117,0.0000;0.0126,0.0000;0.0135,0.0000;0.0144,0.0000;0.0153,0.0000;0.0162,0.0000;0.0172,0.0000;0.0181,0.0000;0.0191,0.0000;0.0202,0.0000;0.0212,0.0000;0.0223,0.0000;0.0233,0.0000;0.0244,0.0000;0.0256,0.0000;0.0267,0.0000;0.0278,0.0000;0.0289,0.0000;0.0300,0.0000;0.0311,0.0000;0.0323,0.0000;0.0334,0.0000;0.0347,0.0000;0.0359,0.0000;0.0373,0.0000;0.0386,0.0000;0.0400,0.0000;0.0415,0.0000;0.0429,0.0000;0.0444,0.0000;0.0459,0.0000;0.0475,0.0000;0.0491,0.0000;0.0507,0.0000;0.0523,0.0000;0.0539,0.0000","0.0000,0.0000;0.0000,0.0000;0.0000,0.0000;0.0000,0.0000;0.0000,0.0000;0.0000,0.0000;0.0000,0.0000;0.0000,0.0000;0.0000,0.0000;0.0000,0.0000;0.0000,0.0000;0.0000,0.0000;0.0000,0.0000;0.0000,0.0000;0.0000,0.0000;0.0000,0.0000;0.0000,0.0000;0.0000,0.0000;0.0000,0.0000;0.0000,0.0000;0.0000,0.0000;0.0000,0.0000;0.0000,0.0000;0.0000,0.0000;0.0000,0.0000;0.0000,0.0000;0.0000,0.0000;0.0000,0.0000;0.0000,0.0000;0.0000,0.0000;0.0000,0.0000;0.0000,0.0000;0.0000,0.0000;0.0000,0.0000;0.0000,0.0000;0.0000,0.0000;0.0000,0.0000;0.0000,0.0000;0.0000,0.0000;0.0000,0.0000;0.0000,0.0000;0.0000,0.0000;0.0000,0.0000;0.0000,0.0000;0.0000,0.0000;0.0000,0.0000;0.0000,0.0000;0.0000,0.0000;0.0000,0.0000;0.0000,0.0000;0.0000,0.0000;0.0000,0.0000;0.0000,0.0000;0.0000,0.0000;0.0000,0.0000;0.0000,0.0000;0.0000,0.0000;0.0000,0.0000;0.0000,0.0000;0.0000,0.0000;0.0000,0.0000;0.0000,0.0000;0.0000,0.0000;0.0000,0.0000"
5fa56c61-e8ed-4c0b-95dd-3e15c40d9f78,12100000,0,0,0.0,SKIPPED,,,,4580,6,14.738,Stop due to red traffic light,0.008,0.0261,"0.0000,0.0000;0.0000,0.0000;0.0000,-0.0000;0.0000,0.0000;0.0000,0.0000;0.0001,0.0000;0.0001,0.0000;0.0002,0.0000;0.0002,0.0000;0.0003,0.0000;0.0004,0.0000;0.0005,0.0000;0.0007,0.0000;0.0008,0.0000;0.0009,0.0000;0.0011,0.0000;0.0013,0.0000;0.0015,0.0000;0.0017,0.0000;0.0019,0.0000;0.0021,0.0000;0.0023,0.0000;0.0025,0.0000;0.0028,0.0000;0.0030,0.0000;0.0033,0.0000;0.0036,0.0000;0.0038,0.0000;0.0041,0.0000;0.0044,0.0000;0.0047,0.0000;0.0051,0.0000;0.0054,0.0000;0.0057,0.0000;0.0061,0.0000;0.0065,0.0000;0.0069,0.0000;0.0074,0.0000;0.0078,0.0000;0.0083,0.0000;0.0088,0.0000;0.0093,0.0000;0.0098,0.0000;0.0104,0.0000;0.0110,0.0000;0.0116,0.0000;0.0123,0.0000;0.0130,0.0000;0.0138,0.0000;0.0145,0.0000;0.0153,0.0000;0.0161,0.0000;0.0169,0.0000;0.0177,0.0000;0.0186,0.0000;0.0194,0.0000;0.0202,0.0000;0.0211,0.0000;0.0219,0.0000;0.0228,0.0000;0.0236,0.0000;0.0244,0.0000;0.0253,-0.0000;0.0261,-0.0000","0.0000,0.0000;0.0000,0.0000;0.0000,0.0000;0.0000,0.0000;0.0000,0.0000;0.0000,0.0000;0.0000,0.0000;0.0000,0.0000;0.0000,0.0000;0.0000,0.0000;0.0000,0.0000;0.0000,0.0000;0.0000,0.0000;0.0000,0.0000;0.0000,0.0000;0.0000,0.0000;0.0000,0.0000;0.0000,0.0000;0.0000,0.0000;0.0000,0.0000;0.0000,0.0000;0.0000,0.0000;0.0000,0.0000;0.0000,0.0000;0.0000,0.0000;0.0000,0.0000;0.0000,0.0000;0.0000,0.0000;0.0000,0.0000;0.0000,0.0000;0.0000,0.0000;0.0000,0.0000;0.0000,0.0000;0.0000,0.0000;0.0000,0.0000;0.0000,0.0000;0.0000,0.0000;0.0000,0.0000;0.0000,0.0000;0.0000,0.0000;0.0000,0.0000;0.0000,0.0000;0.0000,0.0000;0.0000,0.0000;0.0000,0.0000;0.0000,0.0000;0.0000,0.0000;0.0000,0.0000;0.0000,0.0000;0.0000,0.0000;0.0000,0.0000;0.0000,0.0000;0.0000,0.0000;0.0000,0.0000;0.0000,0.0000;0.0000,0.0000;0.0000,0.0000;0.0000,0.0000;0.0000,0.0000;0.0000,0.0000;0.0000,0.0000;0.0000,0.0000;0.0000,0.0000;0.0000,0.0000"
5fa56c61-e8ed-4c0b-95dd-3e15c40d9f78,13100000,0,0,0.0,SKIPPED,,,,4580,11,17.267,Yield due to a worker in the lane ahead.,0.0521,0.4722,"0.0000,-0.0000;0.0000,-0.0000;0.0000,-0.0000;0.0000,-0.0000;0.0000,-0.0000;0.0001,-0.0000;0.0002,-0.0000;0.0003,-0.0000;0.0004,-0.0000;0.0005,-0.0000;0.0006,-0.0000;0.0007,-0.0000;0.0009,-0.0000;0.0010,-0.0000;0.0012,-0.0000;0.0015,-0.0000;0.0017,-0.0000;0.0021,-0.0000;0.0024,-0.0000;0.0028,-0.0000;0.0032,-0.0000;0.0037,-0.0000;0.0043,0.0000;0.0049,0.0000;0.0055,0.0000;0.0062,0.0000;0.0069,0.0000;0.0076,0.0000;0.0084,0.0000;0.0092,0.0000;0.0100,0.0000;0.0109,0.0000;0.0118,0.0000;0.0127,0.0000;0.0137,0.0000;0.0146,0.0000;0.0156,0.0000;0.0166,0.0000;0.0177,0.0000;0.0190,0.0000;0.0203,0.0000;0.0217,0.0000;0.0230,0.0000;0.0244,0.0000;0.0256,0.0000;0.0269,0.0000;0.0285,0.0000;0.0307,0.0000;0.0342,0.0000;0.0394,0.0000;0.0467,0.0000;0.0563,0.0000;0.0684,0.0000;0.0834,0.0000;0.1017,0.0000;0.1240,0.0000;0.1510,0.0000;0.1828,0.0000;0.2196,0.0000;0.2610,0.0000;0.3070,0.0000;0.3574,0.0000;0.4124,0.0000;0.4722,0.0001","0.0000,0.0000;0.0000,0.0000;0.0000,0.0000;0.0000,0.0000;0.0000,0.0000;0.0000,0.0000;0.0000,0.0000;0.0000,0.0000;0.0000,0.0000;0.0000,0.0000;0.0000,0.0000;0.0000,0.0000;0.0000,0.0000;0.0000,0.0000;0.0000,0.0000;0.0000,0.0000;0.0000,0.0000;0.0000,0.0000;0.0000,0.0000;0.0000,0.0000;0.0000,0.0000;0.0000,0.0000;0.0000,0.0000;0.0000,0.0000;0.0000,0.0000;0.0000,0.0000;0.0000,0.0000;0.0000,0.0000;0.0000,0.0000;0.0000,0.0000;0.0000,0.0000;0.0000,0.0000;0.0000,0.0000;0.0000,0.0000;0.0000,0.0000;0.0000,0.0000;0.0000,0.0000;0.0000,0.0000;0.0000,0.0000;0.0000,0.0000;0.0000,0.0000;0.0000,0.0000;0.0000,0.0000;0.0000,0.0000;0.0000,0.0000;0.0000,0.0000;0.0000,0.0000;0.0000,0.0000;0.0000,0.0000;0.0000,0.0000;0.0000,0.0000;0.0000,0.0000;0.0000,0.0000;0.0000,0.0000;0.0000,0.0000;0.0000,0.0000;0.0000,0.0000;0.0000,0.0000;0.0000,0.0000;0.0000,0.0000;0.0000,0.0000;0.0000,0.0000;0.0000,0.0000;0.0000,0.0000"
5fa56c61-e8ed-4c0b-95dd-3e15c40d9f78,14100000,0,0,0.0,SKIPPED,,,,4580,10,16.846,Yield due to a worker blocking the lane ahead,0.0006,0.0029,"-0.0000,0.0000;-0.0000,0.0000;-0.0000,0.0000;-0.0001,0.0000;-0.0001,0.0000;-0.0001,0.0000;-0.0001,0.0000;-0.0002,0.0000;-0.0002,0.0000;-0.0002,0.0000;-0.0003,0.0000;-0.0003,0.0000;-0.0004,0.0000;-0.0004,0.0000;-0.0004,0.0000;-0.0004,0.0000;-0.0004,0.0000;-0.0004,0.0000;-0.0004,0.0000;-0.0003,0.0000;-0.0003,0.0000;-0.0003,0.0000;-0.0003,0.0000;-0.0002,0.0000;-0.0002,0.0000;-0.0002,0.0000;-0.0002,0.0000;-0.0002,0.0000;-0.0002,0.0000;-0.0002,0.0000;-0.0001,-0.0000;-0.0001,-0.0000;-0.0001,-0.0000;-0.0001,-0.0000;-0.0000,-0.0000;0.0000,-0.0000;0.0000,-0.0000;0.0001,-0.0000;0.0001,-0.0000;0.0002,-0.0000;0.0002,-0.0000;0.0003,-0.0000;0.0003,-0.0000;0.0004,0.0000;0.0005,0.0000;0.0006,0.0000;0.0007,0.0000;0.0008,0.0000;0.0009,0.0000;0.0010,0.0000;0.0012,0.0000;0.0013,0.0000;0.0015,0.0000;0.0017,0.0000;0.0018,0.0000;0.0021,0.0000;0.0023,0.0000;0.0025,0.0000;0.0027,0.0000;0.0029,0.0000;0.0031,0.0000;0.0034,0.0000;0.0038,0.0000;0.0043,0.0000","0.0000,0.0000;0.0000,0.0000;0.0000,0.0000;0.0000,0.0000;0.0000,0.0000;0.0000,0.0000;0.0000,0.0000;0.0000,0.0000;0.0000,0.0000;0.0000,0.0000;0.0000,0.0000;0.0000,0.0000;0.0000,0.0000;0.0000,0.0000;0.0000,0.0000;0.0000,0.0000;0.0000,0.0000;0.0000,0.0000;0.0000,0.0000;0.0000,0.0000;0.0000,0.0000;0.0000,0.0000;0.0000,0.0000;0.0000,0.0000;0.0000,0.0000;0.0000,0.0000;0.0000,0.0000;0.0000,0.0000;0.0000,0.0000;0.0000,0.0000;0.0000,0.0000;0.0000,0.0000;0.0000,0.0000;0.0000,0.0000;0.0000,0.0000;0.0000,0.0000;0.0000,0.0000;0.0000,0.0000;0.0000,0.0000;0.0000,0.0000;0.0000,0.0000;0.0000,0.0000;0.0000,0.0000;0.0000,0.0000;0.0000,0.0000;0.0000,0.0000;0.0000,0.0000;0.0000,0.0000;0.0000,0.0000;0.0000,0.0000;0.0000,0.0000;0.0000,0.0000;0.0000,0.0000;0.0000,0.0000;0.0000,0.0000;0.0000,0.0000;0.0000,0.0000;0.0000,0.0000;0.0000,0.0000;0.0000,0.0000"
5fa56c61-e8ed-4c0b-95dd-3e15c40d9f78,15100000,0,0,0.0,SKIPPED,,,,4580,10,16.674,Yield due to a worker blocking the lane ahead,0.0006,0.002,"-0.0000,-0.0000;-0.0000,0.0000;-0.0000,0.0000;-0.0000,0.0000;-0.0000,-0.0000;0.0000,-0.0000;0.0000,-0.0000;0.0000,-0.0000;0.0001,-0.0000;0.0001,-0.0000;0.0001,-0.0000;0.0001,-0.0000;0.0001,-0.0000;0.0001,-0.0000;0.0001,-0.0000;0.0001,-0.0000;0.0001,-0.0000;0.0001,-0.0000;0.0001,-0.0000;0.0001,-0.0000;0.0002,-0.0000;0.0002,0.0000;0.0002,0.0000;0.0002,0.0000;0.0003,0.0000;0.0003,0.0000;0.0004,0.0000;0.0004,0.0000;0.0005,0.0000;0.0005,0.0000;0.0006,0.0000;0.0007,0.0000;0.0007,0.0000;0.0008,0.0000;0.0009,0.0000;0.0010,0.0000;0.0011,0.0000;0.0012,0.0000;0.0013,0.0000;0.0014,0.0000;0.0014,0.0000;0.0015,0.0000;0.0016,0.0000;0.0017,0.0000;0.0017,0.0000;0.0018,0.0000;0.0019,0.0000;0.0019,0.0000;0.0020,0.0000;0.0020,0.0000;0.0021,0.0000;0.0022,0.0000;0.0023,0.0000;0.0024,0.0000;0.0025,0.0000;0.0026,0.0000;0.0027,0.0000;0.0028,0.0000;0.0029,0.0000;0.0030,0.0000;0.0031,0.0000;0.0032,0.0000;0.0033,0.0000;0.0035,0.0000","0.0000,0.0000;0.0000,0.0000;0.0000,0.0000;0.0000,0.0000;0.0000,0.0000;0.0000,0.0000;0.0000,0.0000;0.0000,0.0000;0.0000,0.0000;0.0000,0.0000;0.0000,0.0000;0.0000,0.0000;0.0000,0.0000;0.0000,0.0000;0.0000,0.0000;0.0000,0.0000;0.0000,0.0000;0.0000,0.0000;0.0000,0.0000;0.0000,0.0000;0.0000,0.0000;0.0000,0.0000;0.0000,0.0000;0.0000,0.0000;0.0000,0.0000;0.0000,0.0000;0.0000,0.0000;0.0000,0.0000;0.0000,0.0000;0.0000,0.0000;0.0000,0.0000;0.0000,0.0000;0.0000,0.0000;0.0000,0.0000;0.0000,0.0000;0.0000,0.0000;0.0000,0.0000;0.0000,0.0000;0.0000,0.0000;0.0000,0.0000;0.0000,0.0000;0.0000,0.0000;0.0000,0.0000;0.0000,0.0000;0.0000,0.0000;0.0000,0.0000;0.0000,0.0000;0.0000,0.0000;0.0000,0.0000;0.0000,0.0000"
5fa56c61-e8ed-4c0b-95dd-3e15c40d9f78,16100000,0,0,0.0,SKIPPED,,,,4580,11,18.526,Stop due to a stopped lead vehicle blocking the lane.,0.0026,0.0049,"-0.0000,-0.0000;-0.0001,-0.0000;-0.0002,-0.0000;-0.0003,-0.0000;-0.0005,-0.0000;-0.0006,-0.0000;-0.0007,-0.0000;-0.0009,-0.0000;-0.0010,-0.0000;-0.0011,-0.0000;-0.0013,-0.0000;-0.0015,-0.0000;-0.0016,-0.0000;-0.0018,-0.0000;-0.0020,-0.0000;-0.0021,-0.0000;-0.0023,-0.0000;-0.0024,-0.0000;-0.0025,-0.0000;-0.0026,-0.0000;-0.0027,-0.0000;-0.0028,-0.0000;-0.0029,-0.0000;-0.0030,-0.0000;-0.0032,-0.0000;-0.0033,-0.0000;-0.0034,-0.0000;-0.0036,-0.0000;-0.0037,-0.0000;-0.0038,-0.0000;-0.0040,-0.0000;-0.0041,-0.0000;-0.0043,-0.0000;-0.0045,-0.0000;-0.0046,-0.0000;-0.0048,-0.0000;-0.0049,-0.0000;-0.0050,-0.0000;-0.0050,-0.0000;-0.0049,-0.0000;-0.0047,-0.0000;-0.0046,-0.0000;-0.0045,-0.0000;-0.0043,-0.0000;-0.0037,-0.0000;-0.0019,0.0000;0.0024,0.0000;0.0113,0.0000;0.0273,0.0000;0.0535,0.0000;0.0926,0.0000;0.1462,0.0000;0.2150,0.0001;0.2987,0.0002;0.3966,0.0003;0.5082,0.0004;0.6328,0.0007;0.7698,0.0010;0.9185,0.0014;1.0780,0.0018;1.2474,0.0023;1.4258,0.0029;1.6122,0.0036;1.8057,0.0042","0.0000,0.0000;0.0000,0.0000;0.0000,0.0000;0.0000,0.0000;0.0000,0.0000;0.0000,0.0000;0.0000,0.0000;0.0000,0.0000;0.0000,0.0000;0.0000,0.0000;0.0000,0.0000;0.0000,0.0000;0.0000,0.0000;0.0000,0.0000;0.0000,0.0000;0.0000,0.0000;0.0000,0.0000;0.0000,0.0000;0.0000,0.0000;0.0000,0.0000;0.0000,0.0000;0.0000,0.0000;0.0000,0.0000;0.0000,0.0000;0.0000,0.0000;0.0000,0.0000;0.0000,0.0000;0.0000,0.0000;0.0000,0.0000;0.0000,0.0000;0.0000,0.0000;0.0000,0.0000;0.0000,0.0000;0.0000,0.0000;0.0000,0.0000;0.0000,0.0000;0.0000,0.0000;0.0000,0.0000;0.0000,0.0000;0.0000,0.0000"
5fa56c61-e8ed-4c0b-95dd-3e15c40d9f78,17100000,0,0,0.0,SKIPPED,,,,4580,10,17.183,Yield due to a worker blocking the lane ahead,0.0025,0.0133,"-0.0000,0.0000;-0.0000,-0.0000;-0.0001,0.0000;-0.0001,0.0000;-0.0002,0.0000;-0.0002,0.0000;-0.0002,0.0000;-0.0002,0.0000;-0.0002,0.0000;-0.0002,0.0000;-0.0002,0.0000;-0.0001,-0.0000;-0.0000,-0.0000;0.0001,-0.0000;0.0002,-0.0000;0.0004,0.0000;0.0006,0.0000;0.0008,0.0000;0.0010,0.0000;0.0014,0.0000;0.0019,0.0000;0.0025,0.0000;0.0034,0.0000;0.0044,0.0000;0.0057,0.0000;0.0071,0.0000;0.0086,0.0000;0.0102,0.0000;0.0118,0.0000;0.0133,0.0000;0.0148,0.0000;0.0163,0.0000;0.0176,0.0000;0.0190,0.0000;0.0203,0.0000;0.0215,0.0000;0.0227,0.0000;0.0239,0.0000;0.0251,0.0000;0.0263,0.0000;0.0275,0.0000;0.0286,0.0000;0.0298,0.0000;0.0309,0.0000;0.0321,0.0000;0.0332,0.0000;0.0343,0.0000;0.0354,0.0000;0.0366,0.0000;0.0377,0.0000;0.0388,0.0000;0.0400,0.0000;0.0412,0.0000;0.0424,0.0000;0.0436,0.0000;0.0449,0.0000;0.0461,0.0000;0.0474,0.0000;0.0486,0.0000;0.0498,0.0000;0.0510,0.0000;0.0521,0.0000;0.0532,0.0000;0.0542,0.0000","0.0000,0.0000;0.0000,0.0000;0.0000,0.0000;0.0000,0.0000;0.0000,0.0000;0.0000,0.0000;0.0000,0.0000;0.0000,0.0000;0.0000,0.0000;0.0000,0.0000;0.0000,0.0000;0.0000,0.0000;0.0000,0.0000;0.0000,0.0000;0.0000,0.0000;0.0000,0.0000;0.0000,0.0000;0.0000,0.0000;0.0000,0.0000;0.0000,0.0000;0.0000,0.0000;0.0000,0.0000;0.0000,0.0000;0.0000,0.0000;0.0000,0.0000;0.0000,0.0000;0.0000,0.0000;0.0000,0.0000;0.0000,0.0000;0.0000,0.0000"
5fa56c61-e8ed-4c0b-95dd-3e15c40d9f78,18100000,0,0,0.0,SKIPPED,,,,4580,11,17.663,Stop due to the stopped lead vehicle blocking the lane.,0.0008,0.0028,"0.0000,-0.0000;0.0001,-0.0000;0.0002,-0.0000;0.0003,-0.0000;0.0003,-0.0000;0.0004,-0.0000;0.0003,-0.0000;0.0003,-0.0000;0.0003,-0.0000;0.0003,-0.0000;0.0004,-0.0000;0.0005,-0.0000;0.0007,-0.0000;0.0008,-0.0000;0.0011,-0.0000;0.0013,-0.0000;0.0017,-0.0000;0.0020,-0.0000;0.0024,-0.0000;0.0028,-0.0000;0.0033,-0.0000;0.0037,-0.0000;0.0042,-0.0000;0.0047,-0.0000;0.0051,-0.0000;0.0056,-0.0000;0.0061,0.0000;0.0065,0.0000;0.0070,0.0000;0.0075,0.0000;0.0080,0.0000;0.0085,0.0000;0.0091,0.0000;0.0097,0.0000;0.0104,0.0000;0.0111,0.0000;0.0118,0.0000;0.0126,0.0000;0.0133,0.0000;0.0141,0.0000;0.0149,0.0000;0.0157,0.0000;0.0165,0.0000;0.0173,0.0000;0.0182,0.0000;0.0190,0.0000;0.0199,0.0000;0.0208,0.0000;0.0217,0.0000;0.0226,0.0000;0.0235,0.0000;0.0243,0.0000;0.0251,0.0000;0.0259,0.0000;0.0268,0.0000;0.0276,0.0000;0.0285,0.0000;0.0294,0.0000;0.0303,0.0000;0.0313,0.0000;0.0323,0.0000;0.0334,0.0000;0.0345,0.0000;0.0355,0.0000","0.0000,0.0000;0.0000,0.0000;0.0000,0.0000;0.0000,0.0000;0.0000,0.0000;0.0000,0.0000;0.0000,0.0000;0.0000,0.0000;0.0000,0.0000;0.0000,0.0000;0.0000,0.0000;0.0000,0.0000;0.0000,0.0000;0.0000,0.0000;0.0000,0.0000;0.0000,0.0000;0.0000,0.0000;0.0000,0.0000;0.0000,0.0000;0.0000,0.0000"
5fa56c61-e8ed-4c0b-95dd-3e15c40d9f78,19100000,0,0,0.0,SKIPPED,,,,4580,9,16.513,Yield due to workers blocking the lane ahead,0.0003,0.0009,"-0.0000,-0.0000;-0.0000,-0.0000;-0.0000,-0.0000;0.0000,-0.0000;0.0001,-0.0000;0.0002,-0.0000;0.0003,0.0000;0.0005,0.0000;0.0006,0.0000;0.0009,0.0000;0.0012,0.0000;0.0015,0.0000;0.0019,0.0000;0.0024,0.0000;0.0029,0.0000;0.0033,0.0000;0.0038,0.0000;0.0043,0.0000;0.0048,0.0000;0.0054,0.0000;0.0059,0.0000;0.0065,0.0000;0.0071,0.0000;0.0078,0.0000;0.0085,0.0000;0.0091,0.0000;0.0098,0.0000;0.0105,0.0000;0.0113,0.0000;0.0120,0.0000;0.0127,0.0000;0.0134,0.0000;0.0142,0.0000;0.0149,0.0000;0.0157,0.0000;0.0165,0.0000;0.0173,0.0000;0.0181,0.0000;0.0190,0.0000;0.0198,0.0000;0.0205,0.0000;0.0213,0.0000;0.0221,0.0000;0.0229,0.0000;0.0237,0.0000;0.0245,0.0000;0.0253,0.0000;0.0261,0.0000;0.0269,0.0000;0.0277,0.0000;0.0285,0.0000;0.0294,0.0000;0.0302,0.0000;0.0311,0.0000;0.0320,0.0000;0.0329,0.0000;0.0338,0.0000;0.0347,0.0000;0.0356,0.0000;0.0366,0.0000;0.0375,0.0000;0.0385,0.0000;0.0394,0.0000;0.0402,0.0000","0.0000,0.0000;0.0000,0.0000;0.0000,0.0000;0.0000,0.0000;0.0000,0.0000;0.0000,0.0000;0.0000,0.0000;0.0000,0.0000;0.0000,0.0000;0.0000,0.0000"
e0772c6e-1524-494f-b16f-84ca1a700a7b,5100000,0,0,0.0,SKIPPED,,,,4580,10,16.81,Slow down due to the work zone speed limit ahead,0.5856,3.2899,"0.6345,0.0002;1.2669,0.0006;1.8984,0.0013;2.5296,0.0022;3.1613,0.0033;3.7936,0.0043;4.4268,0.0053;5.0612,0.0062;5.6967,0.0069;6.3333,0.0074;6.9710,0.0076;7.6098,0.0075;8.2497,0.0072;8.8909,0.0066;9.5333,0.0057;10.1769,0.0046;10.8216,0.0034;11.4673,0.0021;12.1137,0.0009;12.7609,-0.0003;13.4086,-0.0013;14.0568,-0.0019;14.7056,-0.0022;15.3549,-0.0019;16.0049,-0.0010;16.6556,0.0007;17.3070,0.0031;17.9591,0.0065;18.6118,0.0106;19.2651,0.0156;19.9188,0.0214;20.5729,0.0277;21.2276,0.0346;21.8828,0.0419;22.5387,0.0495;23.1954,0.0572;23.8526,0.0650;24.5103,0.0727;25.1683,0.0803;25.8267,0.0877;26.4860,0.0947;27.1463,0.1014;27.8075,0.1076;28.4693,0.1132;29.1316,0.1181;29.7940,0.1223;30.4568,0.1257;31.1201,0.1281;31.7843,0.1298;32.4491,0.1307;33.1142,0.1308;33.7793,0.1304;34.4443,0.1295;35.1091,0.1283;35.7737,0.1267;36.4378,0.1248;37.1008,0.1227;37.7624,0.1202;38.4222,0.1174;39.0804,0.1143;39.7373,0.1109;40.3933,0.1072;41.0489,0.1033;41.7044,0.0991","0.5975,0.0001;1.2322,-0.0009;1.8661,-0.0012;2.4982,-0.0025;3.1282,-0.0045;3.7590,-0.0056;4.3914,-0.0075;5.0253,-0.0106;5.6598,-0.0147;6.2924,-0.0186;6.9251,-0.0228;7.5581,-0.0279;8.1917,-0.0326;8.8251,-0.0380;9.4597,-0.0439;10.0949,-0.0495;10.7307,-0.0538;11.3683,-0.0569;12.0089,-0.0593;12.6508,-0.0613;13.2940,-0.0629;13.9397,-0.0641;14.5878,-0.0645;15.2377,-0.0630;15.8902,-0.0609;16.5445,-0.0572;17.2010,-0.0530;17.8591,-0.0493;18.5181,-0.0460;19.1785,-0.0420;19.8392,-0.0390;20.4983,-0.0378;21.1542,-0.0355;21.8061,-0.0340;22.4548,-0.0327;23.1009,-0.0322;23.7465,-0.0297;24.3911,-0.0270;25.0331,-0.0237;25.6715,-0.0186;26.3057,-0.0143;26.9336,-0.0121;27.5522,-0.0097;28.1621,-0.0075;28.7620,-0.0057;29.3522,-0.0038;29.9326,-0.0024;30.5033,-0.0029;31.0639,-0.0038;31.6131,-0.0054;32.1491,-0.0071;32.6734,-0.0086;33.1867,-0.0108;33.6906,-0.0140;34.1859,-0.0167;34.6760,-0.0188;35.1619,-0.0196;35.6428,-0.0206;36.1176,-0.0220;36.5864,-0.0231;37.0495,-0.0221;37.5092,-0.0200;37.9648,-0.0175;38.4165,-0.0165"
e0772c6e-1524-494f-b16f-84ca1a700a7b,6100000,0,0,0.0,SKIPPED,,,,4580,11,17.362,Slow down due to lane narrowing at the construction zone ahead,1.3064,6.0453,"0.6318,-0.0002;1.2641,-0.0009;1.8977,-0.0021;2.5332,-0.0038;3.1708,-0.0059;3.8101,-0.0083;4.4506,-0.0106;5.0918,-0.0127;5.7334,-0.0141;6.3753,-0.0146;7.0174,-0.0137;7.6598,-0.0112;8.3024,-0.0070;8.9454,-0.0009;9.5892,0.0069;10.2343,0.0164;10.8808,0.0275;11.5288,0.0400;12.1784,0.0536;12.8296,0.0682;13.4824,0.0835;14.1368,0.0993;14.7925,0.1151;15.4488,0.1309;16.1052,0.1463;16.7620,0.1610;17.4195,0.1749;18.0786,0.1878;18.7397,0.1996;19.4027,0.2102;20.0672,0.2195;20.7328,0.2275;21.3990,0.2343;22.0662,0.2398;22.7349,0.2442;23.4056,0.2478;24.0781,0.2505;24.7517,0.2526;25.4249,0.2541;26.0968,0.2552;26.7672,0.2560;27.4372,0.2565;28.1080,0.2566;28.7803,0.2564;29.4537,0.2560;30.1271,0.2553;30.8003,0.2543;31.4736,0.2530;32.1482,0.2512;32.8248,0.2489;33.5033,0.2461;34.1830,0.2426;34.8629,0.2386;35.5434,0.2339;36.2254,0.2287;36.9103,0.2228;37.5985,0.2164;38.2890,0.2094;38.9795,0.2021;39.6678,0.1944;40.3529,0.1865;41.0361,0.1783;41.7199,0.1699;42.4075,0.1613","0.5944,-0.0003;1.2274,-0.0016;1.8610,-0.0024;2.4944,-0.0040;3.1291,-0.0060;3.7643,-0.0078;4.4001,-0.0083;5.0377,-0.0075;5.6783,-0.0060;6.3202,-0.0041;6.9634,-0.0019;7.6090,0.0009;8.2572,0.0044;8.9070,0.0098;9.5595,0.0159;10.2138,0.0235;10.8703,0.0317;11.5284,0.0393;12.1873,0.0467;12.8477,0.0546;13.5083,0.0617;14.1674,0.0669;14.8233,0.0731;15.4752,0.0785;16.1238,0.0838;16.7700,0.0882;17.4155,0.0946;18.0601,0.1012;18.7020,0.1084;19.3404,0.1174;19.9746,0.1255;20.6025,0.1315;21.2210,0.1376;21.8309,0.1435;22.4308,0.1489;23.0210,0.1544;23.6013,0.1593;24.1720,0.1623;24.7326,0.1648;25.2818,0.1665;25.8178,0.1680;26.3421,0.1697;26.8554,0.1706;27.3594,0.1705;27.8547,0.1708;28.3447,0.1716;28.8306,0.1738;29.3115,0.1757;29.7863,0.1772;30.2551,0.1789;30.7182,0.1828;31.1779,0.1876;31.6334,0.1929;32.0852,0.1966;32.5334,0.1988;32.9783,0.2008;33.4195,0.2020;33.8556,0.2022;34.2845,0.2034;34.7058,0.2061;35.1219,0.2078;35.5367,0.2091;35.9503,0.2091;36.3624,0.2090"
e0772c6e-1524-494f-b16f-84ca1a700a7b,7100000,0,0,0.0,SKIPPED,,,,4580,11,17.389,Slow down due to a lane narrowing from roadwork ahead,1.9205,6.9439,"0.6432,0.0003;1.2863,0.0011;1.9295,0.0025;2.5732,0.0044;3.2174,0.0067;3.8624,0.0094;4.5082,0.0125;5.1550,0.0160;5.8024,0.0198;6.4505,0.0240;7.0992,0.0283;7.7484,0.0328;8.3980,0.0375;9.0481,0.0423;9.6984,0.0471;10.3487,0.0518;10.9990,0.0564;11.6492,0.0608;12.2995,0.0650;12.9498,0.0689;13.6004,0.0724;14.2513,0.0755;14.9027,0.0779;15.5546,0.0797;16.2062,0.0808;16.8570,0.0811;17.5065,0.0806;18.1544,0.0793;18.8013,0.0771;19.4478,0.0740;20.0942,0.0702;20.7405,0.0656;21.3868,0.0603;22.0328,0.0544;22.6782,0.0480;23.3225,0.0411;23.9652,0.0338;24.6059,0.0263;25.2452,0.0187;25.8838,0.0109;26.5227,0.0031;27.1619,-0.0047;27.8005,-0.0124;28.4375,-0.0199;29.0722,-0.0273;29.7048,-0.0343;30.3360,-0.0410;30.9666,-0.0472;31.5974,-0.0528;32.2283,-0.0580;32.8593,-0.0627;33.4899,-0.0669;34.1197,-0.0707;34.7486,-0.0741;35.3762,-0.0772;36.0025,-0.0800;36.6274,-0.0826;37.2508,-0.0849;37.8725,-0.0871;38.4927,-0.0892;39.1111,-0.0913;39.7276,-0.0933;40.3420,-0.0953;40.9540,-0.0974","0.6044,-0.0006;1.2500,-0.0007;1.8981,-0.0000;2.5481,0.0024;3.2005,0.0056;3.8549,0.0103;4.5114,0.0156;5.1695,0.0204;5.8284,0.0248;6.4889,0.0298;7.1495,0.0339;7.8086,0.0362;8.4645,0.0395;9.1164,0.0420;9.7651,0.0444;10.4112,0.0459;11.0568,0.0494;11.7014,0.0532;12.3434,0.0575;12.9818,0.0637;13.6160,0.0690;14.2439,0.0722;14.8625,0.0756;15.4723,0.0787;16.0723,0.0815;16.6625,0.0844;17.2428,0.0867;17.8135,0.0871;18.3741,0.0872;18.9234,0.0865;19.4594,0.0856;19.9836,0.0849;20.4969,0.0835;21.0009,0.0812;21.4962,0.0793;21.9862,0.0780;22.4722,0.0780;22.9530,0.0778;23.4279,0.0771;23.8967,0.0767;24.3598,0.0786;24.8195,0.0814;25.2750,0.0846;25.7268,0.0863;26.1751,0.0866;26.6199,0.0865;27.0612,0.0858;27.4972,0.0841;27.9261,0.0833;28.3474,0.0841;28.7635,0.0841;29.1784,0.0834;29.5920,0.0816;30.0040,0.0797;30.4140,0.0791;30.8214,0.0788;31.2257,0.0779;31.6272,0.0760;32.0265,0.0742;32.4258,0.0712;32.8250,0.0680;33.2235,0.0645;33.6198,0.0604;34.0118,0.0563"
e0772c6e-1524-494f-b16f-84ca1a700a7b,8100000,0,0,0.0,SKIPPED,,,,4580,10,16.876,Slow down due to lane narrowing from road construction ahead,2.8416,8.0694,"0.6607,-0.0003;1.3202,-0.0014;1.9785,-0.0032;2.6359,-0.0057;3.2926,-0.0089;3.9489,-0.0127;4.6046,-0.0171;5.2596,-0.0218;5.9135,-0.0269;6.5658,-0.0322;7.2164,-0.0378;7.8649,-0.0437;8.5120,-0.0498;9.1584,-0.0561;9.8046,-0.0624;10.4502,-0.0689;11.0940,-0.0754;11.7344,-0.0820;12.3703,-0.0885;13.0020,-0.0950;13.6305,-0.1017;14.2574,-0.1084;14.8834,-0.1152;15.5083,-0.1223;16.1307,-0.1295;16.7489,-0.1369;17.3626,-0.1446;17.9728,-0.1525;18.5815,-0.1606;19.1905,-0.1691;19.8000,-0.1780;20.4086,-0.1871;21.0148,-0.1965;21.6184,-0.2062;22.2209,-0.2160;22.8240,-0.2260;23.4287,-0.2361;24.0345,-0.2463;24.6399,-0.2565;25.2439,-0.2667;25.8459,-0.2768;26.4459,-0.2870;27.0445,-0.2972;27.6420,-0.3075;28.2383,-0.3178;28.8331,-0.3283;29.4258,-0.3389;30.0159,-0.3496;30.6036,-0.3603;31.1893,-0.3711;31.7733,-0.3819;32.3554,-0.3927;32.9351,-0.4034;33.5122,-0.4140;34.0864,-0.4244;34.6583,-0.4347;35.2282,-0.4449;35.7960,-0.4550;36.3610,-0.4650;36.9225,-0.4748;37.4798,-0.4847;38.0332,-0.4945;38.5830,-0.5044;39.1301,-0.5144","0.6207,-0.0003;1.2798,-0.0025;1.9357,-0.0035;2.5876,-0.0053;3.2363,-0.0072;3.8824,-0.0100;4.5280,-0.0108;5.1726,-0.0113;5.8146,-0.0113;6.4530,-0.0093;7.0872,-0.0083;7.7152,-0.0092;8.3337,-0.0100;8.9436,-0.0109;9.5436,-0.0121;10.1338,-0.0131;10.7141,-0.0147;11.2848,-0.0181;11.8454,-0.0218;12.3946,-0.0261;12.9306,-0.0306;13.4548,-0.0347;13.9681,-0.0395;14.4721,-0.0452;14.9674,-0.0504;15.4574,-0.0550;15.9433,-0.0582;16.4241,-0.0616;16.8990,-0.0654;17.3677,-0.0689;17.8309,-0.0702;18.2906,-0.0704;18.7461,-0.0702;19.1979,-0.0716;19.6461,-0.0743;20.0910,-0.0773;20.5322,-0.0809;20.9682,-0.0856;21.3972,-0.0892;21.8184,-0.0912;22.2346,-0.0940;22.6494,-0.0974;23.0630,-0.1020;23.4750,-0.1066;23.8849,-0.1099;24.2923,-0.1129;24.6966,-0.1165;25.0981,-0.1211;25.4974,-0.1256;25.8966,-0.1312;26.2958,-0.1371;26.6943,-0.1432;27.0905,-0.1500;27.4825,-0.1566;27.8697,-0.1632;28.2520,-0.1705;28.6291,-0.1782;29.0008,-0.1841;29.3661,-0.1901;29.7246,-0.1966;30.0753,-0.2026;30.4163,-0.2093;30.7462,-0.2136;31.0663,-0.2140"
e0772c6e-1524-494f-b16f-84ca1a700a7b,9100000,0,0,0.0,SKIPPED,,,,4580,14,18.782,Adapt speed for the narrow construction lane because roadside barriers restrict clearance.,3.1324,8.2802,"0.6342,0.0002;1.2637,0.0005;1.8888,0.0010;2.5098,0.0014;3.1272,0.0015;3.7412,0.0011;4.3522,-0.0001;4.9601,-0.0025;5.5651,-0.0062;6.1670,-0.0117;6.7660,-0.0189;7.3619,-0.0281;7.9549,-0.0392;8.5449,-0.0521;9.1319,-0.0666;9.7158,-0.0825;10.2969,-0.0995;10.8752,-0.1172;11.4514,-0.1352;12.0259,-0.1533;12.5990,-0.1710;13.1707,-0.1883;13.7409,-0.2049;14.3090,-0.2208;14.8745,-0.2358;15.4375,-0.2501;15.9983,-0.2635;16.5577,-0.2761;17.1163,-0.2881;17.6744,-0.2994;18.2317,-0.3101;18.7880,-0.3203;19.3429,-0.3301;19.8967,-0.3394;20.4494,-0.3482;21.0013,-0.3567;21.5527,-0.3648;22.1034,-0.3725;22.6533,-0.3799;23.2023,-0.3870;23.7504,-0.3938;24.2973,-0.4004;24.8429,-0.4068;25.3867,-0.4131;25.9286,-0.4193;26.4686,-0.4255;27.0068,-0.4315;27.5430,-0.4376;28.0765,-0.4436;28.6066,-0.4496;29.1326,-0.4555;29.6547,-0.4614;30.1736,-0.4674;30.6897,-0.4734;31.2030,-0.4794;31.7125,-0.4856;32.2173,-0.4918;32.7166,-0.4981;33.2107,-0.5045;33.6999,-0.5109;34.1845,-0.5175;34.6646,-0.5240;35.1398,-0.5306;35.6096,-0.5372","0.5952,-0.0001;1.2231,-0.0022;1.8417,-0.0040;2.4516,-0.0060;3.0515,-0.0083;3.6417,-0.0104;4.2220,-0.0130;4.7927,-0.0174;5.3533,-0.0221;5.9025,-0.0275;6.4385,-0.0329;6.9627,-0.0380;7.4760,-0.0437;7.9799,-0.0503;8.4752,-0.0564;8.9652,-0.0619;9.4511,-0.0660;9.9320,-0.0702;10.4068,-0.0749;10.8756,-0.0792;11.3387,-0.0813;11.7984,-0.0824;12.2540,-0.0830;12.7057,-0.0851;13.1540,-0.0887;13.5988,-0.0924;14.0400,-0.0969;14.4760,-0.1023;14.9050,-0.1067;15.3262,-0.1094;15.7423,-0.1130;16.1572,-0.1171;16.5707,-0.1225;16.9828,-0.1278;17.3927,-0.1319;17.8001,-0.1356;18.2044,-0.1400;18.6058,-0.1453;19.0051,-0.1504;19.4043,-0.1568;19.8035,-0.1634;20.2020,-0.1702;20.5982,-0.1777;20.9901,-0.1851;21.3773,-0.1924;21.7596,-0.2004;22.1367,-0.2087;22.5084,-0.2153;22.8737,-0.2219;23.2321,-0.2291;23.5828,-0.2357;23.9239,-0.2430;24.2538,-0.2479;24.5739,-0.2489;24.8860,-0.2523;25.1896,-0.2549;25.4834,-0.2583;25.7658,-0.2618;26.0357,-0.2666;26.2951,-0.2696;26.5521,-0.2724;26.8102,-0.2762;27.0714,-0.2798;27.3333,-0.2835"
e0772c6e-1524-494f-b16f-84ca1a700a7b,10100000,0,0,0.0,SKIPPED,,,,4580,11,17.43,Keep at the center of the lane to continue driving.,0.7807,3.1383,"0.5390,-0.0002;1.0687,-0.0007;1.5893,-0.0015;2.1013,-0.0025;2.6050,-0.0037;3.1009,-0.0049;3.5898,-0.0063;4.0731,-0.0077;4.5521,-0.0092;5.0278,-0.0107;5.5013,-0.0123;5.9724,-0.0140;6.4409,-0.0158;6.9060,-0.0176;7.3671,-0.0196;7.8242,-0.0216;8.2778,-0.0236;8.7281,-0.0257;9.1752,-0.0278;9.6188,-0.0298;10.0582,-0.0319;10.4936,-0.0339;10.9254,-0.0358;11.3540,-0.0378;11.7801,-0.0396;12.2039,-0.0414;12.6251,-0.0432;13.0436,-0.0449;13.4592,-0.0465;13.8718,-0.0480;14.2813,-0.0496;14.6878,-0.0510;15.0916,-0.0525;15.4927,-0.0539;15.8915,-0.0552;16.2879,-0.0565;16.6819,-0.0577;17.0732,-0.0589;17.4619,-0.0601;17.8480,-0.0613;18.2321,-0.0624;18.6146,-0.0636;18.9958,-0.0648;19.3755,-0.0661;19.7533,-0.0674;20.1292,-0.0687;20.5033,-0.0702;20.8765,-0.0717;21.2501,-0.0734;21.6249,-0.0752;22.0012,-0.0772;22.3786,-0.0793;22.7568,-0.0816;23.1356,-0.0841;23.5152,-0.0867;23.8956,-0.0895;24.2767,-0.0925;24.6581,-0.0957;25.0395,-0.0989;25.4206,-0.1024;25.8016,-0.1059;26.1828,-0.1096;26.5649,-0.1133;26.9485,-0.1171","0.5035,-0.0009;1.0278,-0.0016;1.5411,-0.0031;2.0451,-0.0055;2.5404,-0.0075;3.0304,-0.0089;3.5163,-0.0090;3.9972,-0.0092;4.4720,-0.0099;4.9408,-0.0104;5.4040,-0.0086;5.8636,-0.0059;6.3192,-0.0027;6.7709,-0.0011;7.2192,-0.0009;7.6641,-0.0010;8.1053,-0.0018;8.5413,-0.0036;8.9703,-0.0044;9.3916,-0.0037;9.8077,-0.0038;10.2225,-0.0045;10.6361,-0.0064;11.0482,-0.0083;11.4582,-0.0090;11.8656,-0.0093;12.2699,-0.0103;12.6714,-0.0123;13.0706,-0.0141;13.4699,-0.0172;13.8692,-0.0204;14.2676,-0.0240;14.6639,-0.0282;15.0559,-0.0323;15.4431,-0.0364;15.8255,-0.0412;16.2026,-0.0464;16.5744,-0.0499;16.9397,-0.0535;17.2982,-0.0577;17.6490,-0.0614;17.9900,-0.0659;18.3200,-0.0680;18.6400,-0.0664;18.9522,-0.0672;19.2558,-0.0673;19.5496,-0.0683;19.8320,-0.0694;20.1020,-0.0719;20.3614,-0.0728;20.6184,-0.0734;20.8766,-0.0751;21.1378,-0.0765;21.3996,-0.0781;21.6548,-0.0772;21.9046,-0.0736;22.1509,-0.0716;22.3943,-0.0722;22.6352,-0.0707;22.8736,-0.0700;23.1101,-0.0709;23.3449,-0.0695;23.5783,-0.0664;23.8107,-0.0635"
e0772c6e-1524-494f-b16f-84ca1a700a7b,11100000,0,0,0.0,SKIPPED,,,,4580,7,15.149,Slow down due to speed bumps ahead,2.6295,8.0187,"0.4635,0.0002;0.9233,0.0008;1.3798,0.0016;1.8333,0.0027;2.2844,0.0040;2.7333,0.0055;3.1802,0.0071;3.6248,0.0088;4.0670,0.0105;4.5063,0.0123;4.9424,0.0141;5.3754,0.0159;5.8061,0.0178;6.2350,0.0197;6.6629,0.0216;7.0904,0.0236;7.5188,0.0256;7.9506,0.0276;8.3888,0.0295;8.8359,0.0315;9.2925,0.0334;9.7580,0.0352;10.2307,0.0370;10.7090,0.0387;11.1916,0.0403;11.6777,0.0418;12.1664,0.0431;12.6568,0.0444;13.1477,0.0456;13.6382,0.0465;14.1272,0.0473;14.6145,0.0478;15.1003,0.0480;15.5850,0.0479;16.0689,0.0475;16.5518,0.0467;17.0332,0.0456;17.5126,0.0443;17.9892,0.0428;18.4621,0.0412;18.9311,0.0395;19.3962,0.0378;19.8583,0.0362;20.3180,0.0348;20.7753,0.0338;21.2300,0.0333;21.6815,0.0334;22.1303,0.0342;22.5771,0.0356;23.0231,0.0377;23.4688,0.0403;23.9147,0.0433;24.3604,0.0464;24.8054,0.0494;25.2491,0.0520;25.6912,0.0540;26.1320,0.0551;26.5721,0.0553;27.0118,0.0545;27.4514,0.0523;27.8903,0.0487;28.3280,0.0434;28.7636,0.0365;29.1969,0.0277","0.4351,0.0005;0.8948,0.0019;1.3503,0.0037;1.8021,0.0040;2.2504,0.0030;2.6952,0.0016;3.1365,-0.0005;3.5725,-0.0036;4.0014,-0.0056;4.4227,-0.0061;4.8388,-0.0074;5.2537,-0.0093;5.6673,-0.0124;6.0793,-0.0155;6.4893,-0.0174;6.8967,-0.0189;7.3010,-0.0211;7.7025,-0.0242;8.1017,-0.0272;8.5010,-0.0314;8.9002,-0.0358;9.2987,-0.0405;9.6950,-0.0459;10.0870,-0.0511;10.4742,-0.0563;10.8565,-0.0622;11.2336,-0.0685;11.6053,-0.0731;11.9707,-0.0778;12.3292,-0.0830;12.6799,-0.0877;13.0210,-0.0932;13.3509,-0.0963;13.6710,-0.0956;13.9831,-0.0973;14.2867,-0.0983;14.5805,-0.1001;14.8629,-0.1020;15.1329,-0.1054;15.3923,-0.1069;15.6493,-0.1083;15.9074,-0.1108;16.1687,-0.1129;16.4305,-0.1153;16.6857,-0.1151;16.9355,-0.1122;17.1818,-0.1110;17.4252,-0.1122;17.6661,-0.1114;17.9045,-0.1114;18.1410,-0.1130;18.3758,-0.1123;18.6092,-0.1099;18.8416,-0.1076;19.0745,-0.1060;19.3099,-0.1032;19.5488,-0.1027;19.7847,-0.1057;20.0160,-0.1058;20.2445,-0.1024;20.4723,-0.0972;20.7034,-0.0954;20.9393,-0.0940;21.1791,-0.0940"
e0772c6e-1524-494f-b16f-84ca1a700a7b,12100000,0,0,0.0,SKIPPED,,,,4580,12,16.66,Nudge left to avoid the construction barrier on the right side,1.1691,3.4253,"0.4145,-0.0002;0.8252,-0.0007;1.2330,-0.0016;1.6388,-0.0028;2.0430,-0.0044;2.4457,-0.0062;2.8462,-0.0084;3.2439,-0.0110;3.6385,-0.0137;4.0301,-0.0168;4.4186,-0.0201;4.8042,-0.0237;5.1869,-0.0275;5.5667,-0.0315;5.9442,-0.0358;6.3195,-0.0403;6.6930,-0.0451;7.0649,-0.0500;7.4349,-0.0550;7.8031,-0.0601;8.1692,-0.0651;8.5326,-0.0701;8.8931,-0.0748;9.2509,-0.0793;9.6066,-0.0834;9.9609,-0.0871;10.3140,-0.0903;10.6660,-0.0931;11.0165,-0.0953;11.3655,-0.0970;11.7131,-0.0981;12.0596,-0.0988;12.4049,-0.0990;12.7492,-0.0988;13.0926,-0.0982;13.4359,-0.0973;13.7798,-0.0960;14.1252,-0.0943;14.4721,-0.0923;14.8196,-0.0900;15.1665,-0.0875;15.5118,-0.0847;15.8559,-0.0817;16.1999,-0.0785;16.5446,-0.0752;16.8898,-0.0718;17.2343,-0.0683;17.5772,-0.0649;17.9183,-0.0615;18.2581,-0.0582;18.5971,-0.0549;18.9352,-0.0518;19.2723,-0.0488;19.6081,-0.0460;19.9425,-0.0433;20.2754,-0.0407;20.6065,-0.0383;20.9353,-0.0361;21.2619,-0.0341;21.5866,-0.0322;21.9095,-0.0305;22.2303,-0.0290;22.5472,-0.0276;22.8581,-0.0264","0.3909,-0.0003;0.8057,-0.0011;1.2193,-0.0031;1.6314,-0.0052;2.0413,-0.0060;2.4488,-0.0065;2.8531,-0.0075;3.2546,-0.0096;3.6538,-0.0116;4.0531,-0.0148;4.4524,-0.0182;4.8508,-0.0219;5.2471,-0.0262;5.6391,-0.0304;6.0263,-0.0346;6.4087,-0.0395;6.7858,-0.0448;7.1576,-0.0485;7.5229,-0.0522;7.8814,-0.0564;8.2321,-0.0602;8.5732,-0.0649;8.9031,-0.0671;9.2232,-0.0655;9.5354,-0.0664;9.8390,-0.0667;10.1328,-0.0677;10.4152,-0.0689;10.6852,-0.0715;10.9446,-0.0725;11.2016,-0.0732;11.4597,-0.0749;11.7210,-0.0765;11.9828,-0.0781;12.2380,-0.0773;12.4878,-0.0738;12.7340,-0.0719;12.9775,-0.0725;13.2184,-0.0711;13.4568,-0.0704;13.6932,-0.0714;13.9281,-0.0701;14.1615,-0.0671;14.3939,-0.0642;14.6268,-0.0620;14.8622,-0.0586;15.1011,-0.0574;15.3370,-0.0598;15.5682,-0.0593;15.7967,-0.0554;16.0245,-0.0496;16.2557,-0.0472;16.4915,-0.0451;16.7313,-0.0446;16.9726,-0.0449;17.2156,-0.0455;17.4614,-0.0463;17.7133,-0.0477;17.9744,-0.0475;18.2468,-0.0476;18.5313,-0.0497;18.8261,-0.0533;19.1277,-0.0581;19.4330,-0.0636"
e0772c6e-1524-494f-b16f-84ca1a700a7b,13100000,0,0,0.0,SKIPPED,,,,4580,12,14.618,Nudge left to pass the dumpster obstructing the lane.,2.6115,6.2077,"0.3988,-0.0003;0.7958,-0.0010;1.1905,-0.0022;1.5821,-0.0038;1.9702,-0.0057;2.3547,-0.0079;2.7354,-0.0103;3.1129,-0.0129;3.4874,-0.0156;3.8596,-0.0183;4.2300,-0.0211;4.5987,-0.0238;4.9663,-0.0263;5.3330,-0.0287;5.6992,-0.0307;6.0649,-0.0323;6.4304,-0.0335;6.7954,-0.0343;7.1604,-0.0345;7.5258,-0.0343;7.8920,-0.0337;8.2593,-0.0326;8.6274,-0.0312;8.9961,-0.0294;9.3652,-0.0274;9.7349,-0.0251;10.1056,-0.0227;10.4778,-0.0201;10.8517,-0.0174;11.2274,-0.0148;11.6047,-0.0123;11.9837,-0.0099;12.3646,-0.0079;12.7475,-0.0062;13.1325,-0.0051;13.5196,-0.0045;13.9089,-0.0047;14.3005,-0.0055;14.6945,-0.0072;15.0911,-0.0097;15.4906,-0.0132;15.8930,-0.0176;16.2983,-0.0231;16.7055,-0.0298;17.1139,-0.0376;17.5235,-0.0466;17.9353,-0.0569;18.3503,-0.0685;18.7691,-0.0813;19.1908,-0.0956;19.6139,-0.1110;20.0372,-0.1277;20.4604,-0.1454;20.8842,-0.1642;21.3094,-0.1840;21.7359,-0.2046;22.1631,-0.2257;22.5900,-0.2471;23.0162,-0.2684;23.4416,-0.2893;23.8660,-0.3094;24.2889,-0.3283;24.7089,-0.3453;25.1244,-0.3602","0.3752,-0.0004;0.7737,-0.0013;1.1700,-0.0027;1.5621,-0.0041;1.9493,-0.0055;2.3317,-0.0077;2.7088,-0.0103;3.0806,-0.0113;3.4460,-0.0123;3.8045,-0.0140;4.1552,-0.0153;4.4963,-0.0175;4.8263,-0.0173;5.1463,-0.0135;5.4585,-0.0121;5.7621,-0.0101;6.0559,-0.0091;6.3383,-0.0083;6.6083,-0.0089;6.8677,-0.0080;7.1247,-0.0069;7.3829,-0.0068;7.6441,-0.0064;7.9059,-0.0062;8.1611,-0.0035;8.4109,0.0018;8.6571,0.0055;8.9005,0.0066;9.1415,0.0098;9.3799,0.0121;9.6163,0.0129;9.8511,0.0159;10.0845,0.0206;10.3168,0.0251;10.5497,0.0290;10.7851,0.0341;11.0240,0.0370;11.2599,0.0363;11.4912,0.0384;11.7196,0.0440;11.9474,0.0514;12.1785,0.0555;12.4143,0.0593;12.6541,0.0616;12.8954,0.0630;13.1383,0.0641;13.3842,0.0651;13.6360,0.0655;13.8971,0.0676;14.1695,0.0694;14.4540,0.0694;14.7489,0.0679;15.0505,0.0653;15.3558,0.0620;15.6660,0.0618;15.9875,0.0612;16.3240,0.0576;16.6721,0.0517;17.0275,0.0466;17.3910,0.0409;17.7618,0.0348;18.1424,0.0278;18.5311,0.0172;18.9275,0.0070"
e0772c6e-1524-494f-b16f-84ca1a700a7b,14100000,0,0,0.0,SKIPPED,,,,4580,13,14.789,Nudge left to pass the dumpster blocking part of the lane.,0.2728,1.455,"0.3509,-0.0000;0.6935,-0.0000;1.0276,0.0000;1.3532,0.0002;1.6699,0.0006;1.9777,0.0012;2.2764,0.0021;2.5666,0.0034;2.8491,0.0051;3.1252,0.0072;3.3960,0.0098;3.6619,0.0129;3.9231,0.0165;4.1796,0.0206;4.4318,0.0251;4.6804,0.0301;4.9266,0.0356;5.1712,0.0415;5.4150,0.0479;5.6581,0.0545;5.9003,0.0615;6.1416,0.0687;6.3816,0.0760;6.6205,0.0834;6.8585,0.0909;7.0964,0.0984;7.3349,0.1059;7.5749,0.1134;7.8167,0.1209;8.0600,0.1283;8.3038,0.1355;8.5472,0.1426;8.7899,0.1495;9.0328,0.1563;9.2775,0.1629;9.5250,0.1694;9.7757,0.1757;10.0294,0.1817;10.2860,0.1874;10.5459,0.1925;10.8100,0.1971;11.0789,0.2009;11.3529,0.2038;11.6317,0.2057;11.9146,0.2066;12.2013,0.2064;12.4920,0.2051;12.7869,0.2026;13.0866,0.1992;13.3915,0.1949;13.7012,0.1898;14.0155,0.1841;14.3341,0.1780;14.6567,0.1717;14.9837,0.1654;15.3152,0.1592;15.6507,0.1533;15.9888,0.1480;16.3278,0.1434;16.6662,0.1397;17.0029,0.1372;17.3378,0.1359;17.6708,0.1358;18.0017,0.1371","0.3291,-0.0003;0.6702,-0.0015;1.0001,-0.0005;1.3202,0.0042;1.6323,0.0064;1.9359,0.0091;2.2297,0.0110;2.5121,0.0126;2.7821,0.0126;3.0416,0.0142;3.2985,0.0161;3.5567,0.0168;3.8179,0.0179;4.0798,0.0189;4.3349,0.0222;4.5846,0.0282;4.8309,0.0325;5.0743,0.0343;5.3152,0.0381;5.5536,0.0411;5.7900,0.0424;6.0249,0.0461;6.2582,0.0514;6.4906,0.0565;6.7235,0.0610;6.9588,0.0668;7.1977,0.0703;7.4336,0.0702;7.6648,0.0730;7.8933,0.0792;8.1210,0.0872;8.3521,0.0919;8.5879,0.0963;8.8277,0.0992;9.0690,0.1013;9.3119,0.1031;9.5578,0.1047;9.8096,0.1058;10.0707,0.1085;10.3431,0.1112;10.6276,0.1119;10.9224,0.1112;11.2241,0.1093;11.5294,0.1069;11.8396,0.1075;12.1611,0.1078;12.4976,0.1051;12.8457,0.1001;13.2012,0.0959;13.5646,0.0912;13.9355,0.0860;14.3161,0.0801;14.7049,0.0705;15.1013,0.0614;15.5052,0.0529;15.9163,0.0414;16.3351,0.0317;16.7613,0.0186;17.1948,0.0045;17.6349,-0.0095;18.0785,-0.0267;18.5303,-0.0454;18.9820,-0.0642;19.4399,-0.0832"
e0772c6e-1524-494f-b16f-84ca1a700a7b,15100000,0,0,0.0,SKIPPED,,,,4580,7,12.181,Slow down due to speed bumps ahead,1.7414,3.7268,"0.2493,0.0001;0.4907,0.0002;0.7249,0.0004;0.9517,0.0007;1.1703,0.0010;1.3795,0.0014;1.5790,0.0018;1.7697,0.0023;1.9529,0.0028;2.1301,0.0032;2.3027,0.0038;2.4722,0.0043;2.6403,0.0049;2.8086,0.0055;2.9776,0.0061;3.1473,0.0067;3.3169,0.0074;3.4861,0.0081;3.6553,0.0087;3.8254,0.0094;3.9975,0.0101;4.1723,0.0108;4.3505,0.0114;4.5326,0.0121;4.7197,0.0127;4.9128,0.0133;5.1123,0.0139;5.3181,0.0144;5.5295,0.0149;5.7466,0.0153;5.9695,0.0156;6.1990,0.0158;6.4362,0.0160;6.6815,0.0160;6.9350,0.0158;7.1971,0.0155;7.4678,0.0150;7.7478,0.0143;8.0374,0.0134;8.3366,0.0121;8.6451,0.0105;8.9623,0.0086;9.2881,0.0063;9.6223,0.0036;9.9650,0.0004;10.3161,-0.0033;10.6751,-0.0074;11.0416,-0.0120;11.4147,-0.0171;11.7938,-0.0227;12.1782,-0.0286;12.5674,-0.0350;12.9609,-0.0418;13.3577,-0.0489;13.7569,-0.0563;14.1572,-0.0640;14.5571,-0.0718;14.9554,-0.0798;15.3510,-0.0878;15.7431,-0.0958;16.1312,-0.1037;16.5151,-0.1113;16.8944,-0.1185;17.2683,-0.1252","0.2413,0.0003;0.4995,-0.0003;0.7607,-0.0007;1.0226,-0.0012;1.2777,0.0006;1.5275,0.0052;1.7738,0.0082;2.0172,0.0086;2.2581,0.0111;2.4965,0.0127;2.7330,0.0128;2.9678,0.0151;3.2012,0.0191;3.4335,0.0229;3.6665,0.0261;3.9019,0.0305;4.1407,0.0327;4.3766,0.0313;4.6079,0.0328;4.8364,0.0377;5.0642,0.0445;5.2952,0.0479;5.5311,0.0509;5.7709,0.0525;6.0122,0.0532;6.2551,0.0537;6.5010,0.0539;6.7529,0.0536;7.0140,0.0549;7.2864,0.0559;7.5709,0.0551;7.8657,0.0527;8.1673,0.0492;8.4726,0.0450;8.7828,0.0438;9.1043,0.0424;9.4408,0.0378;9.7889,0.0309;10.1443,0.0247;10.5077,0.0179;10.8785,0.0107;11.2591,0.0026;11.6478,-0.0091;12.0442,-0.0205;12.4481,-0.0313;12.8591,-0.0450;13.2778,-0.0571;13.7040,-0.0725;14.1373,-0.0891;14.5773,-0.1055;15.0209,-0.1253;15.4725,-0.1465;15.9241,-0.1678;16.3819,-0.1894;16.8419,-0.2111;17.3028,-0.2319;17.7646,-0.2519;18.2269,-0.2714;18.6904,-0.2900;19.1537,-0.3082;19.6163,-0.3240;20.0789,-0.3398;20.5335,-0.3517;20.9875,-0.3632"
e0772c6e-1524-494f-b16f-84ca1a700a7b,16100000,0,0,0.0,SKIPPED,,,,4580,11,12.725,Maintain low speed due to lane narrowing from construction barriers,0.969,0.6541,"0.2389,0.0001;0.4802,0.0003;0.7244,0.0006;0.9727,0.0009;1.2267,0.0013;1.4882,0.0018;1.7583,0.0022;2.0373,0.0027;2.3245,0.0032;2.6191,0.0037;2.9206,0.0043;3.2292,0.0049;3.5459,0.0056;3.8718,0.0063;4.2073,0.0070;4.5523,0.0076;4.9059,0.0082;5.2676,0.0084;5.6372,0.0083;6.0144,0.0074;6.3986,0.0056;6.7885,0.0026;7.1824,-0.0016;7.5786,-0.0073;7.9760,-0.0143;8.3740,-0.0228;8.7722,-0.0326;9.1702,-0.0436;9.5680,-0.0557;9.9653,-0.0689;10.3616,-0.0830;10.7562,-0.0979;11.1477,-0.1135;11.5349,-0.1297;11.9174,-0.1462;12.2957,-0.1632;12.6709,-0.1805;13.0442,-0.1982;13.4157,-0.2162;13.7848,-0.2345;14.1505,-0.2528;14.5124,-0.2712;14.8707,-0.2895;15.2268,-0.3078;15.5820,-0.3261;15.9374,-0.3443;16.2931,-0.3625;16.6489,-0.3805;17.0042,-0.3983;17.3580,-0.4156;17.7098,-0.4322;18.0594,-0.4479;18.4069,-0.4625;18.7528,-0.4758;19.0973,-0.4874;19.4405,-0.4970;19.7821,-0.5039;20.1221,-0.5077;20.4601,-0.5077;20.7963,-0.5034;21.1303,-0.4941;21.4618,-0.4794;21.7904,-0.4587;22.1157,-0.4317","0.2220,-0.0019;0.4568,-0.0016;0.6902,0.0004;0.9226,0.0022;1.1555,0.0033;1.3909,0.0057;1.6298,0.0059;1.8657,0.0024;2.0970,0.0019;2.3255,0.0048;2.5533,0.0096;2.7844,0.0110;3.0203,0.0120;3.2601,0.0115;3.5014,0.0101;3.7443,0.0084;3.9902,0.0065;4.2420,0.0040;4.5031,0.0030;4.7755,0.0017;5.0600,-0.0016;5.3548,-0.0066;5.6564,-0.0127;5.9617,-0.0195;6.2718,-0.0234;6.5933,-0.0276;6.9297,-0.0352;7.2777,-0.0451;7.6331,-0.0544;7.9964,-0.0643;8.3672,-0.0748;8.7477,-0.0862;9.1363,-0.1013;9.5325,-0.1161;9.9363,-0.1304;10.3472,-0.1477;10.7658,-0.1635;11.1918,-0.1826;11.6250,-0.2029;12.0649,-0.2232;12.5082,-0.2468;12.9596,-0.2719;13.4110,-0.2971;13.8686,-0.3227;14.3284,-0.3484;14.7891,-0.3732;15.2507,-0.3972;15.7128,-0.4207;16.1761,-0.4433;16.6393,-0.4656;17.1017,-0.4854;17.5642,-0.5053;18.0186,-0.5211;18.4725,-0.5366;18.9214,-0.5467;19.3675,-0.5539;19.8105,-0.5583;20.2474,-0.5573;20.6838,-0.5558;21.1088,-0.5390;21.5337,-0.5221;21.9500,-0.4913;22.3613,-0.4524;22.7694,-0.4096"
e0772c6e-1524-494f-b16f-84ca1a700a7b,17100000,0,0,0.0,SKIPPED,,,,4580,10,12.1,Slow down due to lane narrowing from construction barriers ahead,2.4936,6.5244,"0.2275,-0.0000;0.4591,-0.0002;0.6938,-0.0004;0.9307,-0.0008;1.1691,-0.0013;1.4093,-0.0020;1.6516,-0.0029;1.8968,-0.0039;2.1460,-0.0052;2.4003,-0.0066;2.6604,-0.0083;2.9266,-0.0101;3.1981,-0.0122;3.4740,-0.0143;3.7539,-0.0167;4.0373,-0.0193;4.3243,-0.0221;4.6146,-0.0252;4.9081,-0.0286;5.2047,-0.0324;5.5043,-0.0366;5.8063,-0.0412;6.1097,-0.0463;6.4130,-0.0518;6.7154,-0.0579;7.0169,-0.0646;7.3182,-0.0718;7.6196,-0.0797;7.9208,-0.0882;8.2211,-0.0973;8.5198,-0.1072;8.8169,-0.1176;9.1128,-0.1287;9.4080,-0.1404;9.7028,-0.1528;9.9970,-0.1657;10.2895,-0.1792;10.5796,-0.1929;10.8666,-0.2070;11.1508,-0.2212;11.4325,-0.2356;11.7122,-0.2501;11.9903,-0.2646;12.2669,-0.2793;12.5418,-0.2940;12.8150,-0.3087;13.0863,-0.3235;13.3557,-0.3382;13.6235,-0.3529;13.8899,-0.3675;14.1549,-0.3821;14.4185,-0.3965;14.6805,-0.4109;14.9408,-0.4250;15.1995,-0.4388;15.4565,-0.4524;15.7117,-0.4655;15.9650,-0.4782;16.2161,-0.4902;16.4650,-0.5016;16.7119,-0.5122;16.9566,-0.5218;17.1992,-0.5304;17.4397,-0.5379","0.2141,0.0033;0.4452,0.0035;0.6811,0.0032;0.9209,0.0015;1.1622,-0.0012;1.4051,-0.0042;1.6510,-0.0074;1.9028,-0.0113;2.1639,-0.0137;2.4363,-0.0164;2.7207,-0.0212;3.0155,-0.0278;3.3170,-0.0355;3.6223,-0.0440;3.9324,-0.0495;4.2538,-0.0554;4.5902,-0.0648;4.9382,-0.0766;5.2935,-0.0877;5.6568,-0.0996;6.0274,-0.1120;6.4079,-0.1255;6.7964,-0.1427;7.1925,-0.1595;7.5962,-0.1760;8.0070,-0.1956;8.4256,-0.2135;8.8514,-0.2349;9.2845,-0.2576;9.7243,-0.2802;10.1675,-0.3061;10.6188,-0.3337;11.0700,-0.3613;11.5275,-0.3894;11.9871,-0.4175;12.4477,-0.4448;12.9091,-0.4712;13.3711,-0.4972;13.8343,-0.5223;14.2973,-0.5470;14.7597,-0.5693;15.2220,-0.5916;15.6763,-0.6099;16.1301,-0.6278;16.5790,-0.6403;17.0250,-0.6499;17.4680,-0.6566;17.9049,-0.6580;18.3413,-0.6588;18.7664,-0.6442;19.1914,-0.6297;19.6078,-0.6010;20.0193,-0.5644;20.4277,-0.5238;20.8159,-0.4588;21.2042,-0.3939;21.5779,-0.3118;21.9393,-0.2151;22.3007,-0.1185;22.6339,0.0073;22.9617,0.1386;23.2895,0.2700;23.5785,0.4319;23.8649,0.5959"
e0772c6e-1524-494f-b16f-84ca1a700a7b,18100000,0,0,0.0,SKIPPED,,,,4580,10,11.978,Slow down due to barricades narrowing the lane ahead,1.3758,2.5864,"0.2807,-0.0002;0.5652,-0.0008;0.8552,-0.0019;1.1519,-0.0034;1.4561,-0.0055;1.7679,-0.0082;2.0863,-0.0115;2.4100,-0.0154;2.7384,-0.0200;3.0712,-0.0252;3.4088,-0.0310;3.7515,-0.0374;4.0992,-0.0444;4.4515,-0.0519;4.8077,-0.0600;5.1675,-0.0684;5.5308,-0.0773;5.8981,-0.0865;6.2694,-0.0961;6.6441,-0.1059;7.0209,-0.1159;7.3986,-0.1261;7.7771,-0.1364;8.1569,-0.1467;8.5391,-0.1571;8.9242,-0.1676;9.3118,-0.1780;9.7007,-0.1883;10.0889,-0.1983;10.4747,-0.2078;10.8570,-0.2168;11.2361,-0.2249;11.6132,-0.2319;11.9894,-0.2373;12.3647,-0.2406;12.7379,-0.2411;13.1069,-0.2381;13.4702,-0.2309;13.8270,-0.2189;14.1775,-0.2016;14.5221,-0.1787;14.8616,-0.1499;15.1963,-0.1148;15.5259,-0.0735;15.8500,-0.0260;16.1692,0.0279;16.4848,0.0883;16.7984,0.1558;17.1113,0.2308;17.4235,0.3135;17.7345,0.4041;18.0436,0.5027;18.3501,0.6095;18.6536,0.7244;18.9535,0.8477;19.2487,0.9790;19.5379,1.1179;19.8198,1.2638;20.0938,1.4160;20.3593,1.5740;20.6161,1.7370;20.8635,1.9039;21.1007,2.0735;21.3271,2.2443","0.2674,-0.0004;0.5622,-0.0022;0.8638,-0.0052;1.1692,-0.0089;1.4794,-0.0095;1.8009,-0.0104;2.1374,-0.0145;2.4854,-0.0208;2.8409,-0.0263;3.2043,-0.0325;3.5751,-0.0391;3.9557,-0.0465;4.3445,-0.0576;4.7408,-0.0682;5.1448,-0.0784;5.5558,-0.0914;5.9746,-0.1028;6.4007,-0.1175;6.8341,-0.1333;7.2742,-0.1490;7.7177,-0.1679;8.1694,-0.1884;8.6210,-0.2089;9.0789,-0.2297;9.5389,-0.2507;9.9998,-0.2706;10.4616,-0.2898;10.9240,-0.3085;11.3875,-0.3263;11.8509,-0.3437;12.3135,-0.3588;12.7761,-0.3738;13.2307,-0.3849;13.6847,-0.3957;14.1337,-0.4012;14.5798,-0.4036;15.0228,-0.4034;15.4597,-0.3979;15.8961,-0.3918;16.3209,-0.3706;16.7456,-0.3493;17.1615,-0.3141;17.5724,-0.2710;17.9801,-0.2240;18.3672,-0.1529;18.7544,-0.0819;19.1268,0.0061;19.4866,0.1084;19.8464,0.2108;20.1776,0.3418;20.5034,0.4782;20.8291,0.6147;21.1154,0.7812;21.3992,0.9497;21.6830,1.1182;21.9187,1.3049;22.1452,1.4952;22.3716,1.6854"
e0772c6e-1524-494f-b16f-84ca1a700a7b,19100000,0,0,0.0,SKIPPED,,,,4580,13,13.055,Nudge left to avoid the construction barriers intruding into the lane,0.5123,0.2475,"0.3718,-0.0002;0.7545,-0.0010;1.1467,-0.0023;1.5469,-0.0043;1.9533,-0.0069;2.3640,-0.0103;2.7775,-0.0143;3.1928,-0.0191;3.6093,-0.0245;4.0265,-0.0307;4.4438,-0.0374;4.8605,-0.0447;5.2761,-0.0525;5.6906,-0.0606;6.1040,-0.0689;6.5164,-0.0773;6.9275,-0.0855;7.3368,-0.0932;7.7440,-0.1001;8.1492,-0.1058;8.5526,-0.1098;8.9548,-0.1117;9.3561,-0.1109;9.7565,-0.1070;10.1561,-0.0994;10.5548,-0.0877;10.9532,-0.0713;11.3516,-0.0497;11.7509,-0.0223;12.1513,0.0113;12.5528,0.0516;12.9548,0.0990;13.3564,0.1540;13.7565,0.2168;14.1543,0.2879;14.5491,0.3677;14.9405,0.4568;15.3281,0.5556;15.7116,0.6647;16.0906,0.7845;16.4645,0.9155;16.8326,1.0578;17.1937,1.2112;17.5473,1.3755;17.8930,1.5504;18.2309,1.7357;18.5614,1.9311;18.8847,2.1361;19.2010,2.3502;19.5105,2.5722;19.8134,2.8012;20.1100,3.0360;20.4009,3.2753;20.6865,3.5178;20.9675,3.7625;21.2445,4.0082;21.5182,4.2542;21.7890,4.4998;22.0573,4.7445;22.3231,4.9876;22.5864,5.2287;22.8472,5.4672;23.1052,5.7026;23.3601,5.9344","0.3484,-0.0003;0.7291,-0.0014;1.1179,-0.0058;1.5144,-0.0098;1.9185,-0.0131;2.3296,-0.0192;2.7485,-0.0236;3.1749,-0.0310;3.6085,-0.0396;4.0487,-0.0478;4.4926,-0.0593;4.9445,-0.0722;5.3964,-0.0851;5.8546,-0.0981;6.3148,-0.1113;6.7761,-0.1235;7.2381,-0.1349;7.7007,-0.1458;8.1645,-0.1558;8.6281,-0.1654;9.0909,-0.1726;9.5537,-0.1799;10.0084,-0.1833;10.4625,-0.1864;10.9116,-0.1843;11.3577,-0.1793;11.8006,-0.1716;12.2373,-0.1588;12.6736,-0.1453;13.0979,-0.1169;13.5222,-0.0885;13.9375,-0.0463;14.3476,0.0038;14.7544,0.0577;15.1403,0.1352;15.5262,0.2128;15.8971,0.3070;16.2551,0.4154;16.6132,0.5238;16.9421,0.6604;17.2655,0.8023;17.5888,0.9443;17.8723,1.1156;18.1533,1.2888;18.4342,1.4620;18.6667,1.6527;18.8899,1.8468;19.1131,2.0409"
594d2c54-ca9a-4bda-be8e-532b2fc359fb,5100000,0,0,0.0,SKIPPED,,,,4580,6,11.102,Stop because of red traffic light,1.4334,4.0428,"0.9524,-0.0001;1.8934,-0.0002;2.8229,-0.0005;3.7405,-0.0008;4.6461,-0.0012;5.5392,-0.0016;6.4194,-0.0022;7.2866,-0.0027;8.1402,-0.0034;8.9799,-0.0040;9.8052,-0.0046;10.6151,-0.0051;11.4089,-0.0055;12.1857,-0.0058;12.9449,-0.0059;13.6864,-0.0058;14.4099,-0.0056;15.1151,-0.0051;15.8014,-0.0044;16.4679,-0.0035;17.1136,-0.0024;17.7374,-0.0011;18.3389,0.0004;18.9179,0.0020;19.4743,0.0036;20.0084,0.0053;20.5212,0.0069;21.0141,0.0083;21.4889,0.0094;21.9475,0.0100;22.3911,0.0102;22.8203,0.0098;23.2347,0.0088;23.6335,0.0073;24.0158,0.0053;24.3806,0.0030;24.7274,0.0003;25.0560,-0.0026;25.3665,-0.0057;25.6591,-0.0088;25.9339,-0.0120;26.1909,-0.0151;26.4300,-0.0180;26.6511,-0.0209;26.8541,-0.0236;27.0391,-0.0260;27.2061,-0.0283;27.3552,-0.0304;27.4867,-0.0322;27.6008,-0.0338;27.6987,-0.0351;27.7816,-0.0363;27.8514,-0.0372;27.9095,-0.0380;27.9572,-0.0387;27.9953,-0.0392;28.0244,-0.0396;28.0454,-0.0399;28.0597,-0.0401;28.0690,-0.0403;28.0750,-0.0404;28.0791,-0.0404;28.0816,-0.0404;28.0820,-0.0405","0.9046,-0.0010;1.8464,-0.0019;2.7775,-0.0028;3.6973,-0.0035;4.6034,-0.0045;5.4964,-0.0054;6.3772,-0.0060;7.2459,-0.0065;8.1028,-0.0067;8.9472,-0.0065;9.7790,-0.0060;10.5966,-0.0053;11.4007,-0.0044;12.1903,-0.0034;12.9653,-0.0018;13.7250,0.0003;14.4683,0.0031;15.1967,0.0055;15.9144,0.0083;16.6233,0.0116;17.3212,0.0151;18.0064,0.0191;18.6777,0.0234;19.3351,0.0274;19.9766,0.0317;20.6030,0.0359;21.2133,0.0394;21.8071,0.0428;22.3842,0.0462;22.9449,0.0496;23.4884,0.0524;24.0130,0.0548;24.5173,0.0579;25.0016,0.0600;25.4651,0.0624;25.9072,0.0654;26.3277,0.0672;26.7297,0.0691;27.1135,0.0710;27.4784,0.0725;27.8243,0.0734;28.1519,0.0752;28.4618,0.0763;28.7560,0.0777;29.0362,0.0779;29.3029,0.0795;29.5563,0.0796;29.7966,0.0810;30.0246,0.0817;30.2399,0.0821;30.4429,0.0830;30.6336,0.0834;30.8120,0.0842;30.9780,0.0849;31.1317,0.0856;31.2730,0.0863;31.4038,0.0870;31.5265,0.0877;31.6415,0.0882;31.7498,0.0888;31.8515,0.0893;31.9473,0.0898;32.0372,0.0903;32.1227,0.0907"
594d2c54-ca9a-4bda-be8e-532b2fc359fb,6100000,0,0,0.0,SKIPPED,,,,4580,9,11.766,Stop due to red traffic light at the intersection,0.5329,1.4055,"0.8297,0.0002;1.6418,0.0006;2.4358,0.0013;3.2116,0.0022;3.9697,0.0033;4.7109,0.0046;5.4368,0.0058;6.1489,0.0070;6.8486,0.0083;7.5366,0.0095;8.2128,0.0107;8.8772,0.0118;9.5289,0.0129;10.1670,0.0139;10.7901,0.0148;11.3969,0.0156;11.9867,0.0163;12.5593,0.0169;13.1147,0.0174;13.6528,0.0178;14.1733,0.0180;14.6757,0.0181;15.1596,0.0181;15.6250,0.0180;16.0720,0.0177;16.5009,0.0172;16.9118,0.0167;17.3046,0.0161;17.6793,0.0153;18.0361,0.0145;18.3758,0.0136;18.6992,0.0127;19.0071,0.0117;19.2999,0.0107;19.5775,0.0097;19.8398,0.0088;20.0865,0.0078;20.3176,0.0069;20.5328,0.0061;20.7326,0.0053;20.9173,0.0045;21.0875,0.0038;21.2436,0.0031;21.3862,0.0025;21.5155,0.0019;21.6317,0.0014;21.7350,0.0009;21.8256,0.0004;21.9038,0.0000;21.9700,-0.0003;22.0251,-0.0006;22.0702,-0.0009;22.1067,-0.0011;22.1361,-0.0012;22.1602,-0.0014;22.1810,-0.0015;22.2003,-0.0016;22.2190,-0.0017;22.2374,-0.0018;22.2550,-0.0020;22.2717,-0.0021;22.2876,-0.0022;22.3029,-0.0023;22.3179,-0.0023","0.7903,-0.0004;1.6079,-0.0006;2.4121,-0.0006;3.2017,-0.0004;3.9767,0.0003;4.7363,0.0016;5.4797,0.0035;6.2081,0.0051;6.9258,0.0072;7.6347,0.0096;8.3326,0.0124;9.0178,0.0156;9.6891,0.0192;10.3465,0.0225;10.9880,0.0261;11.6144,0.0296;12.2248,0.0324;12.8186,0.0352;13.3956,0.0379;13.9563,0.0407;14.4998,0.0429;15.0244,0.0447;15.5287,0.0473;16.0131,0.0488;16.4765,0.0507;16.9186,0.0532;17.3391,0.0546;17.7412,0.0560;18.1250,0.0575;18.4898,0.0586;18.8358,0.0591;19.1634,0.0606;19.4733,0.0613;19.7674,0.0624;20.0476,0.0623;20.3144,0.0636;20.5678,0.0634;20.8081,0.0646;21.0360,0.0650;21.2514,0.0652;21.4543,0.0658;21.6450,0.0660;21.8234,0.0666;21.9895,0.0671;22.1432,0.0677;22.2844,0.0683;22.4152,0.0688;22.5380,0.0693;22.6530,0.0697;22.7612,0.0702;22.8630,0.0706;22.9587,0.0710;23.0486,0.0714;23.1341,0.0717;23.2148,0.0721;23.2888,0.0723;23.3574,0.0726;23.4219,0.0728;23.4821,0.0731;23.5380,0.0733;23.5897,0.0735;23.6374,0.0737;23.6813,0.0739;23.7213,0.0740"
594d2c54-ca9a-4bda-be8e-532b2fc359fb,7100000,0,0,0.0,SKIPPED,,,,4580,6,10.875,Stop because of red traffic light,0.916,0.9662,"0.7001,0.0001;1.3893,0.0004;2.0677,0.0008;2.7347,0.0011;3.3895,0.0014;4.0310,0.0015;4.6580,0.0014;5.2701,0.0010;5.8671,0.0003;6.4497,-0.0006;7.0182,-0.0018;7.5729,-0.0032;8.1141,-0.0050;8.6415,-0.0069;9.1546,-0.0090;9.6524,-0.0114;10.1338,-0.0139;10.5978,-0.0165;11.0441,-0.0194;11.4726,-0.0224;11.8838,-0.0255;12.2782,-0.0288;12.6559,-0.0322;13.0173,-0.0357;13.3622,-0.0393;13.6908,-0.0429;14.0031,-0.0466;14.2993,-0.0503;14.5797,-0.0540;14.8443,-0.0576;15.0931,-0.0612;15.3262,-0.0647;15.5434,-0.0681;15.7447,-0.0713;15.9300,-0.0744;16.0998,-0.0773;16.2544,-0.0800;16.3942,-0.0825;16.5195,-0.0848;16.6305,-0.0869;16.7275,-0.0887;16.8108,-0.0902;16.8810,-0.0915;16.9390,-0.0926;16.9865,-0.0935;17.0256,-0.0943;17.0586,-0.0949;17.0874,-0.0955;17.1129,-0.0960;17.1351,-0.0964;17.1536,-0.0967;17.1685,-0.0970;17.1804,-0.0972;17.1907,-0.0974;17.2004,-0.0976;17.2101,-0.0978;17.2196,-0.0980;17.2290,-0.0982;17.2384,-0.0983;17.2477,-0.0985;17.2572,-0.0987;17.2668,-0.0989;17.2764,-0.0991;17.2859,-0.0992","0.6631,-0.0005;1.3484,-0.0006;2.0196,-0.0001;2.6770,0.0000;3.3186,0.0006;3.9450,0.0011;4.5553,0.0011;5.1492,0.0011;5.7262,0.0011;6.2869,0.0012;6.8304,0.0009;7.3551,0.0002;7.8594,0.0004;8.3437,-0.0004;8.8072,-0.0007;9.2493,-0.0003;9.6697,-0.0008;10.0718,-0.0013;10.4556,-0.0017;10.8205,-0.0022;11.1664,-0.0034;11.4940,-0.0035;11.8040,-0.0042;12.0981,-0.0045;12.3783,-0.0059;12.6450,-0.0059;12.8984,-0.0073;13.1387,-0.0072;13.3667,-0.0079;13.5820,-0.0087;13.7850,-0.0091;13.9757,-0.0098;14.1541,-0.0100;14.3201,-0.0103;14.4738,-0.0104;14.6151,-0.0105;14.7459,-0.0106;14.8686,-0.0107;14.9836,-0.0108;15.0919,-0.0109;15.1936,-0.0109;15.2894,-0.0110;15.3793,-0.0110;15.4648,-0.0111;15.5455,-0.0111;15.6194,-0.0112;15.6881,-0.0113;15.7525,-0.0113;15.8128,-0.0114;15.8687,-0.0114;15.9204,-0.0114;15.9681,-0.0115;16.0120,-0.0115;16.0520,-0.0116;16.0886,-0.0116;16.1222,-0.0117;16.1537,-0.0117;16.1832,-0.0117;16.2107,-0.0117;16.2366,-0.0118;16.2608,-0.0118;16.2835,-0.0118;16.3046,-0.0118;16.3237,-0.0118"
594d2c54-ca9a-4bda-be8e-532b2fc359fb,8100000,0,0,0.0,SKIPPED,,,,4580,6,10.917,Stop because of red traffic light,0.1923,0.3745,"0.5424,-0.0001;1.0642,-0.0005;1.5655,-0.0011;2.0461,-0.0021;2.5070,-0.0034;2.9489,-0.0050;3.3730,-0.0070;3.7798,-0.0094;4.1697,-0.0121;4.5426,-0.0151;4.8987,-0.0184;5.2382,-0.0218;5.5618,-0.0254;5.8704,-0.0291;6.1648,-0.0328;6.4459,-0.0365;6.7140,-0.0403;6.9694,-0.0439;7.2119,-0.0476;7.4415,-0.0511;7.6579,-0.0545;7.8611,-0.0578;8.0511,-0.0610;8.2278,-0.0640;8.3913,-0.0668;8.5418,-0.0695;8.6794,-0.0719;8.8044,-0.0742;8.9170,-0.0762;9.0176,-0.0781;9.1062,-0.0797;9.1836,-0.0812;9.2505,-0.0824;9.3085,-0.0835;9.3591,-0.0845;9.4036,-0.0853;9.4428,-0.0861;9.4772,-0.0867;9.5071,-0.0873;9.5328,-0.0878;9.5546,-0.0882;9.5724,-0.0885;9.5865,-0.0888;9.5975,-0.0890;9.6062,-0.0892;9.6138,-0.0893;9.6207,-0.0894;9.6272,-0.0896;9.6330,-0.0897;9.6384,-0.0898;9.6433,-0.0899;9.6480,-0.0900;9.6526,-0.0901;9.6572,-0.0901;9.6617,-0.0902;9.6662,-0.0903;9.6707,-0.0904;9.6752,-0.0905;9.6797,-0.0906;9.6842,-0.0907;9.6888,-0.0907;9.6933,-0.0908;9.6979,-0.0909;9.7026,-0.0910","0.5160,-0.0003;1.0406,-0.0010;1.5449,-0.0009;2.0293,-0.0017;2.4927,-0.0020;2.9348,-0.0016;3.3553,-0.0022;3.7574,-0.0027;4.1412,-0.0031;4.5060,-0.0037;4.8520,-0.0049;5.1796,-0.0050;5.4895,-0.0057;5.7836,-0.0060;6.0639,-0.0074;6.3306,-0.0074;6.5840,-0.0088;6.8243,-0.0088;7.0523,-0.0095;7.2676,-0.0103;7.4706,-0.0107;7.6612,-0.0114;7.8396,-0.0116;8.0057,-0.0119;8.1594,-0.0121;8.3007,-0.0122;8.4315,-0.0123;8.5542,-0.0123;8.6692,-0.0125;8.7775,-0.0125;8.8792,-0.0126;8.9750,-0.0126;9.0649,-0.0127;9.1504,-0.0128;9.2310,-0.0128;9.3050,-0.0129;9.3737,-0.0130;9.4381,-0.0130;9.4984,-0.0131;9.5543,-0.0131;9.6059,-0.0132;9.6536,-0.0132;9.6976,-0.0132;9.7376,-0.0133;9.7741,-0.0133;9.8078,-0.0134;9.8393,-0.0134;9.8688,-0.0134;9.8963,-0.0135;9.9221,-0.0135;9.9463,-0.0135;9.9691,-0.0135;9.9902,-0.0136;10.0093,-0.0136;10.0266,-0.0136;10.0420,-0.0136;10.0554,-0.0136;10.0668,-0.0136;10.0739,-0.0136;10.0766,-0.0136;10.0763,-0.0136;10.0741,-0.0136;10.0714,-0.0136;10.0691,-0.0136"
594d2c54-ca9a-4bda-be8e-532b2fc359fb,9100000,0,0,0.0,SKIPPED,,,,4580,7,10.973,Stop for the red traffic light.,0.962,1.5241,"0.3463,-0.0000;0.6736,-0.0002;0.9822,-0.0003;1.2724,-0.0006;1.5447,-0.0009;1.7995,-0.0012;2.0371,-0.0015;2.2579,-0.0019;2.4625,-0.0023;2.6511,-0.0027;2.8242,-0.0031;2.9822,-0.0034;3.1252,-0.0038;3.2537,-0.0042;3.3680,-0.0045;3.4686,-0.0048;3.5563,-0.0051;3.6318,-0.0053;3.6959,-0.0055;3.7495,-0.0057;3.7939,-0.0058;3.8302,-0.0060;3.8593,-0.0061;3.8821,-0.0061;3.8991,-0.0062;3.9113,-0.0062;3.9200,-0.0063;3.9267,-0.0063;3.9322,-0.0063;3.9367,-0.0063;3.9402,-0.0064;3.9427,-0.0064;3.9449,-0.0064;3.9469,-0.0064;3.9489,-0.0064;3.9511,-0.0064;3.9533,-0.0064;3.9555,-0.0064;3.9577,-0.0064;3.9600,-0.0064;3.9622,-0.0064;3.9645,-0.0064;3.9668,-0.0064;3.9691,-0.0065;3.9715,-0.0065;3.9739,-0.0065;3.9763,-0.0065;3.9787,-0.0065;3.9811,-0.0065;3.9836,-0.0065;3.9860,-0.0065;3.9885,-0.0065;3.9910,-0.0065;3.9936,-0.0065;3.9962,-0.0065;3.9988,-0.0066;4.0015,-0.0066;4.0041,-0.0066;4.0068,-0.0066;4.0095,-0.0066;4.0121,-0.0066;4.0148,-0.0066;4.0175,-0.0066;4.0202,-0.0066","0.3281,-0.0008;0.6557,-0.0005;0.9656,-0.0008;1.2597,-0.0007;1.5400,-0.0019;1.8067,-0.0015;2.0601,-0.0026;2.3004,-0.0023;2.5284,-0.0027;2.7437,-0.0032;2.9467,-0.0034;3.1374,-0.0038;3.3158,-0.0038;3.4818,-0.0039;3.6355,-0.0039;3.7768,-0.0038;3.9076,-0.0038;4.0303,-0.0037;4.1453,-0.0037;4.2536,-0.0036;4.3553,-0.0036;4.4511,-0.0035;4.5410,-0.0035;4.6265,-0.0034;4.7072,-0.0033;4.7811,-0.0033;4.8498,-0.0033;4.9142,-0.0033;4.9745,-0.0033;5.0304,-0.0032;5.0821,-0.0032;5.1298,-0.0032;5.1737,-0.0032;5.2137,-0.0032;5.2502,-0.0032;5.2839,-0.0032;5.3154,-0.0032;5.3449,-0.0032;5.3724,-0.0032;5.3983,-0.0032;5.4225,-0.0032;5.4452,-0.0032;5.4663,-0.0032;5.4854,-0.0031;5.5027,-0.0031;5.5181,-0.0031;5.5316,-0.0031;5.5430,-0.0031;5.5500,-0.0031;5.5527,-0.0031;5.5524,-0.0031;5.5503,-0.0031;5.5475,-0.0031;5.5452,-0.0031;5.5443,-0.0031;5.5443,-0.0031;5.5443,-0.0031;5.5443,-0.0031;5.5443,-0.0031;5.5443,-0.0031;5.5443,-0.0031;5.5443,-0.0031;5.5443,-0.0031;5.5443,-0.0031"
594d2c54-ca9a-4bda-be8e-532b2fc359fb,10100000,0,0,0.0,SKIPPED,,,,4580,12,12.409,Stop at the stop line because the traffic light is red.,0.4535,0.5132,"0.2023,-0.0000;0.3909,-0.0000;0.5658,-0.0000;0.7273,-0.0000;0.8756,-0.0000;1.0111,-0.0000;1.1345,-0.0001;1.2465,-0.0001;1.3480,-0.0001;1.4396,-0.0001;1.5220,-0.0001;1.5958,-0.0001;1.6612,-0.0001;1.7185,-0.0001;1.7681,-0.0001;1.8103,-0.0001;1.8457,-0.0001;1.8750,-0.0001;1.8990,-0.0001;1.9186,-0.0001;1.9343,-0.0002;1.9469,-0.0002;1.9572,-0.0002;1.9662,-0.0002;1.9744,-0.0002;1.9823,-0.0002;1.9900,-0.0002;1.9974,-0.0002;2.0048,-0.0002;2.0122,-0.0002;2.0195,-0.0002;2.0269,-0.0002;2.0343,-0.0002;2.0417,-0.0002;2.0491,-0.0002;2.0566,-0.0002;2.0640,-0.0002;2.0715,-0.0002;2.0791,-0.0002;2.0866,-0.0002;2.0942,-0.0002;2.1018,-0.0002;2.1095,-0.0002;2.1172,-0.0002;2.1249,-0.0002;2.1327,-0.0002;2.1405,-0.0002;2.1483,-0.0002;2.1561,-0.0002;2.1640,-0.0002;2.1720,-0.0002;2.1799,-0.0002;2.1879,-0.0002;2.1959,-0.0002;2.2040,-0.0002;2.2120,-0.0002;2.2201,-0.0002;2.2282,-0.0002;2.2364,-0.0002;2.2445,-0.0002;2.2526,-0.0002;2.2607,-0.0002;2.2688,-0.0002;2.2769,-0.0002","0.1925,-0.0002;0.3832,-0.0006;0.5616,-0.0007;0.7276,-0.0007;0.8813,-0.0008;1.0226,-0.0007;1.1534,-0.0006;1.2761,-0.0006;1.3911,-0.0006;1.4994,-0.0005;1.6011,-0.0005;1.6969,-0.0004;1.7868,-0.0004;1.8723,-0.0003;1.9530,-0.0003;2.0269,-0.0003;2.0956,-0.0003;2.1600,-0.0003;2.2203,-0.0002;2.2762,-0.0002;2.3279,-0.0002;2.3756,-0.0002;2.4195,-0.0002;2.4595,-0.0002;2.4961,-0.0002;2.5297,-0.0002;2.5612,-0.0002;2.5907,-0.0002;2.6182,-0.0002;2.6441,-0.0002;2.6683,-0.0002;2.6910,-0.0002;2.7121,-0.0002;2.7312,-0.0002;2.7485,-0.0001;2.7639,-0.0001;2.7774,-0.0001;2.7888,-0.0001;2.7959,-0.0001;2.7985,-0.0001;2.7982,-0.0001;2.7961,-0.0001;2.7934,-0.0001;2.7910,-0.0001;2.7901,-0.0001;2.7901,-0.0001;2.7901,-0.0001;2.7901,-0.0001;2.7901,-0.0001;2.7901,-0.0001;2.7901,-0.0001;2.7901,-0.0001;2.7901,-0.0001;2.7901,-0.0001;2.7901,-0.0001;2.7901,-0.0001;2.7901,-0.0001;2.7901,-0.0001;2.7901,-0.0001;2.7901,-0.0001;2.7901,-0.0001;2.7901,-0.0001;2.7901,-0.0001;2.7901,-0.0001"
594d2c54-ca9a-4bda-be8e-532b2fc359fb,11100000,0,0,0.0,SKIPPED,,,,4580,6,10.511,Stop because of red traffic light,0.0947,0.2602,"0.1026,0.0000;0.2002,0.0000;0.2930,0.0000;0.3814,0.0000;0.4654,0.0000;0.5451,0.0001;0.6209,0.0001;0.6928,0.0001;0.7610,0.0001;0.8256,0.0002;0.8866,0.0002;0.9438,0.0002;0.9970,0.0002;1.0461,0.0003;1.0909,0.0003;1.1315,0.0003;1.1678,0.0003;1.1998,0.0004;1.2276,0.0004;1.2514,0.0004;1.2713,0.0004;1.2873,0.0004;1.2996,0.0004;1.3082,0.0004;1.3134,0.0004;1.3157,0.0004;1.3156,0.0004;1.3137,0.0004;1.3104,0.0004;1.3059,0.0004;1.3004,0.0004;1.2937,0.0004;1.2859,0.0004;1.2774,0.0004;1.2685,0.0004;1.2596,0.0004;1.2507,0.0004;1.2420,0.0004;1.2332,0.0004;1.2246,0.0004;1.2160,0.0004;1.2074,0.0004;1.1989,0.0004;1.1904,0.0003;1.1819,0.0003;1.1734,0.0003;1.1650,0.0003;1.1566,0.0003;1.1482,0.0003;1.1399,0.0003;1.1315,0.0003;1.1232,0.0003;1.1150,0.0003;1.1067,0.0003;1.0985,0.0003;1.0902,0.0003;1.0820,0.0003;1.0739,0.0003;1.0657,0.0003;1.0576,0.0003;1.0494,0.0003;1.0413,0.0003;1.0332,0.0003;1.0252,0.0002","0.0964,0.0000;0.1922,0.0000;0.2821,-0.0000;0.3676,-0.0000;0.4483,-0.0000;0.5222,-0.0001;0.5909,-0.0001;0.6553,-0.0001;0.7156,-0.0001;0.7715,-0.0001;0.8232,-0.0002;0.8709,-0.0002;0.9148,-0.0002;0.9548,-0.0002;0.9914,-0.0003;1.0250,-0.0003;1.0565,-0.0003;1.0860,-0.0003;1.1135,-0.0003;1.1394,-0.0003;1.1636,-0.0003;1.1863,-0.0003;1.2074,-0.0003;1.2265,-0.0003;1.2438,-0.0003;1.2592,-0.0003;1.2727,-0.0003;1.2841,-0.0003;1.2912,-0.0003;1.2938,-0.0003;1.2935,-0.0003;1.2914,-0.0004;1.2887,-0.0003;1.2863,-0.0003;1.2854,-0.0004;1.2854,-0.0004;1.2854,-0.0004;1.2854,-0.0004;1.2854,-0.0004;1.2854,-0.0004;1.2854,-0.0004;1.2854,-0.0004;1.2854,-0.0004;1.2854,-0.0004;1.2854,-0.0004;1.2854,-0.0004;1.2854,-0.0004;1.2854,-0.0004;1.2854,-0.0004;1.2854,-0.0004;1.2854,-0.0004;1.2854,-0.0004;1.2854,-0.0004;1.2854,-0.0004;1.2854,-0.0004;1.2854,-0.0004;1.2854,-0.0004;1.2854,-0.0004;1.2854,-0.0004;1.2854,-0.0004;1.2854,-0.0004;1.2854,-0.0004;1.2854,-0.0004;1.2854,-0.0004"
594d2c54-ca9a-4bda-be8e-532b2fc359fb,12100000,0,0,0.0,SKIPPED,,,,4580,6,10.628,Stop because of red traffic light,0.0885,0.233,"0.0514,0.0000;0.0979,0.0000;0.1397,0.0000;0.1770,0.0000;0.2096,0.0000;0.2373,0.0000;0.2601,0.0000;0.2782,0.0000;0.2925,0.0000;0.3044,0.0000;0.3151,0.0000;0.3249,0.0000;0.3338,0.0000;0.3419,0.0000;0.3495,0.0000;0.3571,0.0000;0.3648,0.0000;0.3726,0.0000;0.3805,0.0000;0.3885,0.0000;0.3966,0.0000;0.4047,0.0000;0.4129,0.0000;0.4210,0.0000;0.4291,0.0000;0.4371,0.0000;0.4451,0.0000;0.4531,0.0000;0.4610,0.0000;0.4688,0.0000;0.4767,0.0000;0.4845,0.0000;0.4923,0.0000;0.5002,0.0000;0.5080,0.0000;0.5159,0.0000;0.5238,0.0000;0.5317,0.0000;0.5397,0.0000;0.5477,0.0000;0.5557,0.0000;0.5637,0.0000;0.5718,0.0000;0.5798,0.0000;0.5879,0.0000;0.5960,0.0000;0.6041,0.0000;0.6122,0.0000;0.6203,0.0000;0.6284,0.0000;0.6366,0.0000;0.6448,0.0000;0.6531,0.0000;0.6613,0.0000;0.6695,0.0000;0.6778,0.0000;0.6860,0.0000;0.6943,0.0000;0.7026,0.0000;0.7109,0.0000;0.7192,0.0000;0.7276,0.0000;0.7359,0.0000;0.7443,0.0000","0.0490,-0.0000;0.0967,-0.0000;0.1406,-0.0000;0.1806,-0.0001;0.2172,-0.0001;0.2508,-0.0001;0.2823,-0.0001;0.3118,-0.0001;0.3393,-0.0001;0.3652,-0.0001;0.3894,-0.0002;0.4121,-0.0002;0.4332,-0.0002;0.4523,-0.0002;0.4696,-0.0002;0.4850,-0.0002;0.4985,-0.0002;0.5099,-0.0001;0.5170,-0.0002;0.5196,-0.0002;0.5194,-0.0002;0.5172,-0.0002;0.5145,-0.0002;0.5121,-0.0002;0.5113,-0.0002;0.5113,-0.0002;0.5113,-0.0002;0.5113,-0.0002;0.5113,-0.0002;0.5113,-0.0002;0.5113,-0.0002;0.5113,-0.0002;0.5113,-0.0002;0.5113,-0.0002;0.5113,-0.0002;0.5113,-0.0002;0.5113,-0.0002;0.5113,-0.0002;0.5113,-0.0002;0.5113,-0.0002;0.5113,-0.0002;0.5113,-0.0002;0.5113,-0.0002;0.5113,-0.0002;0.5113,-0.0002;0.5113,-0.0002;0.5113,-0.0002;0.5113,-0.0002;0.5113,-0.0002;0.5113,-0.0002;0.5113,-0.0002;0.5113,-0.0002;0.5113,-0.0002;0.5113,-0.0002;0.5113,-0.0002;0.5113,-0.0002;0.5113,-0.0002;0.5113,-0.0002;0.5113,-0.0002;0.5113,-0.0002;0.5113,-0.0002;0.5113,-0.0002;0.5113,-0.0002;0.5113,-0.0002"
594d2c54-ca9a-4bda-be8e-532b2fc359fb,13100000,0,0,0.0,SKIPPED,,,,4580,7,10.951,Stop due to red traffic light.,0.1006,0.1744,"0.0241,-0.0000;0.0459,-0.0000;0.0652,-0.0000;0.0809,-0.0000;0.0924,-0.0000;0.0993,-0.0000;0.1021,-0.0000;0.1021,-0.0000;0.1009,-0.0000;0.0992,-0.0000;0.0974,-0.0000;0.0954,-0.0000;0.0929,-0.0000;0.0902,-0.0000;0.0874,-0.0000;0.0846,-0.0000;0.0817,-0.0000;0.0788,-0.0000;0.0760,-0.0000;0.0732,-0.0000;0.0704,-0.0000;0.0677,-0.0000;0.0649,-0.0000;0.0622,-0.0000;0.0595,-0.0000;0.0568,-0.0000;0.0541,-0.0000;0.0514,-0.0000;0.0487,-0.0000;0.0461,0.0000;0.0434,0.0000;0.0409,0.0000;0.0383,0.0000;0.0358,0.0000;0.0332,0.0000;0.0308,0.0000;0.0283,0.0000;0.0259,0.0000;0.0235,0.0000;0.0212,0.0000;0.0188,0.0000;0.0165,0.0000;0.0142,0.0000;0.0119,0.0000;0.0097,0.0000;0.0075,0.0000;0.0053,0.0000;0.0031,0.0000;0.0009,0.0000;-0.0012,0.0000;-0.0034,0.0000;-0.0055,0.0000;-0.0076,0.0000;-0.0097,0.0000;-0.0118,0.0000;-0.0138,0.0000;-0.0159,0.0000;-0.0179,0.0000;-0.0200,0.0000;-0.0220,0.0000;-0.0239,0.0000;-0.0259,0.0000;-0.0278,0.0000;-0.0296,0.0000","0.0230,-0.0000;0.0457,-0.0000;0.0668,-0.0000;0.0859,-0.0000;0.1032,-0.0000;0.1186,0.0000;0.1321,0.0000;0.1434,0.0000;0.1505,0.0000;0.1532,0.0000;0.1529,0.0000;0.1508,-0.0000;0.1480,0.0000;0.1457,-0.0000;0.1448,-0.0000;0.1448,-0.0000;0.1448,-0.0000;0.1448,-0.0000;0.1448,-0.0000;0.1448,-0.0000;0.1448,-0.0000;0.1448,-0.0000;0.1448,-0.0000;0.1448,-0.0000;0.1448,-0.0000;0.1448,-0.0000;0.1448,-0.0000;0.1448,-0.0000;0.1448,-0.0000;0.1448,-0.0000;0.1448,-0.0000;0.1448,-0.0000;0.1448,-0.0000;0.1448,-0.0000;0.1448,-0.0000;0.1448,-0.0000;0.1448,-0.0000;0.1448,-0.0000;0.1448,-0.0000;0.1448,-0.0000;0.1448,-0.0000;0.1448,-0.0000;0.1448,-0.0000;0.1448,-0.0000;0.1448,-0.0000;0.1448,-0.0000;0.1448,-0.0000;0.1448,-0.0000;0.1448,-0.0000;0.1448,-0.0000;0.1448,-0.0000;0.1448,-0.0000;0.1448,-0.0000;0.1448,-0.0000;0.1448,-0.0000;0.1448,-0.0000;0.1448,-0.0000;0.1448,-0.0000;0.1448,-0.0000;0.1448,-0.0000;0.1448,-0.0000;0.1448,-0.0000;0.1448,-0.0000;0.1448,-0.0000"
594d2c54-ca9a-4bda-be8e-532b2fc359fb,14100000,0,0,0.0,SKIPPED,,,,4580,7,10.598,Stop due to red traffic light.,0.0617,0.1291,"-0.0010,0.0000;-0.0036,0.0000;-0.0069,0.0000;-0.0104,0.0000;-0.0140,0.0000;-0.0173,0.0000;-0.0206,-0.0000;-0.0236,-0.0000;-0.0265,-0.0000;-0.0294,-0.0000;-0.0322,-0.0000;-0.0350,-0.0000;-0.0377,-0.0000;-0.0404,-0.0000;-0.0431,-0.0000;-0.0456,-0.0000;-0.0481,-0.0000;-0.0504,-0.0000;-0.0527,-0.0000;-0.0548,-0.0000;-0.0568,-0.0000;-0.0588,-0.0000;-0.0605,-0.0000;-0.0622,-0.0000;-0.0637,-0.0000;-0.0649,-0.0000;-0.0659,-0.0000;-0.0667,-0.0000;-0.0673,-0.0000;-0.0678,-0.0000;-0.0682,-0.0000;-0.0687,-0.0000;-0.0693,-0.0000;-0.0701,-0.0000;-0.0712,-0.0000;-0.0728,-0.0000;-0.0748,-0.0000;-0.0772,-0.0000;-0.0797,-0.0000;-0.0823,-0.0000;-0.0849,-0.0000;-0.0876,-0.0000;-0.0904,-0.0000;-0.0932,-0.0000;-0.0961,-0.0000;-0.0990,-0.0000;-0.1019,-0.0000;-0.1047,-0.0000;-0.1075,-0.0000;-0.1103,-0.0000;-0.1131,-0.0000;-0.1158,-0.0000;-0.1186,-0.0000;-0.1213,-0.0000;-0.1240,-0.0000;-0.1267,-0.0000;-0.1294,-0.0000;-0.1321,-0.0000;-0.1348,-0.0000;-0.1375,-0.0000;-0.1401,-0.0000;-0.1427,-0.0000;-0.1453,-0.0000;-0.1477,-0.0000","-0.0003,-0.0000;-0.0025,-0.0000;-0.0052,-0.0000;-0.0076,-0.0000;-0.0084,-0.0000;-0.0084,-0.0000;-0.0084,-0.0000;-0.0084,-0.0000;-0.0084,-0.0000;-0.0084,-0.0000;-0.0084,-0.0000;-0.0084,-0.0000;-0.0084,-0.0000;-0.0084,-0.0000;-0.0084,-0.0000;-0.0084,-0.0000;-0.0084,-0.0000;-0.0084,-0.0000;-0.0084,-0.0000;-0.0084,-0.0000;-0.0084,-0.0000;-0.0084,-0.0000;-0.0084,-0.0000;-0.0084,-0.0000;-0.0084,-0.0000;-0.0084,-0.0000;-0.0084,-0.0000;-0.0084,-0.0000;-0.0084,-0.0000;-0.0084,-0.0000;-0.0084,-0.0000;-0.0084,-0.0000;-0.0084,-0.0000;-0.0084,-0.0000;-0.0084,-0.0000;-0.0084,-0.0000;-0.0084,-0.0000;-0.0084,-0.0000;-0.0084,-0.0000;-0.0084,-0.0000;-0.0084,-0.0000;-0.0084,-0.0000;-0.0084,-0.0000;-0.0084,-0.0000;-0.0084,-0.0000;-0.0084,-0.0000;-0.0084,-0.0000;-0.0084,-0.0000;-0.0084,-0.0000;-0.0084,-0.0000;-0.0084,-0.0000;-0.0084,-0.0000;-0.0084,-0.0000;-0.0084,-0.0000;-0.0084,-0.0000;-0.0084,-0.0000;-0.0084,-0.0000;-0.0084,-0.0000;-0.0084,-0.0000;-0.0084,-0.0000"
594d2c54-ca9a-4bda-be8e-532b2fc359fb,15100000,0,0,0.0,SKIPPED,,,,4580,7,11.049,Stop due to red traffic light.,0.0017,0.0049,"-0.0000,0.0000;-0.0001,0.0000;-0.0003,0.0000;-0.0004,0.0000;-0.0006,0.0000;-0.0008,0.0000;-0.0010,0.0000;-0.0012,0.0000;-0.0014,0.0000;-0.0015,0.0000;-0.0017,0.0000;-0.0018,0.0000;-0.0019,0.0000;-0.0020,0.0000;-0.0021,0.0000;-0.0021,0.0000;-0.0022,0.0000;-0.0022,0.0000;-0.0022,0.0000;-0.0022,0.0000;-0.0022,0.0000;-0.0021,0.0000;-0.0021,0.0000;-0.0020,0.0000;-0.0019,0.0000;-0.0019,0.0000;-0.0018,0.0000;-0.0017,0.0000;-0.0016,0.0000;-0.0015,0.0000;-0.0013,0.0000;-0.0011,0.0000;-0.0009,0.0000;-0.0007,0.0000;-0.0004,0.0000;-0.0001,0.0000;0.0002,0.0000;0.0005,0.0000;0.0009,0.0000;0.0012,0.0000;0.0016,0.0000;0.0019,0.0000;0.0023,0.0000;0.0026,0.0000;0.0030,0.0000;0.0034,0.0000;0.0037,0.0000;0.0041,0.0000;0.0045,0.0000;0.0049,0.0000;0.0052,0.0000;0.0057,0.0000;0.0061,0.0000;0.0065,0.0000;0.0069,0.0000;0.0073,0.0000;0.0077,0.0000;0.0082,0.0000;0.0087,0.0000;0.0091,0.0000;0.0096,0.0000;0.0101,0.0000;0.0106,0.0000;0.0111,0.0000","0.0000,0.0000;0.0000,0.0000;0.0000,0.0000;0.0000,0.0000;0.0000,0.0000;0.0000,0.0000;0.0000,0.0000;0.0000,0.0000;0.0000,0.0000;0.0000,0.0000;0.0000,0.0000;0.0000,0.0000;0.0000,0.0000;0.0000,0.0000;0.0000,0.0000;0.0000,0.0000;0.0000,0.0000;0.0000,0.0000;0.0000,0.0000;0.0000,0.0000;0.0000,0.0000;0.0000,0.0000;0.0000,0.0000;0.0000,0.0000;0.0000,0.0000;0.0000,0.0000;0.0000,0.0000;0.0000,0.0000;0.0000,0.0000;0.0000,0.0000;0.0000,0.0000;0.0000,0.0000;0.0000,0.0000;0.0000,0.0000;0.0000,0.0000;0.0000,0.0000;0.0000,0.0000;0.0000,0.0000;0.0000,0.0000;0.0000,0.0000;0.0000,0.0000;0.0000,0.0000;0.0000,0.0000;0.0000,0.0000;0.0000,0.0000;0.0000,0.0000;0.0000,0.0000;0.0000,0.0000;0.0000,0.0000;0.0000,0.0000"
594d2c54-ca9a-4bda-be8e-532b2fc359fb,16100000,0,0,0.0,SKIPPED,,,,4580,7,10.67,Stop because of red traffic light.,0.0008,0.0001,"-0.0000,0.0000;-0.0000,0.0000;-0.0001,0.0000;-0.0002,0.0000;-0.0002,0.0000;-0.0003,0.0000;-0.0004,0.0000;-0.0005,0.0000;-0.0006,0.0000;-0.0007,0.0000;-0.0008,0.0000;-0.0008,0.0000;-0.0009,0.0000;-0.0010,0.0000;-0.0011,0.0000;-0.0011,0.0000;-0.0012,0.0000;-0.0012,0.0000;-0.0013,0.0000;-0.0013,0.0000;-0.0013,0.0000;-0.0013,0.0000;-0.0014,0.0000;-0.0014,0.0000;-0.0014,0.0000;-0.0013,0.0000;-0.0013,0.0000;-0.0013,0.0000;-0.0013,0.0000;-0.0012,0.0000;-0.0011,0.0000;-0.0011,0.0000;-0.0010,0.0000;-0.0009,0.0000;-0.0007,0.0000;-0.0006,-0.0000;-0.0005,-0.0000;-0.0004,-0.0000;-0.0003,-0.0000;-0.0001,-0.0000;-0.0000,-0.0000;0.0001,-0.0000;0.0003,-0.0000;0.0004,-0.0000;0.0005,-0.0000;0.0007,-0.0000;0.0008,-0.0000;0.0010,-0.0000;0.0011,-0.0000;0.0013,-0.0000;0.0015,-0.0000;0.0017,-0.0000;0.0018,-0.0000;0.0020,-0.0000;0.0022,-0.0000;0.0024,-0.0000;0.0027,-0.0000;0.0029,-0.0000;0.0031,-0.0000;0.0033,-0.0000;0.0036,-0.0000;0.0038,-0.0000;0.0041,-0.0000;0.0043,-0.0000","0.0000,0.0000;0.0000,0.0000;0.0000,0.0000;0.0000,0.0000;0.0000,0.0000;0.0000,0.0000;0.0000,0.0000;0.0000,0.0000;0.0000,0.0000;0.0000,0.0000;0.0000,0.0000;0.0000,0.0000;0.0000,0.0000;0.0000,0.0000;0.0000,0.0000;0.0000,0.0000;0.0000,0.0000;0.0000,0.0000;0.0000,0.0000;0.0000,0.0000;0.0000,0.0000;0.0000,0.0000;0.0000,0.0000;0.0000,0.0000;0.0000,0.0000;0.0000,0.0000;0.0000,0.0000;0.0000,0.0000;0.0000,0.0000;0.0000,0.0000;0.0000,0.0000;0.0000,0.0000;0.0000,0.0000;0.0000,0.0000;0.0000,0.0000;0.0000,0.0000;0.0000,0.0000;0.0000,0.0000;0.0000,0.0000;0.0000,0.0000"
594d2c54-ca9a-4bda-be8e-532b2fc359fb,17100000,0,0,0.0,SKIPPED,,,,4580,7,10.906,Stop due to red traffic light.,0.0032,0.0057,"-0.0001,-0.0000;-0.0002,-0.0000;-0.0004,-0.0000;-0.0006,-0.0000;-0.0008,-0.0000;-0.0010,-0.0000;-0.0013,-0.0000;-0.0015,-0.0000;-0.0018,-0.0000;-0.0021,-0.0000;-0.0023,-0.0000;-0.0026,-0.0000;-0.0028,-0.0000;-0.0030,-0.0000;-0.0032,-0.0000;-0.0035,-0.0000;-0.0037,-0.0000;-0.0040,-0.0000;-0.0043,-0.0000;-0.0045,-0.0000;-0.0047,-0.0000;-0.0049,-0.0000;-0.0051,-0.0000;-0.0053,-0.0000;-0.0054,-0.0000;-0.0055,-0.0000;-0.0056,-0.0000;-0.0056,-0.0000;-0.0057,-0.0000;-0.0057,-0.0000;-0.0058,-0.0000;-0.0059,-0.0000;-0.0060,-0.0000;-0.0061,-0.0000;-0.0062,-0.0000;-0.0063,-0.0000;-0.0064,-0.0000;-0.0066,-0.0000;-0.0067,-0.0000;-0.0068,-0.0000;-0.0070,-0.0000;-0.0071,-0.0000;-0.0073,-0.0000;-0.0074,-0.0000;-0.0076,-0.0000;-0.0077,-0.0000;-0.0078,-0.0000;-0.0080,-0.0000;-0.0081,-0.0000;-0.0082,-0.0000;-0.0084,-0.0000;-0.0085,-0.0000;-0.0087,-0.0000;-0.0088,-0.0000;-0.0090,-0.0000;-0.0092,-0.0000;-0.0094,-0.0000;-0.0097,-0.0000;-0.0099,-0.0000;-0.0101,-0.0000;-0.0103,-0.0000;-0.0105,-0.0000;-0.0108,0.0000;-0.0111,0.0000","0.0000,0.0000;0.0000,0.0000;0.0000,0.0000;0.0000,0.0000;0.0000,0.0000;0.0000,0.0000;0.0000,0.0000;0.0000,0.0000;0.0000,0.0000;0.0000,0.0000;0.0000,0.0000;0.0000,0.0000;0.0000,0.0000;0.0000,0.0000;0.0000,0.0000;0.0000,0.0000;0.0000,0.0000;0.0000,0.0000;0.0000,0.0000;0.0000,0.0000;0.0000,0.0000;0.0000,0.0000;0.0000,0.0000;0.0000,0.0000;0.0000,0.0000;0.0000,0.0000;0.0000,0.0000;0.0000,0.0000;0.0000,0.0000;0.0000,0.0000"
594d2c54-ca9a-4bda-be8e-532b2fc359fb,18100000,0,0,0.0,SKIPPED,,,,4580,7,10.76,Stop because of red traffic light.,0.0018,0.0045,"-0.0000,0.0000;-0.0000,0.0000;-0.0001,0.0000;-0.0002,0.0000;-0.0004,0.0000;-0.0006,0.0000;-0.0008,0.0000;-0.0010,-0.0000;-0.0012,-0.0000;-0.0014,-0.0000;-0.0016,-0.0000;-0.0019,-0.0000;-0.0022,0.0000;-0.0025,0.0000;-0.0028,0.0000;-0.0031,0.0000;-0.0035,0.0000;-0.0038,0.0000;-0.0042,0.0000;-0.0045,0.0000;-0.0049,0.0000;-0.0053,0.0000;-0.0057,0.0000;-0.0061,0.0000;-0.0065,0.0000;-0.0069,0.0000;-0.0073,0.0000;-0.0077,0.0000;-0.0081,0.0000;-0.0085,0.0000;-0.0089,0.0000;-0.0093,0.0000;-0.0097,0.0000;-0.0101,0.0000;-0.0105,0.0000;-0.0109,0.0000;-0.0112,0.0000;-0.0116,-0.0000;-0.0120,-0.0000;-0.0124,-0.0000;-0.0127,-0.0000;-0.0131,-0.0000;-0.0134,-0.0000;-0.0138,-0.0000;-0.0141,-0.0000;-0.0144,-0.0000;-0.0148,-0.0000;-0.0152,-0.0000;-0.0156,-0.0000;-0.0160,-0.0000;-0.0164,-0.0000;-0.0168,-0.0000;-0.0173,-0.0000;-0.0177,-0.0000;-0.0181,-0.0000;-0.0186,-0.0000;-0.0191,-0.0000;-0.0196,-0.0000;-0.0201,-0.0000;-0.0206,-0.0000;-0.0212,-0.0000;-0.0219,-0.0000;-0.0225,-0.0000;-0.0232,-0.0000","0.0000,0.0000;0.0000,0.0000;0.0000,0.0000;0.0000,0.0000;0.0000,0.0000;0.0000,0.0000;0.0000,0.0000;0.0000,0.0000;0.0000,0.0000;0.0000,0.0000;0.0000,0.0000;0.0000,0.0000;0.0000,0.0000;0.0000,0.0000;0.0000,0.0000;0.0000,0.0000;0.0000,0.0000;0.0000,0.0000;0.0000,0.0000;0.0000,0.0000"
594d2c54-ca9a-4bda-be8e-532b2fc359fb,19100000,0,0,0.0,SKIPPED,,,,4580,8,11.292,Stop because of red traffic light ahead.,0.0005,0.001,"-0.0000,-0.0000;-0.0001,-0.0000;-0.0001,-0.0000;-0.0002,-0.0000;-0.0004,-0.0000;-0.0005,-0.0000;-0.0006,-0.0000;-0.0008,-0.0000;-0.0009,-0.0000;-0.0010,-0.0000;-0.0012,-0.0000;-0.0013,-0.0000;-0.0014,-0.0000;-0.0015,-0.0000;-0.0016,-0.0000;-0.0017,-0.0000;-0.0018,-0.0000;-0.0019,-0.0000;-0.0020,-0.0000;-0.0020,-0.0000;-0.0021,-0.0000;-0.0021,-0.0000;-0.0022,-0.0000;-0.0022,-0.0000;-0.0022,-0.0000;-0.0023,-0.0000;-0.0023,-0.0000;-0.0023,-0.0000;-0.0023,-0.0000;-0.0023,-0.0000;-0.0023,-0.0000;-0.0023,-0.0000;-0.0022,-0.0000;-0.0022,-0.0000;-0.0021,-0.0000;-0.0020,-0.0000;-0.0020,-0.0000;-0.0019,-0.0000;-0.0018,-0.0000;-0.0017,-0.0000;-0.0016,-0.0000;-0.0015,-0.0000;-0.0014,-0.0000;-0.0013,-0.0000;-0.0013,-0.0000;-0.0013,-0.0000;-0.0013,-0.0000;-0.0013,-0.0000;-0.0013,-0.0000;-0.0012,-0.0000;-0.0013,-0.0000;-0.0013,-0.0000;-0.0013,-0.0000;-0.0013,-0.0000;-0.0013,-0.0000;-0.0014,-0.0000;-0.0014,-0.0000;-0.0014,-0.0000;-0.0014,-0.0000;-0.0014,-0.0000;-0.0015,-0.0000;-0.0015,-0.0000;-0.0016,-0.0000;-0.0016,-0.0000","0.0000,0.0000;0.0000,0.0000;0.0000,0.0000;0.0000,0.0000;0.0000,0.0000;0.0000,0.0000;0.0000,0.0000;0.0000,0.0000;0.0000,0.0000;0.0000,0.0000"
4f7b34b6-87e5-4cf9-a790-a691a15d9e95,5100000,0,0,0.0,SKIPPED,,,,4580,15,13.501,Accelerate to proceed through the intersection since the straight traffic light is green.,1.1176,3.7303,"0.9183,-0.0002;1.8391,-0.0008;2.7628,-0.0018;3.6893,-0.0029;4.6185,-0.0041;5.5500,-0.0052;6.4836,-0.0063;7.4191,-0.0070;8.3562,-0.0075;9.2947,-0.0076;10.2347,-0.0073;11.1759,-0.0065;12.1181,-0.0054;13.0613,-0.0037;14.0058,-0.0016;14.9517,0.0011;15.8992,0.0044;16.8480,0.0083;17.7973,0.0127;18.7460,0.0177;19.6932,0.0232;20.6389,0.0294;21.5837,0.0361;22.5281,0.0435;23.4721,0.0515;24.4153,0.0603;25.3572,0.0698;26.2978,0.0799;27.2372,0.0909;28.1763,0.1026;29.1158,0.1151;30.0559,0.1285;30.9965,0.1428;31.9375,0.1580;32.8787,0.1741;33.8204,0.1913;34.7629,0.2096;35.7062,0.2289;36.6503,0.2494;37.5949,0.2710;38.5398,0.2937;39.4853,0.3176;40.4314,0.3426;41.3786,0.3688;42.3270,0.3961;43.2767,0.4245;44.2277,0.4540;45.1798,0.4846;46.1331,0.5163;47.0875,0.5491;48.0433,0.5830;49.0005,0.6179;49.9588,0.6539;50.9184,0.6909;51.8791,0.7289;52.8410,0.7678;53.8040,0.8075;54.7680,0.8479;55.7332,0.8891;56.6995,0.9310;57.6671,0.9734;58.6361,1.0164;59.6063,1.0599;60.5775,1.1038","0.8617,0.0006;1.7826,0.0001;2.7070,-0.0016;3.6322,-0.0032;4.5587,-0.0053;5.4875,-0.0070;6.4196,-0.0092;7.3558,-0.0119;8.2955,-0.0140;9.2375,-0.0162;10.1801,-0.0181;11.1223,-0.0193;12.0656,-0.0185;13.0107,-0.0175;13.9587,-0.0148;14.9087,-0.0095;15.8604,-0.0029;16.8131,0.0066;17.7663,0.0179;18.7218,0.0318;19.6811,0.0482;20.6455,0.0673;21.6144,0.0878;22.5867,0.1121;23.5632,0.1383;24.5443,0.1643;25.5319,0.1914;26.5252,0.2196;27.5233,0.2497;28.5256,0.2813;29.5316,0.3146;30.5414,0.3493;31.5555,0.3851;32.5733,0.4229;33.5942,0.4617;34.6179,0.5010;35.6450,0.5412;36.6744,0.5825;37.7064,0.6248;38.7411,0.6681;39.7791,0.7121;40.8203,0.7566;41.8654,0.8026;42.9145,0.8493;43.9661,0.8967;45.0200,0.9456;46.0764,0.9944;47.1355,1.0442;48.1975,1.0949;49.2605,1.1472;50.3235,1.2004;51.3888,1.2553;52.4558,1.3112;53.5237,1.3687;54.5927,1.4254;55.6613,1.4846;56.7291,1.5447;57.7962,1.6050;58.8636,1.6660;59.9310,1.7276;60.9984,1.7908;62.0661,1.8559;63.1341,1.9211;64.2015,1.9880"
4f7b34b6-87e5-4cf9-a790-a691a15d9e95,6100000,0,0,0.0,SKIPPED,,,,4580,12,12.298,Keep speed through the intersection since the traffic light is green.,1.1406,3.3679,"0.9422,0.0002;1.8832,0.0006;2.8253,0.0015;3.7700,0.0028;4.7177,0.0046;5.6680,0.0069;6.6204,0.0097;7.5745,0.0133;8.5301,0.0176;9.4871,0.0226;10.4453,0.0285;11.4048,0.0353;12.3656,0.0431;13.3280,0.0520;14.2920,0.0620;15.2573,0.0732;16.2238,0.0857;17.1911,0.0994;18.1590,0.1144;19.1274,0.1309;20.0963,0.1489;21.0659,0.1685;22.0366,0.1898;23.0084,0.2129;23.9813,0.2378;24.9554,0.2645;25.9306,0.2930;26.9075,0.3233;27.8860,0.3555;28.8662,0.3897;29.8479,0.4259;30.8307,0.4641;31.8145,0.5045;32.7991,0.5469;33.7843,0.5914;34.7701,0.6381;35.7561,0.6868;36.7421,0.7375;37.7278,0.7900;38.7130,0.8442;39.6979,0.8998;40.6828,0.9567;41.6679,1.0146;42.6535,1.0735;43.6389,1.1330;44.6238,1.1932;45.6078,1.2537;46.5908,1.3146;47.5736,1.3758;48.5569,1.4372;49.5411,1.4988;50.5263,1.5604;51.5115,1.6221;52.4955,1.6834;53.4774,1.7444;54.4569,1.8047;55.4349,1.8645;56.4121,1.9236;57.3894,1.9821;58.3665,2.0402;59.3431,2.0978;60.3181,2.1549;61.2903,2.2115;62.2587,2.2676","0.8843,0.0003;1.8265,0.0013;2.7698,0.0043;3.7149,0.0076;4.6629,0.0125;5.6129,0.0200;6.5645,0.0288;7.5172,0.0405;8.4704,0.0540;9.4259,0.0702;10.3851,0.0889;11.3494,0.1102;12.3183,0.1330;13.2906,0.1596;14.2670,0.1880;15.2481,0.2163;16.2356,0.2458;17.2288,0.2763;18.2268,0.3087;19.2291,0.3426;20.2350,0.3783;21.2447,0.4154;22.2587,0.4535;23.2764,0.4937;24.2972,0.5349;25.3208,0.5766;26.3478,0.6192;27.3771,0.6629;28.4090,0.7076;29.4436,0.7533;30.4815,0.7998;31.5226,0.8468;32.5676,0.8951;33.6166,0.9443;34.6680,0.9942;35.7218,1.0456;36.7781,1.0969;37.8372,1.1492;38.8990,1.2023;39.9619,1.2572;41.0248,1.3128;42.0899,1.3702;43.1567,1.4286;44.2245,1.4886;45.2934,1.5478;46.3619,1.6095;47.4295,1.6721;48.4965,1.7349;49.5637,1.7984;50.6310,1.8625;51.6983,1.9282;52.7657,1.9959;53.8336,2.0635;54.9008,2.1330;55.9670,2.2033;57.0331,2.2738;58.0994,2.3468;59.1660,2.4191;60.2329,2.4917;61.3009,2.5662;62.3674,2.6411;63.4346,2.7147;64.5036,2.7880;65.5736,2.8624"
4f7b34b6-87e5-4cf9-a790-a691a15d9e95,7100000,0,0,0.0,SKIPPED,,,,4580,12,12.484,Keep speed through the intersection since the traffic light is green.,1.2605,2.8958,"0.9581,0.0012;1.9190,0.0049;2.8819,0.0111;3.8463,0.0198;4.8121,0.0310;5.7794,0.0446;6.7486,0.0606;7.7199,0.0789;8.6930,0.0995;9.6676,0.1222;10.6433,0.1468;11.6201,0.1730;12.5981,0.2008;13.5779,0.2299;14.5596,0.2601;15.5431,0.2913;16.5281,0.3232;17.5141,0.3556;18.5011,0.3884;19.4894,0.4215;20.4793,0.4547;21.4711,0.4880;22.4649,0.5212;23.4601,0.5543;24.4560,0.5873;25.4524,0.6200;26.4492,0.6526;27.4470,0.6851;28.4466,0.7173;29.4481,0.7494;30.4511,0.7813;31.4551,0.8131;32.4597,0.8448;33.4653,0.8764;34.4725,0.9081;35.4817,0.9400;36.4929,0.9722;37.5057,1.0047;38.5194,1.0375;39.5335,1.0707;40.5475,1.1044;41.5615,1.1386;42.5753,1.1735;43.5890,1.2091;44.6029,1.2456;45.6173,1.2832;46.6320,1.3219;47.6471,1.3618;48.6623,1.4031;49.6777,1.4458;50.6935,1.4900;51.7097,1.5358;52.7266,1.5831;53.7441,1.6320;54.7618,1.6824;55.7795,1.7343;56.7971,1.7875;57.8144,1.8420;58.8316,1.8979;59.8488,1.9548;60.8660,2.0127;61.8836,2.0714;62.9016,2.1308;63.9201,2.1906","0.9010,-0.0000;1.8656,0.0024;2.8347,0.0064;3.8073,0.0139;4.7841,0.0233;5.7655,0.0324;6.7534,0.0425;7.7471,0.0536;8.7455,0.0666;9.7482,0.0809;10.7547,0.0969;11.7649,0.1142;12.7795,0.1325;13.7978,0.1528;14.8192,0.1741;15.8434,0.1958;16.8711,0.2183;17.9010,0.2419;18.9336,0.2664;19.9689,0.2919;21.0075,0.3181;22.0493,0.3447;23.0950,0.3726;24.1448,0.4013;25.1970,0.4307;26.2516,0.4614;27.3087,0.4920;28.3685,0.5236;29.4313,0.5560;30.4950,0.5901;31.5587,0.6250;32.6248,0.6615;33.6926,0.6991;34.7613,0.7381;35.8311,0.7765;36.9006,0.8173;37.9693,0.8590;39.0373,0.9009;40.1056,0.9435;41.1739,0.9868;42.2422,1.0316;43.3108,1.0784;44.3798,1.1252;45.4482,1.1738;46.5155,1.2233;47.5828,1.2730;48.6504,1.3250;49.7182,1.3765;50.7862,1.4283;51.8555,1.4818;52.9233,1.5359;53.9917,1.5886;55.0619,1.6410;56.1332,1.6945;57.2054,1.7486;58.2788,1.8023;59.3508,1.8561;60.4207,1.9095;61.4893,1.9636;62.5571,2.0188;63.6239,2.0736;64.6902,2.1286;65.7544,2.1841;66.8155,2.2388"
4f7b34b6-87e5-4cf9-a790-a691a15d9e95,8100000,0,0,0.0,SKIPPED,,,,4580,18,14.192,Keep at the center of the lane to continue driving. No critical agent need special attention.,0.3866,0.6942,"1.0069,0.0009;2.0183,0.0035;3.0343,0.0081;4.0553,0.0148;5.0811,0.0237;6.1117,0.0349;7.1468,0.0485;8.1862,0.0643;9.2299,0.0824;10.2780,0.1027;11.3307,0.1249;12.3879,0.1491;13.4495,0.1749;14.5150,0.2022;15.5836,0.2309;16.6546,0.2609;17.7276,0.2919;18.8022,0.3241;19.8780,0.3571;20.9545,0.3910;22.0308,0.4257;23.1059,0.4611;24.1794,0.4971;25.2509,0.5336;26.3209,0.5706;27.3898,0.6081;28.4581,0.6461;29.5255,0.6845;30.5916,0.7234;31.6559,0.7625;32.7181,0.8020;33.7782,0.8416;34.8365,0.8813;35.8934,0.9211;36.9491,0.9609;38.0038,1.0007;39.0576,1.0404;40.1105,1.0798;41.1627,1.1191;42.2139,1.1579;43.2641,1.1964;44.3129,1.2344;45.3600,1.2718;46.4052,1.3087;47.4483,1.3450;48.4894,1.3806;49.5286,1.4156;50.5662,1.4499;51.6023,1.4836;52.6369,1.5166;53.6698,1.5490;54.7007,1.5808;55.7295,1.6121;56.7561,1.6427;57.7805,1.6728;58.8027,1.7023;59.8227,1.7314;60.8405,1.7601;61.8559,1.7882;62.8687,1.8160;63.8788,1.8433;64.8864,1.8702;65.8913,1.8966;66.8937,1.9226","0.9451,-0.0003;1.9554,0.0005;2.9701,0.0023;3.9886,0.0059;5.0103,0.0105;6.0347,0.0155;7.0626,0.0212;8.0927,0.0280;9.1256,0.0356;10.1612,0.0442;11.2001,0.0535;12.2422,0.0630;13.2882,0.0739;14.3383,0.0854;15.3909,0.0976;16.4458,0.1111;17.5032,0.1245;18.5635,0.1388;19.6266,0.1538;20.6907,0.1705;21.7549,0.1880;22.8215,0.2071;23.8897,0.2273;24.9589,0.2489;26.0292,0.2698;27.0992,0.2932;28.1684,0.3173;29.2370,0.3418;30.3058,0.3670;31.3747,0.3929;32.4436,0.4202;33.5129,0.4496;34.5825,0.4789;35.6515,0.5100;36.7195,0.5421;37.7874,0.5743;38.8557,0.6090;39.9242,0.6430;40.9930,0.6773;42.0630,0.7134;43.1315,0.7500;44.2007,0.7853;45.2716,0.8202;46.3436,0.8562;47.4165,0.8928;48.4906,0.9290;49.5634,0.9653;50.6340,1.0012;51.7033,1.0378;52.7719,1.0756;53.8395,1.1130;54.9065,1.1505;55.9715,1.1886;57.0333,1.2261;58.0925,1.2643;59.1498,1.3036;60.2048,1.3431;61.2584,1.3825;62.3100,1.4213;63.3583,1.4599;64.4031,1.4996;65.4440,1.5389;66.4816,1.5771;67.5162,1.6154"
4f7b34b6-87e5-4cf9-a790-a691a15d9e95,9100000,0,0,0.0,SKIPPED,,,,4580,9,11.369,Keep lane because the lane ahead is clear.,1.787,5.8859,"1.0382,0.0004;2.0787,0.0017;3.1212,0.0039;4.1655,0.0070;5.2113,0.0111;6.2586,0.0164;7.3074,0.0228;8.3578,0.0305;9.4106,0.0396;10.4666,0.0501;11.5272,0.0621;12.5933,0.0759;13.6655,0.0915;14.7442,0.1091;15.8292,0.1286;16.9199,0.1501;18.0161,0.1735;19.1173,0.1988;20.2235,0.2258;21.3347,0.2545;22.4511,0.2846;23.5725,0.3161;24.6988,0.3487;25.8296,0.3825;26.9648,0.4171;28.1042,0.4524;29.2479,0.4883;30.3960,0.5246;31.5486,0.5611;32.7058,0.5978;33.8676,0.6345;35.0339,0.6711;36.2046,0.7077;37.3792,0.7442;38.5576,0.7805;39.7394,0.8167;40.9245,0.8525;42.1126,0.8879;43.3038,0.9228;44.4976,0.9573;45.6939,0.9912;46.8921,1.0245;48.0921,1.0572;49.2935,1.0894;50.4961,1.1210;51.6999,1.1521;52.9046,1.1825;54.1100,1.2124;55.3157,1.2418;56.5214,1.2706;57.7268,1.2990;58.9319,1.3270;60.1369,1.3546;61.3418,1.3819;62.5465,1.4089;63.7508,1.4356;64.9546,1.4620;66.1577,1.4880;67.3603,1.5137;68.5624,1.5392;69.7641,1.5644;70.9652,1.5893;72.1656,1.6140;73.3650,1.6384","0.9746,-0.0007;2.0168,-0.0011;3.0629,-0.0003;4.1131,0.0011;5.1657,0.0032;6.2207,0.0066;7.2782,0.0097;8.3386,0.0138;9.4018,0.0186;10.4660,0.0251;11.5303,0.0324;12.5970,0.0412;13.6654,0.0511;14.7348,0.0624;15.8052,0.0731;16.8754,0.0861;17.9448,0.1000;19.0135,0.1142;20.0825,0.1291;21.1516,0.1447;22.2208,0.1617;23.2902,0.1808;24.3601,0.1998;25.4293,0.2207;26.4976,0.2425;27.5658,0.2645;28.6344,0.2888;29.7032,0.3126;30.7722,0.3366;31.8425,0.3624;32.9113,0.3888;33.9808,0.4138;35.0520,0.4384;36.1243,0.4641;37.1975,0.4903;38.2719,0.5162;39.3450,0.5422;40.4159,0.5678;41.4855,0.5941;42.5544,0.6217;43.6223,0.6488;44.6896,0.6760;45.7549,0.7039;46.8171,0.7311;47.8766,0.7592;48.9342,0.7883;49.9895,0.8177;51.0435,0.8469;52.0954,0.8756;53.1440,0.9041;54.1892,0.9338;55.2304,0.9631;56.2683,0.9913;57.3032,1.0197;58.3359,1.0486;59.3656,1.0779;60.3917,1.1075;61.4139,1.1354;62.4331,1.1634;63.4496,1.1921;64.4636,1.2204;65.4745,1.2489;66.4827,1.2771;67.4885,1.3059"
4f7b34b6-87e5-4cf9-a790-a691a15d9e95,10100000,0,0,0.0,SKIPPED,,,,4580,8,10.908,Maintain speed due to clear lane ahead,1.4517,4.7671,"1.0663,0.0004;2.1351,0.0019;3.2065,0.0044;4.2803,0.0083;5.3565,0.0137;6.4347,0.0209;7.5150,0.0299;8.5974,0.0410;9.6818,0.0543;10.7682,0.0698;11.8562,0.0875;12.9455,0.1073;14.0363,0.1292;15.1287,0.1531;16.2230,0.1789;17.3193,0.2065;18.4172,0.2359;19.5163,0.2668;20.6166,0.2991;21.7181,0.3325;22.8209,0.3667;23.9251,0.4016;25.0307,0.4367;26.1376,0.4720;27.2461,0.5071;28.3562,0.5417;29.4681,0.5757;30.5818,0.6087;31.6971,0.6406;32.8136,0.6711;33.9315,0.7002;35.0508,0.7278;36.1718,0.7539;37.2947,0.7786;38.4196,0.8018;39.5461,0.8236;40.6739,0.8440;41.8026,0.8629;42.9322,0.8803;44.0631,0.8962;45.1956,0.9106;46.3297,0.9237;47.4654,0.9356;48.6021,0.9463;49.7394,0.9560;50.8775,0.9649;52.0164,0.9730;53.1565,0.9805;54.2977,0.9873;55.4397,0.9937;56.5823,0.9996;57.7251,1.0051;58.8682,1.0102;60.0119,1.0151;61.1562,1.0197;62.3011,1.0241;63.4463,1.0285;64.5918,1.0327;65.7376,1.0368;66.8835,1.0407;68.0294,1.0446;69.1750,1.0484;70.3199,1.0521;71.4636,1.0557","0.9989,-0.0006;2.0657,0.0004;3.1340,0.0024;4.2035,0.0057;5.2740,0.0084;6.3443,0.0135;7.4137,0.0195;8.4825,0.0258;9.5516,0.0328;10.6208,0.0404;11.6900,0.0495;12.7596,0.0607;13.8295,0.0718;14.8990,0.0847;15.9673,0.0986;17.0357,0.1127;18.1044,0.1291;19.1733,0.1450;20.2425,0.1610;21.3130,0.1789;22.3820,0.1973;23.4516,0.2144;24.5229,0.2311;25.5954,0.2488;26.6688,0.2671;27.7433,0.2850;28.8166,0.3030;29.8877,0.3207;30.9575,0.3391;32.0265,0.3587;33.0946,0.3779;34.1621,0.3973;35.2276,0.4172;36.2899,0.4366;37.3496,0.4568;38.4073,0.4781;39.4629,0.4996;40.5170,0.5210;41.5692,0.5420;42.6179,0.5626;43.6633,0.5845;44.7047,0.6062;45.7428,0.6266;46.7779,0.6473;47.8108,0.6686;48.8407,0.6903;49.8670,0.7123;50.8893,0.7326;51.9087,0.7530;52.9254,0.7742;53.9395,0.7950;54.9506,0.8160;55.9590,0.8368;56.9650,0.8581;57.9684,0.8784;58.9688,0.8986;59.9650,0.9189;60.9555,0.9394;61.9383,0.9593;62.9116,0.9789;63.8745,0.9977;64.8267,1.0162;65.7674,1.0344;66.6965,1.0521"
4f7b34b6-87e5-4cf9-a790-a691a15d9e95,11100000,0,0,0.0,SKIPPED,,,,4580,9,11.404,Keep lane because the lane ahead is clear.,1.3183,5.3971,"1.0701,0.0006;2.1409,0.0023;3.2116,0.0054;4.2822,0.0099;5.3525,0.0158;6.4229,0.0232;7.4939,0.0321;8.5655,0.0425;9.6374,0.0543;10.7092,0.0674;11.7808,0.0817;12.8523,0.0969;13.9243,0.1129;14.9971,0.1296;16.0711,0.1469;17.1460,0.1645;18.2216,0.1823;19.2979,0.2003;20.3751,0.2183;21.4536,0.2362;22.5339,0.2538;23.6161,0.2710;24.7002,0.2876;25.7860,0.3037;26.8736,0.3188;27.9631,0.3331;29.0547,0.3465;30.1486,0.3588;31.2449,0.3702;32.3434,0.3805;33.4435,0.3897;34.5451,0.3978;35.6483,0.4050;36.7534,0.4112;37.8609,0.4164;38.9711,0.4207;40.0835,0.4243;41.1976,0.4271;42.3127,0.4292;43.4283,0.4308;44.5444,0.4320;45.6612,0.4328;46.7789,0.4333;47.8973,0.4336;49.0161,0.4337;50.1349,0.4336;51.2531,0.4334;52.3707,0.4331;53.4874,0.4326;54.6032,0.4319;55.7180,0.4309;56.8312,0.4298;57.9424,0.4284;59.0512,0.4268;60.1574,0.4248;61.2611,0.4225;62.3627,0.4199;63.4626,0.4170;64.5607,0.4140;65.6571,0.4107;66.7517,0.4071;67.8446,0.4033;68.9357,0.3994;70.0250,0.3952","1.0032,-0.0005;2.0728,0.0011;3.1428,0.0025;4.2123,0.0058;5.2808,0.0101;6.3492,0.0146;7.4180,0.0214;8.4871,0.0276;9.5564,0.0341;10.6269,0.0423;11.6961,0.0511;12.7658,0.0586;13.8372,0.0656;14.9098,0.0737;15.9833,0.0824;17.0580,0.0906;18.1314,0.0990;19.2026,0.1070;20.2725,0.1158;21.3417,0.1258;22.4099,0.1354;23.4775,0.1451;24.5431,0.1555;25.6055,0.1653;26.6654,0.1760;27.7233,0.1877;28.7790,0.1998;29.8333,0.2117;30.8856,0.2232;31.9344,0.2344;32.9800,0.2469;34.0215,0.2592;35.0598,0.2703;36.0950,0.2817;37.1281,0.2937;38.1581,0.3061;39.1846,0.3189;40.2070,0.3300;41.2266,0.3413;42.2434,0.3533;43.2577,0.3650;44.2689,0.3769;45.2775,0.3886;46.2836,0.4008;47.2871,0.4122;48.2877,0.4234;49.2840,0.4346;50.2747,0.4462;51.2576,0.4574;52.2311,0.4682;53.1941,0.4783;54.1464,0.4882;55.0873,0.4980;56.0165,0.5073;56.9338,0.5161;57.8388,0.5243;58.7318,0.5326;59.6124,0.5402;60.4810,0.5475;61.3363,0.5546;62.1787,0.5612;63.0088,0.5683;63.8260,0.5746;64.6311,0.5806"
4f7b34b6-87e5-4cf9-a790-a691a15d9e95,12100000,0,0,0.0,SKIPPED,,,,4580,19,14.434,Keep at the center of the lane to continue driving since no critical component affects the lane ahead.,1.6652,5.6348,"1.0730,0.0003;2.1490,0.0012;3.2286,0.0026;4.3121,0.0046;5.3992,0.0071;6.4898,0.0100;7.5834,0.0133;8.6801,0.0168;9.7799,0.0206;10.8824,0.0244;11.9870,0.0282;13.0926,0.0318;14.1978,0.0352;15.3018,0.0383;16.4041,0.0412;17.5049,0.0437;18.6045,0.0459;19.7030,0.0478;20.8004,0.0491;21.8961,0.0499;22.9894,0.0503;24.0797,0.0501;25.1669,0.0493;26.2508,0.0480;27.3318,0.0462;28.4100,0.0440;29.4853,0.0414;30.5572,0.0384;31.6249,0.0351;32.6881,0.0313;33.7467,0.0271;34.8012,0.0224;35.8526,0.0173;36.9014,0.0117;37.9475,0.0058;38.9907,-0.0006;40.0304,-0.0075;41.0662,-0.0147;42.0982,-0.0224;43.1265,-0.0304;44.1516,-0.0386;45.1739,-0.0471;46.1934,-0.0557;47.2102,-0.0644;48.2242,-0.0732;49.2352,-0.0822;50.2428,-0.0912;51.2470,-0.1003;52.2480,-0.1093;53.2460,-0.1185;54.2409,-0.1278;55.2329,-0.1371;56.2217,-0.1464;57.2074,-0.1557;58.1899,-0.1651;59.1691,-0.1746;60.1451,-0.1841;61.1181,-0.1937;62.0883,-0.2034;63.0559,-0.2132;64.0213,-0.2231;64.9846,-0.2330;65.9460,-0.2429;66.9057,-0.2528","1.0029,0.0001;2.0726,-0.0011;3.1441,-0.0028;4.2167,-0.0034;5.2902,-0.0035;6.3649,-0.0040;7.4383,-0.0043;8.5096,-0.0050;9.5795,-0.0049;10.6488,-0.0036;11.7170,-0.0027;12.7846,-0.0017;13.8503,0.0001;14.9128,0.0012;15.9727,0.0033;17.0307,0.0065;18.0864,0.0099;19.1408,0.0132;20.1931,0.0162;21.2420,0.0189;22.2877,0.0229;23.3293,0.0267;24.3676,0.0294;25.4029,0.0324;26.4360,0.0360;27.4661,0.0400;28.4926,0.0444;29.5152,0.0472;30.5348,0.0502;31.5517,0.0540;32.5660,0.0574;33.5773,0.0611;34.5859,0.0646;35.5921,0.0687;36.5957,0.0718;37.5963,0.0749;38.5927,0.0781;39.5835,0.0816;40.5664,0.0848;41.5400,0.0877;42.5030,0.0900;43.4554,0.0922;44.3962,0.0943;45.3255,0.0961;46.2429,0.0974;47.1479,0.0982;48.0410,0.0992;48.9216,0.0997;49.7902,0.0999;50.6455,0.1000;51.4880,0.0998;52.3181,0.1002;53.1353,0.0998;53.9405,0.0993;54.7334,0.0986;55.5133,0.0978;56.2806,0.0971;57.0348,0.0954;57.7758,0.0939;58.5043,0.0927;59.2195,0.0914;59.9210,0.0897;60.6089,0.0882;61.2811,0.0862"
4f7b34b6-87e5-4cf9-a790-a691a15d9e95,13100000,0,0,0.0,SKIPPED,,,,4580,14,12.977,Keep at the center of the lane because no immediate obstacle requires action.,0.1965,0.4073,"1.0685,0.0002;2.1348,0.0006;3.1993,0.0013;4.2617,0.0022;5.3220,0.0032;6.3806,0.0044;7.4374,0.0057;8.4928,0.0070;9.5462,0.0084;10.5967,0.0098;11.6431,0.0112;12.6843,0.0125;13.7196,0.0138;14.7487,0.0150;15.7719,0.0162;16.7897,0.0173;17.8024,0.0183;18.8104,0.0191;19.8135,0.0199;20.8116,0.0205;21.8048,0.0210;22.7936,0.0212;23.7780,0.0213;24.7581,0.0212;25.7334,0.0210;26.7028,0.0207;27.6657,0.0202;28.6217,0.0196;29.5710,0.0187;30.5136,0.0176;31.4497,0.0163;32.3789,0.0148;33.3007,0.0130;34.2149,0.0109;35.1215,0.0086;36.0210,0.0060;36.9137,0.0031;37.7996,-0.0000;38.6784,-0.0034;39.5495,-0.0071;40.4122,-0.0111;41.2663,-0.0153;42.1113,-0.0197;42.9471,-0.0243;43.7731,-0.0291;44.5890,-0.0341;45.3940,-0.0391;46.1873,-0.0442;46.9684,-0.0495;47.7365,-0.0549;48.4911,-0.0604;49.2315,-0.0659;49.9572,-0.0714;50.6675,-0.0770;51.3620,-0.0825;52.0401,-0.0880;52.7014,-0.0935;53.3459,-0.0988;53.9737,-0.1041;54.5849,-0.1093;55.1796,-0.1143;55.7575,-0.1193;56.3183,-0.1241;56.8616,-0.1289","1.0024,-0.0005;2.0701,-0.0009;3.1358,-0.0007;4.1982,-0.0010;5.2581,-0.0004;6.3161,0.0013;7.3718,0.0034;8.4262,0.0052;9.4786,0.0067;10.5275,0.0080;11.5731,0.0106;12.6147,0.0129;13.6531,0.0142;14.6883,0.0158;15.7215,0.0179;16.7516,0.0205;17.7781,0.0235;18.8006,0.0249;19.8203,0.0265;20.8372,0.0289;21.8515,0.0310;22.8628,0.0333;23.8714,0.0354;24.8776,0.0380;25.8812,0.0398;26.8819,0.0415;27.8782,0.0433;28.8690,0.0455;29.8519,0.0473;30.8255,0.0488;31.7885,0.0499;32.7409,0.0507;33.6818,0.0516;34.6111,0.0520;35.5284,0.0521;36.4334,0.0517;37.3265,0.0515;38.2071,0.0508;39.0757,0.0498;39.9310,0.0487;40.7735,0.0473;41.6036,0.0466;42.4208,0.0450;43.2260,0.0434;44.0189,0.0417;44.7989,0.0398;45.5661,0.0380;46.3203,0.0353;47.0613,0.0327;47.7898,0.0306;48.5050,0.0283;49.2065,0.0256;49.8944,0.0232;50.5666,0.0203;51.2224,0.0174;51.8619,0.0144;52.4855,0.0114;53.0951,0.0081;53.6913,0.0050;54.2739,0.0016;54.8430,-0.0015;55.3991,-0.0050;55.9425,-0.0084;56.4716,-0.0114"
4f7b34b6-87e5-4cf9-a790-a691a15d9e95,14100000,0,0,0.0,SKIPPED,,,,4580,11,12.125,Keep distance to the lead vehicle because traffic ahead slows.,1.1076,2.6979,"1.0456,-0.0000;2.0870,-0.0000;3.1244,-0.0000;4.1579,-0.0002;5.1870,-0.0004;6.2114,-0.0008;7.2303,-0.0014;8.2433,-0.0020;9.2498,-0.0029;10.2496,-0.0039;11.2424,-0.0051;12.2278,-0.0066;13.2058,-0.0083;14.1764,-0.0102;15.1394,-0.0124;16.0947,-0.0149;17.0422,-0.0176;17.9817,-0.0206;18.9132,-0.0240;19.8369,-0.0275;20.7530,-0.0314;21.6616,-0.0355;22.5625,-0.0399;23.4549,-0.0447;24.3374,-0.0498;25.2082,-0.0553;26.0655,-0.0611;26.9082,-0.0674;27.7358,-0.0741;28.5483,-0.0813;29.3461,-0.0888;30.1293,-0.0968;30.8982,-0.1053;31.6529,-0.1142;32.3933,-0.1235;33.1192,-0.1333;33.8305,-0.1434;34.5265,-0.1539;35.2067,-0.1647;35.8708,-0.1758;36.5184,-0.1872;37.1496,-0.1987;37.7648,-0.2105;38.3644,-0.2223;38.9487,-0.2342;39.5181,-0.2462;40.0725,-0.2581;40.6119,-0.2700;41.1369,-0.2818;41.6481,-0.2935;42.1467,-0.3052;42.6337,-0.3167;43.1097,-0.3282;43.5752,-0.3397;44.0302,-0.3510;44.4748,-0.3623;44.9091,-0.3736;45.3336,-0.3847;45.7486,-0.3958;46.1548,-0.4067;46.5523,-0.4177;46.9412,-0.4285;47.3211,-0.4392;47.6917,-0.4498","0.9803,0.0001;2.0219,-0.0001;3.0602,-0.0013;4.0955,-0.0022;5.1286,-0.0026;6.1587,-0.0025;7.1853,-0.0020;8.2078,-0.0030;9.2274,-0.0039;10.2443,-0.0040;11.2587,-0.0044;12.2700,-0.0046;13.2786,-0.0049;14.2848,-0.0047;15.2884,-0.0053;16.2890,-0.0060;17.2854,-0.0067;18.2762,-0.0069;19.2591,-0.0075;20.2327,-0.0083;21.1957,-0.0096;22.1481,-0.0110;23.0890,-0.0125;24.0183,-0.0142;24.9356,-0.0164;25.8406,-0.0190;26.7337,-0.0214;27.6143,-0.0242;28.4829,-0.0273;29.3382,-0.0305;30.1807,-0.0339;31.0108,-0.0367;31.8280,-0.0402;32.6331,-0.0437;33.4260,-0.0474;34.2060,-0.0512;34.9732,-0.0548;35.7274,-0.0593;36.4684,-0.0637;37.1969,-0.0676;37.9121,-0.0717;38.6136,-0.0761;39.3015,-0.0801;39.9737,-0.0847;40.6295,-0.0891;41.2690,-0.0937;41.8926,-0.0982;42.5021,-0.1029;43.0983,-0.1075;43.6809,-0.1123;44.2500,-0.1168;44.8061,-0.1217;45.3494,-0.1263;45.8786,-0.1307;46.3929,-0.1357;46.8926,-0.1401;47.3773,-0.1448;47.8472,-0.1493;48.3015,-0.1537;48.7407,-0.1579;49.1664,-0.1622;49.5736,-0.1660;49.9809,-0.1698;50.3754,-0.1734"
4f7b34b6-87e5-4cf9-a790-a691a15d9e95,15100000,0,0,0.0,SKIPPED,,,,4580,11,12.023,Maintain a safe distance from the lead vehicle ahead.,0.413,2.0059,"1.0140,-0.0001;2.0226,-0.0003;3.0249,-0.0008;4.0202,-0.0015;5.0075,-0.0025;5.9865,-0.0037;6.9568,-0.0052;7.9186,-0.0069;8.8721,-0.0089;9.8176,-0.0111;10.7549,-0.0135;11.6837,-0.0162;12.6035,-0.0191;13.5138,-0.0223;14.4140,-0.0257;15.3037,-0.0293;16.1824,-0.0331;17.0499,-0.0372;17.9058,-0.0414;18.7500,-0.0458;19.5821,-0.0502;20.4021,-0.0548;21.2097,-0.0595;22.0048,-0.0643;22.7875,-0.0692;23.5577,-0.0742;24.3154,-0.0792;25.0606,-0.0844;25.7931,-0.0895;26.5126,-0.0947;27.2188,-0.1000;27.9115,-0.1052;28.5906,-0.1105;29.2560,-0.1158;29.9077,-0.1210;30.5460,-0.1263;31.1718,-0.1315;31.7858,-0.1368;32.3894,-0.1420;32.9840,-0.1473;33.5713,-0.1526;34.1532,-0.1579;34.7312,-0.1632;35.3066,-0.1687;35.8799,-0.1741;36.4511,-0.1797;37.0199,-0.1853;37.5859,-0.1911;38.1489,-0.1969;38.7084,-0.2028;39.2642,-0.2088;39.8160,-0.2148;40.3636,-0.2209;40.9070,-0.2270;41.4460,-0.2331;41.9811,-0.2393;42.5123,-0.2455;43.0401,-0.2517;43.5648,-0.2580;44.0867,-0.2643;44.6061,-0.2707;45.1236,-0.2771;45.6395,-0.2835;46.1543,-0.2900","0.9509,-0.0005;1.9622,-0.0009;2.9707,-0.0015;3.9770,-0.0014;4.9806,-0.0023;5.9812,-0.0032;6.9776,-0.0040;7.9684,-0.0045;8.9513,-0.0053;9.9249,-0.0063;10.8879,-0.0078;11.8403,-0.0095;12.7812,-0.0111;13.7105,-0.0131;14.6278,-0.0154;15.5328,-0.0182;16.4258,-0.0208;17.3065,-0.0238;18.1751,-0.0271;19.0304,-0.0304;19.8729,-0.0341;20.7030,-0.0370;21.5202,-0.0407;22.3253,-0.0444;23.1182,-0.0483;23.8982,-0.0522;24.6654,-0.0560;25.4196,-0.0607;26.1605,-0.0652;26.8891,-0.0693;27.6043,-0.0735;28.3058,-0.0780;28.9937,-0.0822;29.6658,-0.0869;30.3216,-0.0915;30.9611,-0.0962;31.5848,-0.1009;32.1943,-0.1057;32.7905,-0.1104;33.3730,-0.1154;33.9421,-0.1200;34.4983,-0.1250;35.0416,-0.1298;35.5708,-0.1342;36.0851,-0.1393;36.5848,-0.1439;37.0695,-0.1487;37.5394,-0.1533;37.9937,-0.1577;38.4329,-0.1621;38.8585,-0.1665;39.2658,-0.1703;39.6731,-0.1742;40.0675,-0.1779;40.4509,-0.1816;40.8343,-0.1853;41.1975,-0.1887;41.5567,-0.1921;41.9152,-0.1954;42.2583,-0.1987;42.6014,-0.2019"
4f7b34b6-87e5-4cf9-a790-a691a15d9e95,16100000,0,0,0.0,SKIPPED,,,,4580,13,12.688,Decelerate to maintain a safe distance from the lead vehicle.,0.8734,1.7469,"0.9655,-0.0000;1.9237,-0.0002;2.8740,-0.0006;3.8161,-0.0012;4.7493,-0.0019;5.6734,-0.0029;6.5880,-0.0040;7.4929,-0.0054;8.3877,-0.0070;9.2724,-0.0088;10.1468,-0.0108;11.0111,-0.0130;11.8651,-0.0155;12.7089,-0.0182;13.5423,-0.0210;14.3652,-0.0241;15.1770,-0.0273;15.9775,-0.0307;16.7661,-0.0344;17.5420,-0.0382;18.3045,-0.0423;19.0525,-0.0466;19.7849,-0.0509;20.5010,-0.0554;21.2004,-0.0599;21.8831,-0.0645;22.5493,-0.0692;23.1994,-0.0740;23.8336,-0.0788;24.4521,-0.0837;25.0550,-0.0886;25.6425,-0.0936;26.2148,-0.0985;26.7722,-0.1035;27.3153,-0.1085;27.8446,-0.1134;28.3607,-0.1182;28.8642,-0.1231;29.3556,-0.1278;29.8350,-0.1325;30.3028,-0.1371;30.7591,-0.1415;31.2039,-0.1459;31.6375,-0.1501;32.0599,-0.1543;32.4711,-0.1583;32.8713,-0.1622;33.2607,-0.1660;33.6392,-0.1697;34.0068,-0.1732;34.3636,-0.1767;34.7093,-0.1800;35.0439,-0.1832;35.3675,-0.1864;35.6799,-0.1894;35.9815,-0.1923;36.2722,-0.1951;36.5524,-0.1978;36.8224,-0.2004;37.0830,-0.2029;37.3351,-0.2053;37.5796,-0.2077;37.8174,-0.2100;38.0495,-0.2123","0.9031,-0.0005;1.8555,-0.0013;2.7964,-0.0020;3.7257,-0.0031;4.6430,-0.0045;5.5480,-0.0064;6.4411,-0.0081;7.3217,-0.0103;8.1903,-0.0127;9.0456,-0.0152;9.8881,-0.0180;10.7182,-0.0202;11.5354,-0.0230;12.3405,-0.0260;13.1334,-0.0291;13.9134,-0.0322;14.6806,-0.0353;15.4348,-0.0392;16.1758,-0.0431;16.9043,-0.0464;17.6195,-0.0499;18.3210,-0.0538;19.0089,-0.0573;19.6811,-0.0613;20.3369,-0.0653;20.9764,-0.0693;21.6000,-0.0734;22.2096,-0.0777;22.8058,-0.0818;23.3883,-0.0862;23.9574,-0.0902;24.5136,-0.0947;25.0569,-0.0989;25.5861,-0.1028;26.1004,-0.1074;26.6001,-0.1115;27.0848,-0.1159;27.5547,-0.1200;28.0090,-0.1240;28.4482,-0.1279;28.8739,-0.1319;29.2811,-0.1353;29.6884,-0.1388;30.0829,-0.1422;30.4663,-0.1455;30.8497,-0.1488;31.2128,-0.1519;31.5720,-0.1549;31.9306,-0.1579;32.2737,-0.1608;32.6168,-0.1637"
4f7b34b6-87e5-4cf9-a790-a691a15d9e95,17100000,0,0,0.0,SKIPPED,,,,4580,13,12.655,Decelerate to maintain a safe distance from the lead vehicle.,0.3773,0.7444,"0.8419,-0.0001;1.6685,-0.0005;2.4799,-0.0010;3.2758,-0.0017;4.0563,-0.0025;4.8210,-0.0034;5.5700,-0.0044;6.3031,-0.0056;7.0204,-0.0068;7.7219,-0.0081;8.4078,-0.0095;9.0781,-0.0109;9.7328,-0.0124;10.3720,-0.0139;10.9959,-0.0154;11.6047,-0.0170;12.1990,-0.0186;12.7792,-0.0203;13.3459,-0.0219;13.8995,-0.0236;14.4404,-0.0254;14.9687,-0.0271;15.4848,-0.0289;15.9886,-0.0306;16.4800,-0.0324;16.9590,-0.0342;17.4255,-0.0360;17.8795,-0.0377;18.3212,-0.0395;18.7508,-0.0412;19.1685,-0.0429;19.5748,-0.0446;19.9699,-0.0463;20.3543,-0.0479;20.7281,-0.0495;21.0917,-0.0511;21.4456,-0.0526;21.7899,-0.0541;22.1255,-0.0556;22.4533,-0.0570;22.7747,-0.0584;23.0915,-0.0599;23.4051,-0.0612;23.7163,-0.0626;24.0256,-0.0640;24.3333,-0.0653;24.6393,-0.0667;24.9437,-0.0680;25.2465,-0.0693;25.5482,-0.0706;25.8492,-0.0719;26.1505,-0.0731;26.4535,-0.0744;26.7595,-0.0757;27.0703,-0.0770;27.3874,-0.0783;27.7122,-0.0797;28.0457,-0.0811;28.3884,-0.0826;28.7405,-0.0841;29.1022,-0.0857;29.4739,-0.0874;29.8556,-0.0891;30.2476,-0.0910","0.7896,-0.0005;1.6197,-0.0005;2.4369,-0.0012;3.2421,-0.0020;4.0350,-0.0030;4.8150,-0.0041;5.5822,-0.0051;6.3364,-0.0071;7.0774,-0.0089;7.8059,-0.0103;8.5211,-0.0120;9.2227,-0.0140;9.9106,-0.0157;10.5827,-0.0179;11.2385,-0.0202;11.8780,-0.0225;12.5017,-0.0250;13.1112,-0.0276;13.7074,-0.0302;14.2900,-0.0330;14.8591,-0.0355;15.4153,-0.0385;15.9586,-0.0413;16.4878,-0.0438;17.0021,-0.0471;17.5018,-0.0499;17.9866,-0.0529;18.4565,-0.0558;18.9108,-0.0586;19.3500,-0.0614;19.7757,-0.0642;20.1829,-0.0666;20.5902,-0.0690;20.9847,-0.0713;21.3681,-0.0736;21.7515,-0.0759;22.1146,-0.0780;22.4738,-0.0800;22.8324,-0.0821;23.1755,-0.0841;23.5186,-0.0861"
4f7b34b6-87e5-4cf9-a790-a691a15d9e95,18100000,0,0,0.0,SKIPPED,,,,4580,11,11.858,Keep distance to the lead vehicle because it slows ahead.,0.1297,0.0236,"0.7160,-0.0000;1.4184,-0.0001;2.1071,-0.0003;2.7820,-0.0007;3.4433,-0.0011;4.0910,-0.0016;4.7252,-0.0022;5.3459,-0.0028;5.9532,-0.0036;6.5469,-0.0044;7.1270,-0.0052;7.6934,-0.0061;8.2457,-0.0071;8.7839,-0.0081;9.3079,-0.0091;9.8173,-0.0102;10.3122,-0.0113;10.7924,-0.0125;11.2575,-0.0136;11.7073,-0.0148;12.1416,-0.0160;12.5604,-0.0172;12.9636,-0.0184;13.3516,-0.0195;13.7243,-0.0207;14.0819,-0.0219;14.4246,-0.0231;14.7526,-0.0242;15.0661,-0.0253;15.3651,-0.0265;15.6499,-0.0276;15.9205,-0.0286;16.1770,-0.0297;16.4194,-0.0307;16.6475,-0.0317;16.8614,-0.0326;17.0609,-0.0335;17.2466,-0.0344;17.4188,-0.0352;17.5785,-0.0359;17.7268,-0.0367;17.8648,-0.0373;17.9933,-0.0380;18.1127,-0.0386;18.2235,-0.0392;18.3260,-0.0397;18.4204,-0.0402;18.5068,-0.0407;18.5857,-0.0411;18.6572,-0.0415;18.7217,-0.0419;18.7795,-0.0422;18.8308,-0.0425;18.8758,-0.0427;18.9147,-0.0430;18.9476,-0.0431;18.9747,-0.0433;18.9963,-0.0434;19.0127,-0.0435;19.0248,-0.0436;19.0338,-0.0437;19.0408,-0.0437;19.0470,-0.0437;19.0532,-0.0438","0.6703,-0.0002;1.3718,-0.0007;2.0597,-0.0009;2.7319,-0.0018;3.3877,-0.0026;4.0272,-0.0037;4.6508,-0.0048;5.2604,-0.0062;5.8566,-0.0075;6.4392,-0.0091;7.0083,-0.0104;7.5645,-0.0122;8.1078,-0.0139;8.6370,-0.0153;9.1513,-0.0175;9.6510,-0.0192;10.1358,-0.0212;10.6057,-0.0231;11.0600,-0.0250;11.4992,-0.0268;11.9249,-0.0288;12.3322,-0.0303;12.7394,-0.0318;13.1339,-0.0333;13.5173,-0.0349;13.9008,-0.0364;14.2639,-0.0377;14.6231,-0.0390;14.9817,-0.0403;15.3248,-0.0416;15.6679,-0.0428"
4f7b34b6-87e5-4cf9-a790-a691a15d9e95,19100000,0,0,0.0,SKIPPED,,,,4580,14,13.163,Decelerate to maintain a safe distance from the lead vehicle ahead.,0.0679,0.3235,"0.5692,-0.0001;1.1236,-0.0002;1.6634,-0.0005;2.1886,-0.0009;2.6994,-0.0014;3.1957,-0.0019;3.6776,-0.0024;4.1449,-0.0030;4.5977,-0.0036;5.0355,-0.0042;5.4584,-0.0049;5.8663,-0.0055;6.2592,-0.0061;6.6372,-0.0067;7.0004,-0.0073;7.3487,-0.0079;7.6821,-0.0085;8.0008,-0.0090;8.3048,-0.0096;8.5942,-0.0101;8.8692,-0.0106;9.1299,-0.0111;9.3764,-0.0116;9.6086,-0.0120;9.8269,-0.0125;10.0313,-0.0130;10.2220,-0.0134;10.3996,-0.0138;10.5647,-0.0142;10.7180,-0.0146;10.8604,-0.0149;10.9924,-0.0153;11.1147,-0.0156;11.2274,-0.0159;11.3308,-0.0162;11.4248,-0.0165;11.5095,-0.0168;11.5849,-0.0170;11.6512,-0.0172;11.7085,-0.0174;11.7573,-0.0175;11.7978,-0.0176;11.8305,-0.0177;11.8563,-0.0178;11.8761,-0.0179;11.8914,-0.0179;11.9040,-0.0180;11.9150,-0.0180;11.9247,-0.0181;11.9329,-0.0181;11.9396,-0.0181;11.9452,-0.0181;11.9506,-0.0181;11.9560,-0.0182;11.9618,-0.0182;11.9677,-0.0182;11.9738,-0.0182;11.9800,-0.0182;11.9863,-0.0183;11.9927,-0.0183;11.9991,-0.0183;12.0056,-0.0183;12.0123,-0.0183;12.0191,-0.0184","0.5331,0.0001;1.0893,-0.0004;1.6326,-0.0007;2.1618,-0.0008;2.6761,-0.0017;3.1758,-0.0022;3.6606,-0.0030;4.1305,-0.0037;4.5848,-0.0044;5.0240,-0.0052;5.4497,-0.0061;5.8570,-0.0066;6.2643,-0.0071;6.6587,-0.0076;7.0422,-0.0082;7.4256,-0.0087;7.7887,-0.0092;8.1479,-0.0096;8.5065,-0.0100;8.8496,-0.0104;9.1927,-0.0108"
40a11a64-aed4-49c1-b747-b3befdcd708d,5100000,3073,11,4.991,Match speed due to the lead vehicle ahead,13.1225,33.6132,"0.5330,-0.0001;1.0711,-0.0004;1.6143,-0.0010;2.1627,-0.0018;2.7163,-0.0028;3.2748,-0.0041;3.8384,-0.0055;4.4071,-0.0072;4.9809,-0.0090;5.5598,-0.0109;6.1436,-0.0131;6.7323,-0.0154;7.3254,-0.0179;7.9227,-0.0205;8.5239,-0.0234;9.1290,-0.0264;9.7382,-0.0297;10.3515,-0.0332;10.9690,-0.0369;11.5904,-0.0410;12.2154,-0.0454;12.8439,-0.0500;13.4756,-0.0550;14.1106,-0.0604;14.7487,-0.0661;15.3902,-0.0721;16.0353,-0.0785;16.6844,-0.0851;17.3372,-0.0922;17.9936,-0.0995;18.6531,-0.1072;19.3154,-0.1153;19.9805,-0.1238;20.6488,-0.1328;21.3207,-0.1423;21.9966,-0.1523;22.6765,-0.1628;23.3597,-0.1738;24.0455,-0.1853;24.7330,-0.1971;25.4215,-0.2093;26.1113,-0.2219;26.8028,-0.2346;27.4968,-0.2475;28.1938,-0.2605;28.8940,-0.2735;29.5973,-0.2865;30.3036,-0.2992;31.0130,-0.3117;31.7257,-0.3239;32.4414,-0.3358;33.1600,-0.3473;33.8807,-0.3585;34.6031,-0.3692;35.3271,-0.3795;36.0533,-0.3895;36.7820,-0.3991;37.5137,-0.4084;38.2485,-0.4174;38.9867,-0.4260;39.7283,-0.4342;40.4738,-0.4420;41.2236,-0.4495;41.9787,-0.4567",0,-1,0.0,SKIPPED,,,,"0.5170,-0.0012;1.0436,-0.0025;1.5584,-0.0045;2.0570,-0.0098;2.5393,-0.0167;3.0052,-0.0252;3.4523,-0.0358;3.8774,-0.0474;4.2801,-0.0580;4.6608,-0.0685;5.0206,-0.0795;5.3601,-0.0897;5.6774,-0.0997;5.9709,-0.1087;6.2407,-0.1163;6.4881,-0.1241;6.7123,-0.1316;6.9146,-0.1377;7.0961,-0.1434;7.2591,-0.1485;7.4075,-0.1532;7.5428,-0.1574;7.6652,-0.1613;7.7747,-0.1648;7.8716,-0.1679;7.9560,-0.1705;8.0277,-0.1728;8.0876,-0.1747;8.1378,-0.1763;8.1808,-0.1777;8.2185,-0.1789;8.2514,-0.1799;8.2796,-0.1808;8.3030,-0.1816;8.3227,-0.1822;8.3386,-0.1827;8.3510,-0.1831;8.3585,-0.1833;8.3610,-0.1834;8.3617,-0.1834;8.3638,-0.1835;8.3662,-0.1835;8.3662,-0.1835;8.3662,-0.1835;8.3662,-0.1835;8.3662,-0.1835;8.3662,-0.1835;8.3662,-0.1835;8.3662,-0.1835;8.3662,-0.1835;8.3662,-0.1835;8.3662,-0.1835;8.3662,-0.1835;8.3662,-0.1835;8.3662,-0.1835;8.3662,-0.1835;8.3662,-0.1835;8.3662,-0.1835;8.3662,-0.1835;8.3662,-0.1835;8.3662,-0.1835;8.3662,-0.1835;8.3662,-0.1835;8.3666,-0.1836"
40a11a64-aed4-49c1-b747-b3befdcd708d,6100000,3073,14,4.654,Stop to yield to pedestrians walking across the crosswalk ahead,0.1862,1.1445,"0.3572,-0.0001;0.6908,-0.0005;1.0012,-0.0009;1.2887,-0.0014;1.5536,-0.0020;1.7965,-0.0026;2.0175,-0.0032;2.2171,-0.0038;2.3960,-0.0043;2.5549,-0.0049;2.6955,-0.0054;2.8196,-0.0059;2.9296,-0.0064;3.0275,-0.0068;3.1153,-0.0072;3.1942,-0.0076;3.2655,-0.0080;3.3300,-0.0083;3.3883,-0.0086;3.4409,-0.0089;3.4882,-0.0091;3.5306,-0.0094;3.5683,-0.0096;3.6012,-0.0098;3.6294,-0.0099;3.6527,-0.0101;3.6714,-0.0102;3.6865,-0.0103;3.6996,-0.0104;3.7119,-0.0104;3.7239,-0.0105;3.7359,-0.0106;3.7476,-0.0106;3.7592,-0.0107;3.7707,-0.0108;3.7822,-0.0109;3.7937,-0.0109;3.8053,-0.0110;3.8168,-0.0111;3.8284,-0.0111;3.8400,-0.0112;3.8515,-0.0113;3.8631,-0.0114;3.8747,-0.0114;3.8865,-0.0115;3.8985,-0.0116;3.9109,-0.0117;3.9238,-0.0117;3.9373,-0.0118;3.9513,-0.0119;3.9662,-0.0120;3.9824,-0.0121;4.0015,-0.0122;4.0255,-0.0124;4.0571,-0.0126;4.0987,-0.0128;4.1521,-0.0132;4.2183,-0.0136;4.2976,-0.0141;4.3902,-0.0148;4.4963,-0.0155;4.6163,-0.0163;4.7510,-0.0171;4.9015,-0.0181",0,-1,0.0,SKIPPED,,,,"0.3521,-0.0006;0.6918,-0.0009;1.0092,-0.0016;1.3029,-0.0022;1.5728,-0.0019;1.8202,-0.0025;2.0446,-0.0035;2.2470,-0.0037;2.4285,-0.0042;2.5917,-0.0046;2.7401,-0.0049;2.8755,-0.0052;2.9980,-0.0055;3.1075,-0.0058;3.2044,-0.0062;3.2889,-0.0064;3.3606,-0.0066;3.4206,-0.0067;3.4708,-0.0068;3.5138,-0.0069;3.5515,-0.0070;3.5845,-0.0072;3.6127,-0.0072;3.6361,-0.0073;3.6558,-0.0073;3.6716,-0.0074;3.6841,-0.0074;3.6916,-0.0075;3.6941,-0.0075;3.6948,-0.0074;3.6969,-0.0074;3.6993,-0.0074;3.6993,-0.0074;3.6993,-0.0074;3.6993,-0.0074;3.6993,-0.0074;3.6993,-0.0074;3.6993,-0.0074;3.6993,-0.0074;3.6993,-0.0074;3.6993,-0.0074;3.6993,-0.0074;3.6993,-0.0074;3.6993,-0.0074;3.6993,-0.0074;3.6993,-0.0074;3.6993,-0.0074;3.6993,-0.0074;3.6993,-0.0074;3.6993,-0.0074;3.6993,-0.0074;3.6993,-0.0074;3.6993,-0.0074;3.6997,-0.0075;3.7014,-0.0075;3.7034,-0.0075;3.7059,-0.0075;3.7095,-0.0075;3.7144,-0.0075;3.7202,-0.0075;3.7265,-0.0075;3.7334,-0.0075;3.7425,-0.0076;3.7570,-0.0076"
40a11a64-aed4-49c1-b747-b3befdcd708d,7100000,3073,64,10.483,,6.7692,16.9617,"0.1542,-0.0000;0.3083,-0.0000;0.4621,-0.0000;0.6159,-0.0001;0.7705,-0.0001;0.9277,-0.0001;1.0895,-0.0001;1.2580,-0.0000;1.4357,0.0000;1.6243,0.0001;1.8250,0.0003;2.0379,0.0005;2.2628,0.0009;2.4989,0.0013;2.7453,0.0019;3.0009,0.0025;3.2645,0.0033;3.5340,0.0043;3.8075,0.0053;4.0829,0.0065;4.3585,0.0078;4.6332,0.0091;4.9065,0.0105;5.1782,0.0119;5.4482,0.0134;5.7168,0.0149;5.9838,0.0165;6.2497,0.0182;6.5146,0.0198;6.7788,0.0216;7.0422,0.0233;7.3045,0.0252;7.5653,0.0270;7.8242,0.0289;8.0812,0.0309;8.3369,0.0328;8.5922,0.0348;8.8485,0.0369;9.1070,0.0390;9.3689,0.0412;9.6352,0.0435;9.9068,0.0459;10.1846,0.0484;10.4695,0.0510;10.7626,0.0537;11.0646,0.0567;11.3763,0.0598;11.6981,0.0631;12.0299,0.0666;12.3719,0.0704;12.7243,0.0744;13.0874,0.0787;13.4616,0.0833;13.8477,0.0883;14.2463,0.0935;14.6583,0.0992;15.0849,0.1052;15.5272,0.1118;15.9865,0.1188;16.4635,0.1265;16.9590,0.1347;17.4731,0.1435;18.0059,0.1530;18.5575,0.1631",0,-1,0.0,SKIPPED,,,,"0.1451,-0.0000;0.2804,-0.0000;0.4029,-0.0001;0.5125,-0.0001;0.6094,-0.0002;0.6939,-0.0003;0.7656,-0.0003;0.8256,-0.0003;0.8758,-0.0003;0.9187,-0.0004;0.9565,-0.0004;0.9894,-0.0004;1.0176,-0.0004;1.0410,-0.0004;1.0608,-0.0004;1.0766,-0.0005;1.0891,-0.0005;1.0966,-0.0005;1.0991,-0.0005;1.0998,-0.0004;1.1019,-0.0005;1.1043,-0.0004;1.1043,-0.0004;1.1043,-0.0004;1.1043,-0.0004;1.1043,-0.0004;1.1043,-0.0004;1.1043,-0.0004;1.1043,-0.0004;1.1043,-0.0004;1.1043,-0.0004;1.1043,-0.0004;1.1043,-0.0004;1.1043,-0.0004;1.1043,-0.0004;1.1043,-0.0004;1.1043,-0.0004;1.1043,-0.0004;1.1043,-0.0004;1.1043,-0.0004;1.1043,-0.0004;1.1043,-0.0004;1.1043,-0.0004;1.1047,-0.0005;1.1064,-0.0005;1.1084,-0.0004;1.1109,-0.0005;1.1145,-0.0005;1.1193,-0.0005;1.1251,-0.0005;1.1315,-0.0005;1.1384,-0.0005;1.1475,-0.0005;1.1620,-0.0005;1.1822,-0.0005;1.2081,-0.0005;1.2389,-0.0005;1.2747,-0.0005;1.3152,-0.0005;1.3607,-0.0005;1.4115,-0.0005;1.4679,-0.0005;1.5297,-0.0005;1.5965,-0.0005"
40a11a64-aed4-49c1-b747-b3befdcd708d,8100000,3073,38,7.46,"Stop to yield to the pedestrians crossing into our lane ahead, as they begin entering from the right and/ aligned with our forward path, blocking our way forward towards the roadway.",0.2844,2.1288,"0.0354,-0.0000;0.0630,-0.0000;0.0836,-0.0000;0.0983,-0.0000;0.1083,-0.0000;0.1149,-0.0000;0.1194,-0.0000;0.1228,-0.0000;0.1253,-0.0000;0.1268,-0.0000;0.1272,-0.0000;0.1271,-0.0000;0.1268,-0.0000;0.1264,-0.0000;0.1261,-0.0000;0.1258,-0.0000;0.1256,-0.0000;0.1254,-0.0000;0.1252,-0.0000;0.1250,-0.0000;0.1248,-0.0000;0.1247,-0.0000;0.1246,-0.0000;0.1245,-0.0000;0.1245,-0.0000;0.1244,-0.0000;0.1244,-0.0000;0.1244,-0.0000;0.1245,-0.0000;0.1246,-0.0000;0.1250,-0.0000;0.1256,-0.0000;0.1267,-0.0000;0.1282,-0.0000;0.1304,-0.0000;0.1336,-0.0000;0.1377,-0.0000;0.1430,-0.0000;0.1496,-0.0000;0.1579,-0.0000;0.1688,-0.0000;0.1839,-0.0000;0.2051,-0.0000;0.2341,0.0000;0.2727,0.0000;0.3225,0.0001;0.3851,0.0001;0.4619,0.0002;0.5539,0.0004;0.6618,0.0007;0.7859,0.0012;0.9264,0.0018;1.0835,0.0027;1.2574,0.0039;1.4481,0.0054;1.6558,0.0074;1.8806,0.0099;2.1229,0.0129;2.3827,0.0164;2.6604,0.0205;2.9565,0.0253;3.2717,0.0308;3.6066,0.0369;3.9621,0.0438",0,-1,0.0,SKIPPED,,,,"0.0369,-0.0000;0.0698,-0.0000;0.0980,-0.0000;0.1214,-0.0000;0.1411,-0.0000;0.1570,-0.0001;0.1694,-0.0001;0.1769,-0.0001;0.1794,-0.0001;0.1801,-0.0000;0.1822,-0.0000;0.1847,-0.0000;0.1847,-0.0000;0.1847,-0.0000;0.1847,-0.0000;0.1847,-0.0000;0.1847,-0.0000;0.1847,-0.0000;0.1847,-0.0000;0.1847,-0.0000;0.1847,-0.0000;0.1847,-0.0000;0.1847,-0.0000;0.1847,-0.0000;0.1847,-0.0000;0.1847,-0.0000;0.1847,-0.0000;0.1847,-0.0000;0.1847,-0.0000;0.1847,-0.0000;0.1847,-0.0000;0.1847,-0.0000;0.1847,-0.0000;0.1851,-0.0000;0.1867,-0.0000;0.1887,-0.0000;0.1913,-0.0000;0.1949,-0.0001;0.1997,-0.0001;0.2055,-0.0001;0.2118,-0.0000;0.2187,-0.0000;0.2278,-0.0001;0.2424,-0.0000;0.2626,-0.0000;0.2884,-0.0000;0.3193,-0.0000;0.3551,-0.0000;0.3956,-0.0000;0.4410,-0.0000;0.4919,0.0000;0.5483,0.0000;0.6100,0.0001;0.6769,0.0001;0.7497,0.0002;0.8290,0.0002;0.9163,0.0003;1.0134,0.0004;1.1208,0.0005;1.2393,0.0005;1.3687,0.0006;1.5101,0.0006;1.6650,0.0007;1.8338,0.0008"
40a11a64-aed4-49c1-b747-b3befdcd708d,9100000,3073,12,4.408,Yield to a pedestrian in the crosswalk,0.1538,0.4406,"-0.0003,0.0000;-0.0001,0.0000;-0.0000,0.0000;-0.0002,0.0000;-0.0005,-0.0000;-0.0009,-0.0000;-0.0014,-0.0000;-0.0020,-0.0000;-0.0026,-0.0000;-0.0031,-0.0000;-0.0037,-0.0000;-0.0043,-0.0000;-0.0049,-0.0000;-0.0054,-0.0000;-0.0060,-0.0000;-0.0067,-0.0000;-0.0073,-0.0000;-0.0079,-0.0000;-0.0085,-0.0000;-0.0092,-0.0000;-0.0098,-0.0000;-0.0105,-0.0000;-0.0111,-0.0000;-0.0117,-0.0000;-0.0123,-0.0000;-0.0128,-0.0000;-0.0134,-0.0000;-0.0140,-0.0000;-0.0146,-0.0000;-0.0152,-0.0000;-0.0157,0.0000;-0.0162,0.0000;-0.0166,0.0000;-0.0170,0.0000;-0.0174,0.0000;-0.0178,0.0000;-0.0179,0.0000;-0.0176,0.0000;-0.0166,0.0000;-0.0140,0.0000;-0.0086,0.0000;0.0015,0.0000;0.0189,0.0000;0.0470,0.0000;0.0892,0.0000;0.1484,0.0001;0.2264,0.0002;0.3242,0.0004;0.4418,0.0007;0.5792,0.0012;0.7361,0.0020;0.9123,0.0030;1.1080,0.0044;1.3234,0.0062;1.5583,0.0084;1.8128,0.0113;2.0867,0.0148;2.3796,0.0190;2.6916,0.0239;3.0225,0.0298;3.3724,0.0367;3.7411,0.0446;4.1283,0.0538;4.5335,0.0643",0,-1,0.0,SKIPPED,,,,"0.0021,-0.0000;0.0045,-0.0000;0.0045,-0.0000;0.0045,-0.0000;0.0045,-0.0000;0.0045,-0.0000;0.0045,-0.0000;0.0045,-0.0000;0.0045,-0.0000;0.0045,-0.0000;0.0045,-0.0000;0.0045,-0.0000;0.0045,-0.0000;0.0045,-0.0000;0.0045,-0.0000;0.0045,-0.0000;0.0045,-0.0000;0.0045,-0.0000;0.0045,-0.0000;0.0045,-0.0000;0.0045,-0.0000;0.0045,-0.0000;0.0045,-0.0000;0.0049,-0.0000;0.0066,-0.0000;0.0086,-0.0000;0.0111,-0.0000;0.0147,-0.0001;0.0196,-0.0001;0.0253,-0.0001;0.0317,-0.0000;0.0386,-0.0000;0.0477,-0.0000;0.0622,-0.0000;0.0825,-0.0000;0.1083,-0.0000;0.1392,-0.0000;0.1749,-0.0000;0.2155,-0.0000;0.2609,-0.0000;0.3117,0.0000;0.3681,0.0000;0.4299,0.0001;0.4968,0.0001;0.5695,0.0001;0.6489,0.0002;0.7362,0.0002;0.8333,0.0003;0.9407,0.0004;1.0591,0.0004;1.1886,0.0005;1.3299,0.0005;1.4849,0.0006;1.6536,0.0006;1.8369,0.0007;2.0350,0.0006;2.2477,0.0004;2.4745,0.0005;2.7143,0.0005;2.9661,0.0003;3.2304,-0.0004;3.5069,-0.0009;3.7960,-0.0011;4.0978,-0.0012"
40a11a64-aed4-49c1-b747-b3befdcd708d,10100000,3073,14,4.647,Yield by slowing due to pedestrians in the crosswalk,1.1923,5.3336,"0.0000,0.0000;0.0001,0.0000;0.0001,0.0000;0.0002,0.0000;0.0003,0.0000;0.0004,0.0000;0.0005,0.0000;0.0006,0.0000;0.0007,0.0000;0.0008,0.0000;0.0009,0.0000;0.0010,0.0000;0.0012,0.0000;0.0013,0.0000;0.0014,0.0000;0.0015,0.0000;0.0016,0.0000;0.0018,0.0000;0.0019,0.0000;0.0020,0.0000;0.0021,0.0000;0.0022,0.0000;0.0022,0.0000;0.0023,0.0000;0.0023,0.0000;0.0026,0.0000;0.0033,-0.0000;0.0043,-0.0000;0.0057,-0.0000;0.0072,-0.0000;0.0087,-0.0000;0.0105,-0.0000;0.0132,-0.0000;0.0180,-0.0000;0.0264,-0.0000;0.0396,-0.0000;0.0586,-0.0000;0.0837,-0.0000;0.1152,-0.0000;0.1525,-0.0000;0.1951,-0.0001;0.2422,-0.0001;0.2930,-0.0002;0.3470,-0.0002;0.4039,-0.0003;0.4632,-0.0004;0.5248,-0.0006;0.5886,-0.0007;0.6547,-0.0009;0.7235,-0.0010;0.7956,-0.0013;0.8719,-0.0015;0.9535,-0.0018;1.0414,-0.0021;1.1364,-0.0025;1.2393,-0.0029;1.3506,-0.0033;1.4708,-0.0039;1.6003,-0.0045;1.7395,-0.0051;1.8886,-0.0058;2.0478,-0.0066;2.2176,-0.0074;2.3983,-0.0083",0,-1,0.0,SKIPPED,,,,"0.0000,0.0000;0.0000,0.0000;0.0000,0.0000;0.0000,0.0000;0.0000,0.0000;0.0000,0.0000;0.0000,0.0000;0.0000,0.0000;0.0000,0.0000;0.0000,0.0000;0.0000,0.0000;0.0000,0.0000;0.0000,0.0000;0.0004,-0.0000;0.0021,-0.0000;0.0041,-0.0000;0.0066,-0.0000;0.0102,-0.0000;0.0151,-0.0001;0.0208,-0.0001;0.0272,-0.0000;0.0341,-0.0000;0.0432,-0.0000;0.0577,-0.0000;0.0779,-0.0000;0.1038,-0.0000;0.1347,-0.0000;0.1704,-0.0000;0.2109,-0.0000;0.2564,-0.0000;0.3072,-0.0000;0.3636,-0.0000;0.4254,0.0000;0.4922,0.0000;0.5650,0.0001;0.6444,0.0001;0.7317,0.0002;0.8287,0.0002;0.9362,0.0003;1.0546,0.0003;1.1841,0.0004;1.3254,0.0004;1.4804,0.0004;1.6491,0.0004;1.8323,0.0005;2.0305,0.0004;2.2432,0.0002;2.4700,0.0003;2.7098,0.0003;2.9616,0.0000;3.2259,-0.0007;3.5024,-0.0012;3.7914,-0.0015;4.0933,-0.0016;4.4072,-0.0027;4.7317,-0.0028;5.0670,-0.0035;5.4144,-0.0043;5.7735,-0.0047;6.1443,-0.0059;6.5261,-0.0060;6.9180,-0.0068;7.3196,-0.0070;7.7319,-0.0072"
40a11a64-aed4-49c1-b747-b3befdcd708d,11100000,3073,15,4.768,Yield due to a pedestrian walking across the crosswalk ahead,0.4213,0.5578,"0.0001,-0.0000;0.0002,-0.0000;0.0004,0.0000;0.0007,0.0000;0.0010,0.0000;0.0014,0.0000;0.0017,0.0000;0.0021,0.0000;0.0025,0.0000;0.0029,0.0000;0.0033,0.0000;0.0038,0.0000;0.0044,0.0000;0.0052,0.0000;0.0063,0.0000;0.0077,0.0000;0.0093,0.0000;0.0114,0.0000;0.0144,0.0000;0.0191,0.0000;0.0270,0.0000;0.0400,0.0000;0.0602,0.0000;0.0895,0.0001;0.1295,0.0002;0.1814,0.0004;0.2457,0.0008;0.3229,0.0013;0.4130,0.0022;0.5161,0.0034;0.6323,0.0050;0.7616,0.0071;0.9044,0.0097;1.0609,0.0129;1.2314,0.0168;1.4162,0.0212;1.6152,0.0262;1.8284,0.0317;2.0558,0.0376;2.2974,0.0439;2.5533,0.0504;2.8234,0.0571;3.1078,0.0638;3.4064,0.0705;3.7187,0.0772;4.0445,0.0838;4.3835,0.0903;4.7354,0.0968;5.0999,0.1031;5.4766,0.1095;5.8655,0.1161;6.2660,0.1228;6.6779,0.1298;7.1006,0.1372;7.5337,0.1451;7.9763,0.1537;8.4281,0.1631;8.8887,0.1733;9.3580,0.1844;9.8362,0.1966;10.3233,0.2099;10.8191,0.2244;11.3235,0.2401;11.8360,0.2571",0,-1,0.0,SKIPPED,,,,"0.0000,0.0000;0.0000,0.0000;0.0000,0.0000;0.0004,-0.0000;0.0021,-0.0000;0.0041,-0.0000;0.0066,-0.0000;0.0102,-0.0000;0.0151,-0.0001;0.0208,-0.0001;0.0272,-0.0000;0.0341,-0.0000;0.0432,-0.0000;0.0577,-0.0000;0.0779,-0.0000;0.1038,-0.0000;0.1347,-0.0000;0.1704,-0.0000;0.2109,-0.0000;0.2564,-0.0000;0.3072,-0.0000;0.3636,-0.0000;0.4254,0.0000;0.4922,0.0000;0.5650,0.0001;0.6444,0.0001;0.7317,0.0002;0.8287,0.0002;0.9362,0.0003;1.0546,0.0003;1.1841,0.0004;1.3254,0.0004;1.4804,0.0004;1.6491,0.0004;1.8323,0.0005;2.0305,0.0004;2.2432,0.0002;2.4700,0.0003;2.7098,0.0003;2.9616,0.0000;3.2259,-0.0007;3.5024,-0.0012;3.7914,-0.0015;4.0933,-0.0016;4.4072,-0.0027;4.7317,-0.0028;5.0670,-0.0035;5.4144,-0.0043;5.7735,-0.0047;6.1443,-0.0059;6.5261,-0.0060;6.9180,-0.0068;7.3196,-0.0070;7.7319,-0.0072;8.1551,-0.0073;8.5874,-0.0072;9.0276,-0.0057;9.4753,-0.0049;9.9306,-0.0047;10.3934,-0.0030;10.8649,-0.0011;11.3453,0.0006;11.8350,0.0024;12.3336,0.0050"
40a11a64-aed4-49c1-b747-b3befdcd708d,12100000,3073,14,4.623,Stop to yield to the pedestrians in the crosswalk ahead,0.6338,3.1727,"0.0063,0.0000;0.0132,0.0000;0.0223,0.0000;0.0351,0.0000;0.0529,0.0000;0.0768,0.0000;0.1077,0.0000;0.1464,0.0000;0.1936,0.0001;0.2498,0.0001;0.3152,0.0001;0.3901,0.0002;0.4745,0.0002;0.5686,0.0003;0.6725,0.0004;0.7862,0.0005;0.9098,0.0006;1.0436,0.0007;1.1875,0.0009;1.3416,0.0010;1.5058,0.0011;1.6800,0.0013;1.8643,0.0015;2.0584,0.0016;2.2621,0.0018;2.4751,0.0021;2.6967,0.0024;2.9263,0.0028;3.1630,0.0032;3.4060,0.0038;3.6550,0.0046;3.9098,0.0055;4.1705,0.0065;4.4371,0.0078;4.7097,0.0093;4.9881,0.0110;5.2722,0.0130;5.5619,0.0151;5.8570,0.0174;6.1576,0.0198;6.4637,0.0225;6.7755,0.0252;7.0932,0.0281;7.4171,0.0311;7.7471,0.0343;8.0835,0.0375;8.4263,0.0408;8.7753,0.0443;9.1303,0.0479;9.4908,0.0518;9.8559,0.0558;10.2244,0.0601;10.5949,0.0647;10.9661,0.0697;11.3372,0.0752;11.7074,0.0813;12.0760,0.0882;12.4428,0.0960;12.8075,0.1049;13.1700,0.1151;13.5305,0.1268;13.8894,0.1403;14.2469,0.1556;14.6036,0.1731",0,-1,0.0,SKIPPED,,,,"0.0062,0.0000;0.0131,0.0000;0.0222,0.0000;0.0368,0.0000;0.0570,0.0000;0.0828,0.0000;0.1137,0.0000;0.1494,0.0000;0.1900,-0.0000;0.2354,-0.0000;0.2862,0.0000;0.3427,0.0000;0.4044,0.0001;0.4713,0.0001;0.5440,0.0001;0.6234,0.0002;0.7107,0.0002;0.8078,0.0003;0.9152,0.0003;1.0337,0.0003;1.1631,0.0004;1.3044,0.0004;1.4594,0.0005;1.6281,0.0005;1.8114,0.0005;2.0095,0.0004;2.2222,0.0003;2.4490,0.0003;2.6888,0.0003;2.9406,0.0000;3.2049,-0.0007;3.4815,-0.0012;3.7705,-0.0015;4.0723,-0.0016;4.3862,-0.0027;4.7107,-0.0028;5.0460,-0.0035;5.3934,-0.0043;5.7525,-0.0047;6.1233,-0.0059;6.5052,-0.0060;6.8971,-0.0068;7.2986,-0.0070;7.7109,-0.0072;8.1341,-0.0073;8.5664,-0.0072;9.0066,-0.0058;9.4544,-0.0049;9.9096,-0.0047;10.3725,-0.0031;10.8439,-0.0011;11.3243,0.0005;11.8140,0.0024;12.3127,0.0050;12.8199,0.0070;13.3354,0.0119;13.8600,0.0151;14.3935,0.0198;14.9370,0.0266;15.4902,0.0367;16.0525,0.0496;16.6217,0.0665;17.1956,0.0892;17.7757,0.1152"
40a11a64-aed4-49c1-b747-b3befdcd708d,13100000,3073,28,6.278,Yield to the pedestrian crossing our lane in front since a person is walking across our path between 2 and 4 seconds,1.781,2.6591,"0.0503,-0.0000;0.1058,-0.0000;0.1672,-0.0000;0.2355,-0.0001;0.3118,-0.0001;0.3976,-0.0002;0.4945,-0.0002;0.6043,-0.0003;0.7288,-0.0005;0.8698,-0.0006;1.0289,-0.0008;1.2073,-0.0010;1.4056,-0.0012;1.6241,-0.0014;1.8623,-0.0015;2.1198,-0.0016;2.3960,-0.0016;2.6904,-0.0013;3.0027,-0.0008;3.3325,0.0001;3.6798,0.0016;4.0441,0.0038;4.4252,0.0069;4.8227,0.0111;5.2358,0.0167;5.6642,0.0240;6.1074,0.0333;6.5652,0.0448;7.0376,0.0587;7.5249,0.0753;8.0270,0.0947;8.5435,0.1169;9.0733,0.1421;9.6150,0.1700;10.1664,0.2006;10.7250,0.2336;11.2887,0.2687;11.8553,0.3057;12.4235,0.3443;12.9920,0.3843;13.5600,0.4255;14.1266,0.4677;14.6912,0.5106;15.2533,0.5543;15.8125,0.5986;16.3684,0.6433;16.9211,0.6885;17.4706,0.7340;18.0169,0.7800;18.5599,0.8265;19.0995,0.8736;19.6354,0.9213;20.1679,0.9698;20.6975,1.0194;21.2258,1.0706;21.7542,1.1236;22.2844,1.1789;22.8172,1.2369;23.3533,1.2978;23.8932,1.3619;24.4376,1.4294;24.9879,1.5004;25.5456,1.5752;26.1121,1.6538",0,-1,0.0,SKIPPED,,,,"0.0498,0.0000;0.1062,0.0000;0.1679,0.0001;0.2348,0.0000;0.3076,0.0001;0.3869,0.0001;0.4742,0.0001;0.5713,0.0002;0.6787,0.0002;0.7972,0.0003;0.9267,0.0003;1.0680,0.0003;1.2229,0.0003;1.3917,0.0003;1.5749,0.0003;1.7731,0.0003;1.9858,0.0000;2.2126,0.0001;2.4524,0.0000;2.7042,-0.0003;2.9685,-0.0010;3.2450,-0.0016;3.5340,-0.0019;3.8358,-0.0020;4.1498,-0.0032;4.4742,-0.0033;4.8096,-0.0040;5.1569,-0.0049;5.5161,-0.0053;5.8868,-0.0065;6.2687,-0.0067;6.6606,-0.0075;7.0622,-0.0078;7.4745,-0.0080;7.8977,-0.0082;8.3299,-0.0081;8.7702,-0.0067;9.2179,-0.0059;9.6732,-0.0058;10.1360,-0.0042;10.6075,-0.0023;11.0878,-0.0007;11.5776,0.0011;12.0762,0.0036;12.5834,0.0056;13.0989,0.0105;13.6236,0.0136;14.1571,0.0182;14.7006,0.0250;15.2537,0.0350;15.8160,0.0479;16.3852,0.0646;16.9591,0.0873;17.5393,0.1132;18.1250,0.1439;18.7155,0.1794;19.3107,0.2210;19.9102,0.2687;20.5142,0.3200;21.1276,0.3787;21.7493,0.4419;22.3761,0.5105;23.0076,0.5851;23.6435,0.6653"
40a11a64-aed4-49c1-b747-b3befdcd708d,14100000,3073,17,5.001,Stop to yield to the pedestrian since they are crossing ahead in our lane,1.3031,0.7463,"0.1305,-0.0000;0.2739,-0.0000;0.4315,0.0000;0.6041,0.0001;0.7926,0.0003;0.9976,0.0006;1.2193,0.0012;1.4582,0.0022;1.7144,0.0036;1.9880,0.0055;2.2792,0.0080;2.5883,0.0112;2.9157,0.0151;3.2619,0.0198;3.6271,0.0253;4.0112,0.0317;4.4142,0.0389;4.8359,0.0470;5.2763,0.0559;5.7351,0.0657;6.2121,0.0763;6.7067,0.0878;7.2177,0.1000;7.7439,0.1129;8.2832,0.1264;8.8334,0.1405;9.3920,0.1550;9.9572,0.1698;10.5275,0.1850;11.1016,0.2003;11.6787,0.2159;12.2578,0.2316;12.8379,0.2473;13.4188,0.2633;14.0001,0.2794;14.5815,0.2956;15.1627,0.3121;15.7431,0.3289;16.3221,0.3461;16.8992,0.3638;17.4740,0.3821;18.0464,0.4012;18.6164,0.4213;19.1843,0.4427;19.7504,0.4654;20.3153,0.4898;20.8789,0.5161;21.4405,0.5447;21.9993,0.5760;22.5547,0.6103;23.1063,0.6482;23.6542,0.6900;24.1988,0.7360;24.7401,0.7862;25.2786,0.8405;25.8149,0.8988;26.3499,0.9607;26.8851,1.0258;27.4222,1.0938;27.9633,1.1641;28.5105,1.2364;29.0656,1.3102;29.6305,1.3848;30.2064,1.4596",0,-1,0.0,SKIPPED,,,,"0.1267,0.0000;0.2680,-0.0000;0.4230,-0.0000;0.5917,-0.0001;0.7750,-0.0001;0.9731,-0.0002;1.1858,-0.0005;1.4126,-0.0005;1.6524,-0.0006;1.9042,-0.0009;2.1685,-0.0017;2.4450,-0.0023;2.7340,-0.0027;3.0359,-0.0029;3.3498,-0.0041;3.6743,-0.0043;4.0096,-0.0051;4.3570,-0.0060;4.7161,-0.0066;5.0869,-0.0079;5.4687,-0.0081;5.8606,-0.0090;6.2622,-0.0094;6.6745,-0.0097;7.0977,-0.0099;7.5300,-0.0099;7.9702,-0.0087;8.4179,-0.0079;8.8732,-0.0079;9.3360,-0.0064;9.8075,-0.0046;10.2879,-0.0031;10.7776,-0.0014;11.2762,0.0010;11.7834,0.0028;12.2990,0.0077;12.8236,0.0106;13.3571,0.0151;13.9006,0.0218;14.4538,0.0317;15.0161,0.0445;15.5853,0.0611;16.1592,0.0836;16.7394,0.1094;17.3250,0.1400;17.9156,0.1754;18.5108,0.2169;19.1103,0.2644;19.7143,0.3156;20.3277,0.3742;20.9495,0.4372;21.5762,0.5057;22.2077,0.5802;22.8437,0.6602;23.4849,0.7463;24.1319,0.8370;24.7842,0.9323;25.4408,1.0300;26.1024,1.1300;26.7695,1.2321;27.4417,1.3356;28.1186,1.4409;28.8001,1.5468;29.4856,1.6532"
40a11a64-aed4-49c1-b747-b3befdcd708d,15100000,3073,14,4.656,Yield due to a pedestrian walking across the road ahead,0.4575,1.8958,"0.2647,-0.0000;0.5436,-0.0002;0.8365,-0.0004;1.1433,-0.0006;1.4641,-0.0009;1.7985,-0.0012;2.1463,-0.0014;2.5068,-0.0015;2.8797,-0.0013;3.2642,-0.0008;3.6601,0.0002;4.0670,0.0018;4.4844,0.0041;4.9117,0.0072;5.3481,0.0114;5.7929,0.0166;6.2459,0.0229;6.7073,0.0306;7.1772,0.0396;7.6552,0.0499;8.1407,0.0615;8.6325,0.0743;9.1300,0.0883;9.6326,0.1032;10.1401,0.1191;10.6524,0.1358;11.1694,0.1532;11.6910,0.1712;12.2171,0.1898;12.7477,0.2089;13.2826,0.2286;13.8220,0.2489;14.3658,0.2697;14.9141,0.2912;15.4666,0.3135;16.0232,0.3366;16.5837,0.3608;17.1482,0.3864;17.7169,0.4136;18.2901,0.4427;18.8677,0.4741;19.4491,0.5082;20.0339,0.5453;20.6217,0.5857;21.2127,0.6298;21.8072,0.6777;22.4055,0.7299;23.0077,0.7864;23.6132,0.8472;24.2214,0.9124;24.8317,0.9818;25.4436,1.0551;26.0569,1.1321;26.6718,1.2128;27.2884,1.2968;27.9065,1.3839;28.5259,1.4737;29.1464,1.5659;29.7681,1.6600;30.3913,1.7557;31.0164,1.8525;31.6437,1.9502;32.2734,2.0483;32.9056,2.1461",0,-1,0.0,SKIPPED,,,,"0.2586,-0.0005;0.5351,-0.0008;0.8241,-0.0008;1.1260,-0.0007;1.4399,-0.0016;1.7644,-0.0015;2.0997,-0.0019;2.4471,-0.0024;2.8062,-0.0026;3.1770,-0.0035;3.5588,-0.0033;3.9507,-0.0038;4.3523,-0.0037;4.7646,-0.0036;5.1878,-0.0033;5.6201,-0.0029;6.0603,-0.0011;6.5080,0.0001;6.9633,0.0006;7.4261,0.0026;7.8976,0.0049;8.3779,0.0069;8.8677,0.0091;9.3663,0.0121;9.8735,0.0145;10.3890,0.0199;10.9137,0.0234;11.4472,0.0285;11.9907,0.0357;12.5438,0.0463;13.1061,0.0596;13.6753,0.0769;14.2492,0.1000;14.8293,0.1264;15.4150,0.1577;16.0055,0.1936;16.6006,0.2358;17.2001,0.2840;17.8041,0.3358;18.4174,0.3951;19.0391,0.4588;19.6657,0.5279;20.2972,0.6031;20.9331,0.6839;21.5742,0.7706;22.2211,0.8621;22.8733,0.9580;23.5298,1.0564;24.1913,1.1572;24.8582,1.2599;25.5303,1.3642;26.2071,1.4703;26.8885,1.5769;27.5739,1.6840;28.2674,1.7920;28.9662,1.9003;29.6694,2.0089;30.3791,2.1166;31.0929,2.2226;31.8101,2.3262;32.5313,2.4259;33.2576,2.5205;33.9869,2.6115;34.7191,2.6988"
40a11a64-aed4-49c1-b747-b3befdcd708d,16100000,3073,17,5.024,Keep distance to the cut-in scooter since it merges into our lane ahead,5.5383,14.4321,"0.3807,-0.0000;0.7693,-0.0000;1.1658,0.0000;1.5694,0.0001;1.9786,0.0003;2.3913,0.0007;2.8055,0.0012;3.2196,0.0019;3.6326,0.0028;4.0439,0.0040;4.4535,0.0055;4.8612,0.0072;5.2667,0.0092;5.6694,0.0116;6.0683,0.0142;6.4626,0.0171;6.8518,0.0204;7.2361,0.0240;7.6162,0.0280;7.9927,0.0325;8.3658,0.0373;8.7356,0.0427;9.1022,0.0485;9.4654,0.0549;9.8254,0.0619;10.1824,0.0695;10.5362,0.0777;10.8865,0.0866;11.2328,0.0960;11.5749,0.1062;11.9125,0.1169;12.2456,0.1282;12.5748,0.1401;12.9006,0.1527;13.2241,0.1659;13.5458,0.1799;13.8660,0.1945;14.1850,0.2100;14.5033,0.2262;14.8222,0.2433;15.1435,0.2614;15.4693,0.2808;15.8012,0.3016;16.1402,0.3241;16.4864,0.3484;16.8399,0.3747;17.2008,0.4032;17.5690,0.4342;17.9451,0.4679;18.3295,0.5046;18.7225,0.5447;19.1245,0.5883;19.5356,0.6357;19.9560,0.6870;20.3854,0.7425;20.8240,0.8020;21.2718,0.8657;21.7291,0.9336;22.1959,1.0055;22.6726,1.0813;23.1591,1.1608;23.6552,1.2437;24.1607,1.3296;24.6752,1.4180",0,-1,0.0,SKIPPED,,,,"0.3735,0.0004;0.7654,0.0002;1.1670,0.0005;1.5793,0.0009;2.0025,0.0014;2.4348,0.0021;2.8750,0.0041;3.3227,0.0056;3.7780,0.0064;4.2408,0.0087;4.7123,0.0113;5.1926,0.0136;5.6824,0.0161;6.1810,0.0194;6.6882,0.0221;7.2037,0.0278;7.7284,0.0317;8.2619,0.0371;8.8053,0.0447;9.3585,0.0556;9.9207,0.0693;10.4899,0.0869;11.0638,0.1104;11.6439,0.1372;12.2296,0.1688;12.8200,0.2051;13.4152,0.2476;14.0146,0.2962;14.6185,0.3484;15.2318,0.4080;15.8535,0.4721;16.4801,0.5416;17.1115,0.6173;17.7473,0.6984;18.3884,0.7855;19.0352,0.8774;19.6874,0.9737;20.3438,1.0725;21.0053,1.1737;21.6721,1.2769;22.3442,1.3816;23.0209,1.4881;23.7022,1.5951;24.3875,1.7026;25.0809,1.8110;25.7797,1.9198;26.4828,2.0288;27.1925,2.1370;27.9062,2.2434;28.6234,2.3475;29.3445,2.4476;30.0707,2.5426;30.7999,2.6341;31.5321,2.7219;32.2677,2.8036;33.0055,2.8799;33.7452,2.9511;34.4870,3.0163;35.2317,3.0754;35.9790,3.1303;36.7290,3.1809;37.4820,3.2241;38.2339,3.2614;38.9850,3.2931"
40a11a64-aed4-49c1-b747-b3befdcd708d,17100000,3073,17,5.015,Keep distance from the lead van since it is directly ahead in our lane,1.2469,2.869,"0.4715,0.0003;0.9522,0.0011;1.4406,0.0027;1.9360,0.0051;2.4380,0.0085;2.9468,0.0129;3.4629,0.0185;3.9863,0.0252;4.5173,0.0333;5.0555,0.0425;5.6008,0.0531;6.1526,0.0650;6.7106,0.0782;7.2741,0.0929;7.8427,0.1091;8.4160,0.1268;8.9941,0.1462;9.5770,0.1672;10.1650,0.1899;10.7576,0.2143;11.3542,0.2401;11.9534,0.2674;12.5546,0.2960;13.1576,0.3259;13.7628,0.3571;14.3706,0.3897;14.9813,0.4239;15.5947,0.4598;16.2106,0.4974;16.8285,0.5368;17.4482,0.5781;18.0697,0.6212;18.6932,0.6663;19.3188,0.7134;19.9469,0.7625;20.5777,0.8137;21.2112,0.8670;21.8474,0.9225;22.4860,0.9801;23.1269,1.0400;23.7698,1.1022;24.4148,1.1669;25.0620,1.2342;25.7114,1.3043;26.3633,1.3775;27.0178,1.4539;27.6750,1.5334;28.3347,1.6161;28.9970,1.7017;29.6617,1.7900;30.3291,1.8808;30.9991,1.9736;31.6720,2.0681;32.3477,2.1638;33.0262,2.2604;33.7069,2.3572;34.3895,2.4536;35.0739,2.5491;35.7604,2.6431;36.4500,2.7352;37.1434,2.8250;37.8407,2.9119;38.5414,2.9952;39.2445,3.0744",0,-1,0.0,SKIPPED,,,,"0.4610,0.0004;0.9413,0.0005;1.4311,0.0007;1.9297,0.0017;2.4369,0.0021;2.9524,0.0054;3.4771,0.0068;4.0106,0.0097;4.5541,0.0148;5.1073,0.0232;5.6696,0.0342;6.2389,0.0492;6.8129,0.0701;7.3931,0.0942;7.9789,0.1231;8.5695,0.1566;9.1649,0.1964;9.7645,0.2422;10.3687,0.2916;10.9822,0.3484;11.6042,0.4096;12.2311,0.4762;12.8628,0.5489;13.4991,0.6271;14.1405,0.7113;14.7878,0.8001;15.4403,0.8935;16.0972,0.9892;16.7591,1.0874;17.4265,1.1874;18.0990,1.2890;18.7762,1.3924;19.4580,1.4962;20.1438,1.6006;20.8377,1.7058;21.5370,1.8113;22.2406,1.9171;22.9508,2.0220;23.6650,2.1251;24.3826,2.2258;25.1042,2.3226;25.8308,2.4143;26.5605,2.5023;27.2930,2.5868;28.0290,2.6651;28.7672,2.7379;29.5072,2.8057;30.2493,2.8674;30.9942,2.9231;31.7418,2.9745;32.4920,3.0216;33.2452,3.0614;33.9973,3.0952;34.7485,3.1234;35.4987,3.1449;36.2470,3.1592;36.9930,3.1682;37.7361,3.1719;38.4738,3.1692;39.2081,3.1612;39.9398,3.1492;40.6691,3.1338;41.3935,3.1126;42.1135,3.0881"
40a11a64-aed4-49c1-b747-b3befdcd708d,18100000,3073,18,5.115,Nudge left due to the stopped van blocking the right side of our lane,2.2965,5.7497,"0.5624,0.0016;1.1329,0.0065;1.7110,0.0152;2.2968,0.0281;2.8900,0.0456;3.4903,0.0678;4.0973,0.0950;4.7099,0.1271;5.3272,0.1641;5.9481,0.2058;6.5718,0.2520;7.1975,0.3025;7.8247,0.3570;8.4523,0.4153;9.0793,0.4770;9.7042,0.5419;10.3259,0.6097;10.9436,0.6803;11.5569,0.7533;12.1661,0.8285;12.7711,0.9057;13.3719,0.9844;13.9684,1.0641;14.5604,1.1444;15.1478,1.2248;15.7307,1.3050;16.3090,1.3845;16.8826,1.4629;17.4516,1.5399;18.0162,1.6151;18.5770,1.6881;19.1345,1.7586;19.6895,1.8265;20.2429,1.8912;20.7954,1.9524;21.3478,2.0100;21.9009,2.0637;22.4558,2.1133;23.0136,2.1586;23.5753,2.1996;24.1414,2.2360;24.7123,2.2674;25.2881,2.2936;25.8685,2.3144;26.4535,2.3294;27.0428,2.3383;27.6362,2.3408;28.2338,2.3368;28.8357,2.3258;29.4415,2.3077;30.0512,2.2823;30.6642,2.2493;31.2805,2.2087;31.8998,2.1603;32.5220,2.1044;33.1472,2.0410;33.7753,1.9706;34.4064,1.8937;35.0404,1.8110;35.6776,1.7236;36.3178,1.6324;36.9611,1.5383;37.6070,1.4425;38.2554,1.3458",0,-1,0.0,SKIPPED,,,,"0.5497,0.0010;1.1192,0.0057;1.6934,0.0163;2.2740,0.0299;2.8602,0.0483;3.4513,0.0713;4.0473,0.1004;4.6477,0.1354;5.2526,0.1740;5.8671,0.2197;6.4901,0.2698;7.1181,0.3251;7.7510,0.3864;8.3885,0.4531;9.0314,0.5258;9.6801,0.6030;10.3343,0.6846;10.9928,0.7686;11.6564,0.8548;12.3254,0.9429;12.9996,1.0323;13.6786,1.1235;14.3622,1.2151;15.0497,1.3072;15.7454,1.3999;16.4464,1.4928;17.1519,1.5859;17.8638,1.6781;18.5797,1.7683;19.2991,1.8561;20.0223,1.9400;20.7504,2.0186;21.4815,2.0935;22.2155,2.1648;22.9528,2.2298;23.6921,2.2894;24.4332,2.3440;25.1763,2.3923;25.9221,2.4346;26.6705,2.4726;27.4215,2.5062;28.1752,2.5325;28.9278,2.5527;29.6794,2.5675;30.4298,2.5755;31.1783,2.5763;31.9243,2.5719;32.6673,2.5623;33.4049,2.5464;34.1389,2.5251;34.8703,2.5000;35.5992,2.4715;36.3231,2.4373;37.0425,2.3999;37.7571,2.3592;38.4628,2.3126;39.1641,2.2635;39.8616,2.2121;40.5542,2.1552;41.2442,2.0953;41.9322,2.0328;42.6170,1.9641;43.3014,1.8925;43.9857,1.8183"
40a11a64-aed4-49c1-b747-b3befdcd708d,19100000,3073,17,4.984,Nudge left due to the van blocking the right side of our lane,2.3875,4.3116,"0.6224,0.0027;1.2470,0.0106;1.8719,0.0236;2.4957,0.0410;3.1177,0.0624;3.7381,0.0872;4.3571,0.1150;4.9750,0.1451;5.5919,0.1768;6.2077,0.2098;6.8224,0.2434;7.4358,0.2773;8.0482,0.3113;8.6600,0.3449;9.2719,0.3778;9.8841,0.4099;10.4970,0.4406;11.1107,0.4696;11.7252,0.4966;12.3406,0.5211;12.9569,0.5428;13.5742,0.5612;14.1926,0.5762;14.8121,0.5873;15.4328,0.5943;16.0546,0.5970;16.6776,0.5952;17.3018,0.5885;17.9274,0.5768;18.5548,0.5596;19.1842,0.5366;19.8153,0.5075;20.4479,0.4719;21.0814,0.4296;21.7157,0.3803;22.3508,0.3236;22.9873,0.2593;23.6257,0.1871;24.2663,0.1070;24.9089,0.0186;25.5529,-0.0778;26.1979,-0.1821;26.8434,-0.2941;27.4893,-0.4137;28.1358,-0.5407;28.7836,-0.6747;29.4331,-0.8156;30.0846,-0.9627;30.7379,-1.1156;31.3925,-1.2735;32.0481,-1.4355;32.7044,-1.6009;33.3620,-1.7690;34.0215,-1.9395;34.6835,-2.1121;35.3485,-2.2865;36.0163,-2.4624;36.6865,-2.6392;37.3586,-2.8167;38.0326,-2.9947;38.7083,-3.1730;39.3859,-3.3514;40.0654,-3.5298;40.7466,-3.7081",0,-1,0.0,SKIPPED,,,,"0.6104,0.0006;1.2408,0.0061;1.8766,0.0172;2.5174,0.0333;3.1640,0.0548;3.8168,0.0805;4.4754,0.1101;5.1385,0.1417;5.8068,0.1752;6.4807,0.2100;7.1599,0.2459;7.8439,0.2831;8.5326,0.3203;9.2253,0.3577;9.9261,0.3950;10.6323,0.4323;11.3429,0.4693;12.0599,0.5048;12.7807,0.5381;13.5047,0.5688;14.2323,0.5952;14.9644,0.6159;15.6992,0.6328;16.4364,0.6457;17.1766,0.6523;17.9183,0.6532;18.6614,0.6489;19.4060,0.6383;20.1528,0.6215;20.9018,0.6002;21.6531,0.5743;22.4065,0.5408;23.1584,0.5015;23.9088,0.4567;24.6575,0.4053;25.4037,0.3470;26.1470,0.2836;26.8870,0.2152;27.6210,0.1410;28.3510,0.0617;29.0781,-0.0212;29.8025,-0.1072;30.5214,-0.1986;31.2356,-0.2928;31.9447,-0.3898;32.6446,-0.4921;33.3397,-0.5966;34.0310,-0.7030;34.7169,-0.8145;35.4000,-0.9288;36.0809,-1.0455;36.7581,-1.1682;37.4347,-1.2937;38.1110,-1.4218;38.7897,-1.5570;39.4706,-1.6955;40.1532,-1.8370;40.8376,-1.9819;41.5227,-2.1289;42.2086,-2.2776;42.8978,-2.4286;43.5894,-2.5809;44.2830,-2.7341;44.9793,-2.8868"
1de484ec-e29f-41ca-b4e8-4c91e0a1d66c,5100000,3073,14,4.648,Keep distance to the lead vehicle since it is slowing ahead,0.7556,1.2458,"0.3638,-0.0000;0.7254,-0.0001;1.0834,-0.0001;1.4364,-0.0003;1.7832,-0.0005;2.1225,-0.0008;2.4532,-0.0012;2.7745,-0.0016;3.0854,-0.0021;3.3854,-0.0027;3.6738,-0.0033;3.9504,-0.0040;4.2148,-0.0048;4.4670,-0.0055;4.7068,-0.0063;4.9340,-0.0071;5.1483,-0.0078;5.3492,-0.0086;5.5365,-0.0093;5.7101,-0.0100;5.8701,-0.0107;6.0168,-0.0113;6.1506,-0.0119;6.2715,-0.0125;6.3796,-0.0130;6.4751,-0.0134;6.5580,-0.0138;6.6289,-0.0141;6.6885,-0.0144;6.7382,-0.0146;6.7796,-0.0148;6.8142,-0.0149;6.8433,-0.0151;6.8680,-0.0152;6.8890,-0.0153;6.9064,-0.0154;6.9207,-0.0154;6.9324,-0.0155;6.9420,-0.0155;6.9503,-0.0156;6.9577,-0.0156;6.9644,-0.0156;6.9706,-0.0157;6.9764,-0.0157;6.9822,-0.0157;6.9878,-0.0157;6.9933,-0.0158;6.9988,-0.0158;7.0044,-0.0158;7.0099,-0.0158;7.0154,-0.0159;7.0210,-0.0159;7.0265,-0.0159;7.0321,-0.0159;7.0377,-0.0160;7.0432,-0.0160;7.0488,-0.0160;7.0544,-0.0160;7.0600,-0.0161;7.0656,-0.0161;7.0712,-0.0161;7.0768,-0.0161;7.0824,-0.0162;7.0881,-0.0162",0,-1,0.0,SKIPPED,,,,"0.3360,0.0001;0.6970,0.0006;1.0542,0.0012;1.4054,0.0015;1.7498,0.0017;2.0858,0.0023;2.4117,0.0026;2.7273,0.0034;3.0326,0.0045;3.3249,0.0048;3.6013,0.0041;3.8596,0.0050;4.1004,0.0052;4.3234,0.0046;4.5286,0.0046;4.7152,0.0048;4.8860,0.0046;5.0409,0.0048;5.1806,0.0050;5.3048,0.0051;5.4133,0.0052;5.5064,0.0053;5.5845,0.0054;5.6479,0.0055;5.6970,0.0055;5.7347,0.0056;5.7642,0.0056;5.7878,0.0056;5.8070,0.0056;5.8222,0.0056;5.8327,0.0056;5.8361,0.0056;5.8374,0.0056;5.8407,0.0056;5.8425,0.0056;5.8425,0.0056;5.8425,0.0056;5.8425,0.0056;5.8425,0.0056;5.8425,0.0056;5.8425,0.0056;5.8425,0.0056;5.8425,0.0056;5.8425,0.0056;5.8425,0.0056;5.8425,0.0056;5.8425,0.0056;5.8425,0.0056;5.8425,0.0056;5.8425,0.0056;5.8425,0.0056;5.8425,0.0056;5.8425,0.0056;5.8425,0.0056;5.8425,0.0056;5.8425,0.0056;5.8425,0.0056;5.8425,0.0056;5.8425,0.0056;5.8425,0.0056;5.8425,0.0056;5.8425,0.0056;5.8425,0.0056;5.8425,0.0056"
1de484ec-e29f-41ca-b4e8-4c91e0a1d66c,6100000,3073,16,4.871,Slow down to maintain a safe gap behind the stopped lead vehicle ahead,0.7579,1.6563,"0.2795,-0.0000;0.5454,-0.0001;0.7973,-0.0001;1.0348,-0.0002;1.2577,-0.0003;1.4662,-0.0004;1.6601,-0.0005;1.8397,-0.0007;2.0050,-0.0008;2.1561,-0.0009;2.2931,-0.0011;2.4160,-0.0012;2.5252,-0.0014;2.6209,-0.0015;2.7042,-0.0016;2.7768,-0.0018;2.8407,-0.0019;2.8976,-0.0020;2.9489,-0.0021;2.9950,-0.0022;3.0362,-0.0022;3.0725,-0.0023;3.1043,-0.0024;3.1321,-0.0024;3.1565,-0.0025;3.1784,-0.0025;3.1987,-0.0026;3.2178,-0.0026;3.2358,-0.0027;3.2530,-0.0027;3.2697,-0.0028;3.2860,-0.0028;3.3022,-0.0028;3.3182,-0.0029;3.3342,-0.0029;3.3500,-0.0029;3.3656,-0.0030;3.3810,-0.0030;3.3960,-0.0031;3.4104,-0.0031;3.4242,-0.0031;3.4375,-0.0032;3.4504,-0.0032;3.4631,-0.0032;3.4762,-0.0033;3.4900,-0.0033;3.5048,-0.0034;3.5209,-0.0034;3.5389,-0.0035;3.5593,-0.0035;3.5827,-0.0036;3.6098,-0.0037;3.6407,-0.0038;3.6752,-0.0039;3.7131,-0.0040;3.7540,-0.0041;3.7976,-0.0043;3.8438,-0.0044;3.8924,-0.0046;3.9436,-0.0048;3.9971,-0.0050;4.0530,-0.0052;4.1112,-0.0054;4.1717,-0.0057",0,-1,0.0,SKIPPED,,,,"0.2545,-0.0013;0.5128,-0.0009;0.7535,-0.0014;0.9766,-0.0025;1.1818,-0.0029;1.3684,-0.0032;1.5391,-0.0037;1.6941,-0.0039;1.8337,-0.0040;1.9580,-0.0042;2.0665,-0.0043;2.1596,-0.0044;2.2377,-0.0045;2.3010,-0.0046;2.3501,-0.0047;2.3879,-0.0047;2.4174,-0.0048;2.4410,-0.0048;2.4601,-0.0048;2.4754,-0.0048;2.4858,-0.0049;2.4892,-0.0049;2.4905,-0.0049;2.4939,-0.0049;2.4957,-0.0049;2.4957,-0.0049;2.4957,-0.0049;2.4957,-0.0049;2.4957,-0.0049;2.4957,-0.0049;2.4957,-0.0049;2.4957,-0.0049;2.4957,-0.0049;2.4957,-0.0049;2.4957,-0.0049;2.4957,-0.0049;2.4957,-0.0049;2.4957,-0.0049;2.4957,-0.0049;2.4957,-0.0049;2.4957,-0.0049;2.4957,-0.0049;2.4957,-0.0049;2.4957,-0.0049;2.4957,-0.0049;2.4957,-0.0049;2.4957,-0.0049;2.4957,-0.0049;2.4957,-0.0049;2.4957,-0.0049;2.4957,-0.0049;2.4957,-0.0049;2.4957,-0.0049;2.4957,-0.0049;2.4957,-0.0049;2.4957,-0.0049;2.4957,-0.0049;2.4957,-0.0049;2.4957,-0.0049;2.4972,-0.0049;2.5010,-0.0049;2.5054,-0.0049;2.5104,-0.0049;2.5154,-0.0049"
1de484ec-e29f-41ca-b4e8-4c91e0a1d66c,7100000,3073,15,4.765,Stop to keep distance to the lead vehicle blocking the lane ahead,0.1613,0.1276,"0.1090,-0.0000;0.2031,-0.0000;0.2835,-0.0000;0.3515,-0.0000;0.4080,-0.0000;0.4539,-0.0000;0.4903,-0.0000;0.5183,-0.0000;0.5392,-0.0001;0.5547,-0.0001;0.5665,-0.0001;0.5761,-0.0001;0.5845,-0.0001;0.5921,-0.0001;0.5990,-0.0001;0.6052,-0.0001;0.6111,-0.0001;0.6168,-0.0001;0.6226,-0.0001;0.6285,-0.0001;0.6343,-0.0001;0.6402,-0.0001;0.6462,-0.0001;0.6521,-0.0001;0.6580,-0.0001;0.6640,-0.0001;0.6700,-0.0001;0.6761,-0.0001;0.6821,-0.0001;0.6882,-0.0001;0.6942,-0.0001;0.7003,-0.0001;0.7064,-0.0001;0.7125,-0.0001;0.7186,-0.0001;0.7248,-0.0001;0.7309,-0.0001;0.7370,-0.0001;0.7431,-0.0001;0.7493,-0.0001;0.7554,-0.0001;0.7616,-0.0001;0.7677,-0.0001;0.7739,-0.0001;0.7800,-0.0001;0.7861,-0.0001;0.7922,-0.0001;0.7983,-0.0001;0.8044,-0.0001;0.8105,-0.0001;0.8166,-0.0001;0.8227,-0.0001;0.8288,-0.0001;0.8348,-0.0001;0.8409,-0.0001;0.8470,-0.0001;0.8530,-0.0001;0.8590,-0.0001;0.8651,-0.0001;0.8711,-0.0001;0.8770,-0.0001;0.8830,-0.0001;0.8890,-0.0001;0.8949,-0.0001",0,-1,0.0,SKIPPED,,,,"0.0996,-0.0000;0.1927,-0.0000;0.2708,-0.0000;0.3341,-0.0000;0.3833,-0.0000;0.4210,-0.0000;0.4505,-0.0000;0.4741,-0.0001;0.4933,-0.0001;0.5085,-0.0001;0.5190,-0.0001;0.5224,-0.0001;0.5237,-0.0001;0.5270,-0.0001;0.5288,-0.0001;0.5288,-0.0001;0.5288,-0.0001;0.5288,-0.0001;0.5288,-0.0001;0.5288,-0.0001;0.5288,-0.0001;0.5288,-0.0001;0.5288,-0.0001;0.5288,-0.0001;0.5288,-0.0001;0.5288,-0.0001;0.5288,-0.0001;0.5288,-0.0001;0.5288,-0.0001;0.5288,-0.0001;0.5288,-0.0001;0.5288,-0.0001;0.5288,-0.0001;0.5288,-0.0001;0.5288,-0.0001;0.5288,-0.0001;0.5288,-0.0001;0.5288,-0.0001;0.5288,-0.0001;0.5288,-0.0001;0.5288,-0.0001;0.5288,-0.0001;0.5288,-0.0001;0.5288,-0.0001;0.5288,-0.0001;0.5288,-0.0001;0.5288,-0.0001;0.5288,-0.0001;0.5288,-0.0001;0.5304,-0.0001;0.5341,-0.0001;0.5386,-0.0001;0.5435,-0.0001;0.5485,-0.0001;0.5537,-0.0001;0.5591,-0.0001;0.5680,-0.0001;0.5814,-0.0001;0.5993,-0.0001;0.6223,-0.0001;0.6508,-0.0001;0.6843,-0.0001;0.7232,-0.0000;0.7673,-0.0000"
1de484ec-e29f-41ca-b4e8-4c91e0a1d66c,8100000,3073,18,5.121,Yield to the pedestrian since a person is walking across the crosswalk ahead,0.319,0.6999,"0.0113,0.0000;0.0187,0.0000;0.0240,0.0000;0.0284,0.0000;0.0322,0.0000;0.0352,0.0000;0.0377,0.0000;0.0398,0.0000;0.0418,0.0000;0.0438,0.0000;0.0457,0.0000;0.0475,0.0000;0.0493,0.0000;0.0511,0.0000;0.0529,0.0000;0.0548,0.0000;0.0568,0.0000;0.0591,0.0000;0.0616,0.0000;0.0645,0.0000;0.0678,0.0000;0.0716,0.0000;0.0760,0.0000;0.0810,0.0000;0.0866,0.0000;0.0929,0.0000;0.0998,0.0000;0.1076,0.0000;0.1166,0.0000;0.1269,0.0000;0.1388,0.0000;0.1525,0.0000;0.1682,0.0000;0.1862,0.0000;0.2066,0.0000;0.2296,0.0000;0.2553,0.0000;0.2836,0.0000;0.3147,0.0000;0.3484,-0.0000;0.3849,-0.0000;0.4242,-0.0000;0.4665,-0.0000;0.5117,-0.0000;0.5598,-0.0000;0.6106,-0.0000;0.6640,-0.0000;0.7199,-0.0000;0.7780,-0.0001;0.8384,-0.0001;0.9009,-0.0001;0.9657,-0.0001;1.0326,-0.0002;1.1017,-0.0002;1.1726,-0.0003;1.2448,-0.0004;1.3168,-0.0005;1.3866,-0.0006;1.4519,-0.0007;1.5105,-0.0008;1.5610,-0.0009;1.6025,-0.0009;1.6349,-0.0010;1.6586,-0.0011",0,-1,0.0,SKIPPED,,,,"0.0094,0.0000;0.0128,-0.0000;0.0141,-0.0000;0.0175,-0.0000;0.0193,-0.0000;0.0193,-0.0000;0.0193,-0.0000;0.0193,-0.0000;0.0193,-0.0000;0.0193,-0.0000;0.0193,-0.0000;0.0193,-0.0000;0.0193,-0.0000;0.0193,-0.0000;0.0193,-0.0000;0.0193,-0.0000;0.0193,-0.0000;0.0193,-0.0000;0.0193,-0.0000;0.0193,-0.0000;0.0193,-0.0000;0.0193,-0.0000;0.0193,-0.0000;0.0193,-0.0000;0.0193,-0.0000;0.0193,-0.0000;0.0193,-0.0000;0.0193,-0.0000;0.0193,-0.0000;0.0193,-0.0000;0.0193,-0.0000;0.0193,-0.0000;0.0193,-0.0000;0.0193,-0.0000;0.0193,-0.0000;0.0193,-0.0000;0.0193,-0.0000;0.0193,-0.0000;0.0193,-0.0000;0.0208,-0.0000;0.0246,-0.0000;0.0290,-0.0000;0.0340,-0.0000;0.0390,-0.0000;0.0441,-0.0000;0.0496,-0.0000;0.0585,-0.0000;0.0719,-0.0000;0.0898,-0.0000;0.1127,-0.0000;0.1413,0.0000;0.1748,0.0000;0.2137,0.0000;0.2577,0.0001;0.3068,0.0001;0.3608,0.0002;0.4198,0.0003;0.4836,0.0004;0.5521,0.0006;0.6252,0.0008;0.7026,0.0011;0.7836,0.0014;0.8688,0.0018;0.9587,0.0022"
1de484ec-e29f-41ca-b4e8-4c91e0a1d66c,9100000,3073,12,4.405,Yield to the pedestrian exiting the vehicle ahead,0.3521,2.184,"0.0001,0.0000;0.0003,0.0000;0.0004,0.0000;0.0006,-0.0000;0.0007,-0.0000;0.0008,-0.0000;0.0010,-0.0000;0.0011,-0.0000;0.0012,-0.0000;0.0014,-0.0000;0.0015,-0.0000;0.0017,-0.0000;0.0018,-0.0000;0.0019,-0.0000;0.0020,-0.0000;0.0022,-0.0000;0.0023,-0.0000;0.0023,-0.0000;0.0024,-0.0000;0.0025,-0.0000;0.0026,-0.0000;0.0027,-0.0000;0.0028,-0.0000;0.0029,-0.0000;0.0030,-0.0000;0.0031,-0.0000;0.0032,-0.0000;0.0033,-0.0000;0.0034,-0.0000;0.0034,-0.0000;0.0035,-0.0000;0.0036,-0.0000;0.0037,-0.0000;0.0038,-0.0000;0.0038,-0.0000;0.0038,-0.0000;0.0038,-0.0000;0.0038,-0.0000;0.0038,-0.0000;0.0037,-0.0000;0.0037,-0.0000;0.0036,-0.0000;0.0035,-0.0000;0.0034,-0.0000;0.0033,-0.0000;0.0032,-0.0000;0.0032,-0.0000;0.0031,-0.0000;0.0030,-0.0000;0.0028,-0.0000;0.0027,-0.0000;0.0026,-0.0000;0.0024,-0.0000;0.0023,-0.0000;0.0022,-0.0000;0.0021,-0.0000;0.0019,0.0000;0.0017,0.0000;0.0016,0.0000;0.0014,0.0000;0.0013,0.0000;0.0011,0.0000;0.0010,0.0000;0.0008,0.0000",0,-1,0.0,SKIPPED,,,,"0.0000,0.0000;0.0000,0.0000;0.0000,0.0000;0.0000,0.0000;0.0000,0.0000;0.0000,0.0000;0.0000,0.0000;0.0000,0.0000;0.0000,0.0000;0.0000,0.0000;0.0000,0.0000;0.0000,0.0000;0.0000,0.0000;0.0000,0.0000;0.0000,0.0000;0.0000,0.0000;0.0000,0.0000;0.0000,0.0000;0.0000,0.0000;0.0000,0.0000;0.0000,0.0000;0.0000,0.0000;0.0000,0.0000;0.0000,0.0000;0.0000,0.0000;0.0000,0.0000;0.0000,0.0000;0.0000,0.0000;0.0000,0.0000;0.0015,-0.0000;0.0053,-0.0000;0.0098,0.0000;0.0147,-0.0000;0.0197,-0.0000;0.0248,-0.0000;0.0303,-0.0000;0.0392,0.0000;0.0526,-0.0000;0.0705,-0.0000;0.0935,0.0000;0.1220,0.0000;0.1555,0.0000;0.1944,0.0000;0.2384,0.0001;0.2875,0.0001;0.3415,0.0002;0.4005,0.0003;0.4643,0.0004;0.5328,0.0006;0.6060,0.0007;0.6833,0.0010;0.7643,0.0013;0.8495,0.0017;0.9394,0.0021;1.0344,0.0026;1.1346,0.0032;1.2404,0.0039;1.3518,0.0047;1.4696,0.0055;1.5946,0.0066;1.7278,0.0077;1.8703,0.0091;2.0226,0.0105;2.1848,0.0122"
1de484ec-e29f-41ca-b4e8-4c91e0a1d66c,10100000,3073,16,4.856,Yield due to the person exiting the vehicle ahead blocking the lane,0.5176,2.6373,"0.0000,-0.0000;0.0000,-0.0000;0.0001,-0.0000;0.0001,-0.0000;0.0001,-0.0000;0.0001,-0.0000;0.0002,-0.0000;0.0002,-0.0000;0.0003,-0.0000;0.0003,-0.0000;0.0004,-0.0000;0.0004,-0.0000;0.0004,-0.0000;0.0005,-0.0000;0.0005,-0.0000;0.0005,-0.0000;0.0005,-0.0000;0.0006,-0.0000;0.0006,-0.0000;0.0006,-0.0000;0.0007,-0.0000;0.0008,-0.0000;0.0008,-0.0000;0.0010,-0.0000;0.0011,-0.0000;0.0014,-0.0000;0.0017,-0.0000;0.0020,-0.0000;0.0024,-0.0000;0.0029,-0.0000;0.0036,-0.0000;0.0049,-0.0000;0.0072,-0.0000;0.0112,-0.0000;0.0179,-0.0000;0.0285,-0.0000;0.0444,-0.0000;0.0670,0.0000;0.0971,0.0000;0.1349,0.0000;0.1799,0.0000;0.2313,0.0000;0.2882,0.0000;0.3496,0.0000;0.4145,0.0000;0.4820,0.0000;0.5509,0.0001;0.6203,0.0001;0.6892,0.0001;0.7569,0.0001;0.8232,0.0002;0.8883,0.0002;0.9521,0.0002;1.0148,0.0003;1.0764,0.0003;1.1367,0.0003;1.1957,0.0004;1.2533,0.0004;1.3095,0.0005;1.3643,0.0005;1.4178,0.0006;1.4701,0.0006;1.5213,0.0007;1.5717,0.0008",0,-1,0.0,SKIPPED,,,,"0.0000,0.0000;0.0000,0.0000;0.0000,0.0000;0.0000,0.0000;0.0000,0.0000;0.0000,0.0000;0.0000,0.0000;0.0000,0.0000;0.0000,0.0000;0.0000,0.0000;0.0000,0.0000;0.0000,0.0000;0.0000,0.0000;0.0000,0.0000;0.0000,0.0000;0.0000,0.0000;0.0000,0.0000;0.0000,0.0000;0.0000,0.0000;0.0015,-0.0000;0.0053,-0.0000;0.0098,0.0000;0.0147,-0.0000;0.0197,-0.0000;0.0248,-0.0000;0.0303,-0.0000;0.0392,0.0000;0.0526,-0.0000;0.0705,-0.0000;0.0935,0.0000;0.1220,0.0000;0.1555,0.0000;0.1944,0.0000;0.2384,0.0001;0.2875,0.0001;0.3415,0.0002;0.4005,0.0003;0.4643,0.0004;0.5328,0.0006;0.6060,0.0007;0.6833,0.0010;0.7643,0.0013;0.8495,0.0017;0.9394,0.0021;1.0344,0.0026;1.1346,0.0032;1.2404,0.0039;1.3518,0.0047;1.4696,0.0055;1.5946,0.0066;1.7278,0.0077;1.8703,0.0091;2.0226,0.0105;2.1848,0.0122;2.3565,0.0140;2.5374,0.0159;2.7272,0.0180;2.9247,0.0205;3.1290,0.0230;3.3391,0.0256;3.5532,0.0286;3.7702,0.0310;3.9888,0.0339;4.2088,0.0364"
1de484ec-e29f-41ca-b4e8-4c91e0a1d66c,11100000,3073,14,4.662,Yield due to the stopped lead vehicle blocking our lane,0.7199,3.4855,"-0.0000,-0.0000;-0.0001,-0.0000;-0.0001,-0.0000;-0.0002,-0.0000;-0.0003,-0.0000;-0.0003,-0.0000;-0.0004,-0.0000;-0.0005,-0.0000;-0.0005,-0.0000;-0.0006,-0.0000;-0.0006,-0.0000;-0.0005,-0.0000;-0.0003,0.0000;0.0000,0.0000;0.0005,0.0000;0.0012,0.0000;0.0020,0.0000;0.0031,0.0000;0.0049,0.0000;0.0080,0.0000;0.0130,0.0000;0.0207,0.0000;0.0319,0.0000;0.0474,0.0000;0.0682,0.0000;0.0952,0.0000;0.1295,0.0000;0.1714,0.0000;0.2210,0.0000;0.2781,0.0001;0.3425,0.0001;0.4139,0.0001;0.4918,0.0002;0.5760,0.0003;0.6663,0.0004;0.7624,0.0005;0.8638,0.0006;0.9700,0.0008;1.0804,0.0009;1.1939,0.0011;1.3092,0.0014;1.4246,0.0016;1.5383,0.0018;1.6487,0.0020;1.7548,0.0022;1.8560,0.0024;1.9522,0.0025;2.0433,0.0027;2.1293,0.0028;2.2102,0.0029;2.2861,0.0030;2.3570,0.0031;2.4227,0.0032;2.4835,0.0033;2.5394,0.0033;2.5907,0.0034;2.6380,0.0035;2.6821,0.0035;2.7238,0.0036;2.7640,0.0036;2.8032,0.0037;2.8418,0.0037;2.8798,0.0037;2.9171,0.0038",0,-1,0.0,SKIPPED,,,,"0.0000,0.0000;0.0000,0.0000;0.0000,0.0000;0.0000,0.0000;0.0000,0.0000;0.0000,0.0000;0.0000,0.0000;0.0000,0.0000;0.0000,0.0000;0.0015,-0.0000;0.0053,-0.0000;0.0098,0.0000;0.0147,-0.0000;0.0197,-0.0000;0.0248,-0.0000;0.0303,-0.0000;0.0392,0.0000;0.0526,-0.0000;0.0705,-0.0000;0.0935,0.0000;0.1220,0.0000;0.1555,0.0000;0.1944,0.0000;0.2384,0.0001;0.2875,0.0001;0.3415,0.0002;0.4005,0.0003;0.4643,0.0004;0.5328,0.0006;0.6060,0.0007;0.6833,0.0010;0.7643,0.0013;0.8495,0.0017;0.9394,0.0021;1.0344,0.0026;1.1346,0.0032;1.2404,0.0039;1.3518,0.0047;1.4696,0.0055;1.5946,0.0066;1.7278,0.0077;1.8703,0.0091;2.0226,0.0105;2.1848,0.0122;2.3565,0.0140;2.5374,0.0159;2.7272,0.0180;2.9247,0.0205;3.1290,0.0230;3.3391,0.0256;3.5532,0.0286;3.7702,0.0310;3.9888,0.0339;4.2088,0.0364;4.4300,0.0391;4.6514,0.0418;4.8729,0.0442;5.0939,0.0468;5.3142,0.0495;5.5337,0.0521;5.7524,0.0544;5.9703,0.0567;6.1868,0.0584;6.4021,0.0608"
1de484ec-e29f-41ca-b4e8-4c91e0a1d66c,12100000,3073,15,4.776,Keep distance to the lead vehicle since it is moving slowly ahead,0.4251,0.5026,"0.0028,-0.0000;0.0068,-0.0000;0.0114,-0.0000;0.0166,-0.0000;0.0227,-0.0000;0.0302,-0.0000;0.0398,-0.0000;0.0521,-0.0000;0.0681,-0.0000;0.0885,-0.0000;0.1146,-0.0000;0.1470,-0.0000;0.1864,-0.0000;0.2332,-0.0000;0.2875,-0.0000;0.3495,-0.0000;0.4193,-0.0000;0.4971,-0.0000;0.5828,0.0000;0.6766,0.0000;0.7785,0.0000;0.8886,0.0000;1.0070,0.0001;1.1341,0.0001;1.2701,0.0001;1.4155,0.0002;1.5708,0.0002;1.7361,0.0002;1.9115,0.0001;2.0966,0.0001;2.2902,-0.0000;2.4910,-0.0002;2.6970,-0.0005;2.9063,-0.0009;3.1175,-0.0014;3.3297,-0.0020;3.5423,-0.0027;3.7554,-0.0036;3.9686,-0.0045;4.1819,-0.0055;4.3953,-0.0066;4.6084,-0.0077;4.8211,-0.0090;5.0330,-0.0102;5.2438,-0.0116;5.4533,-0.0130;5.6614,-0.0144;5.8682,-0.0158;6.0736,-0.0173;6.2776,-0.0188;6.4803,-0.0203;6.6814,-0.0219;6.8809,-0.0235;7.0788,-0.0251;7.2752,-0.0267;7.4701,-0.0283;7.6636,-0.0300;7.8558,-0.0317;8.0466,-0.0334;8.2360,-0.0352;8.4239,-0.0369;8.6105,-0.0386;8.7958,-0.0404;8.9799,-0.0421",0,-1,0.0,SKIPPED,,,,"0.0035,-0.0000;0.0079,0.0000;0.0129,0.0000;0.0179,0.0000;0.0230,0.0000;0.0285,0.0000;0.0374,0.0000;0.0507,0.0000;0.0686,0.0000;0.0916,0.0000;0.1202,0.0000;0.1537,0.0000;0.1926,0.0000;0.2366,0.0001;0.2856,0.0001;0.3397,0.0002;0.3986,0.0003;0.4625,0.0004;0.5310,0.0005;0.6041,0.0007;0.6814,0.0010;0.7624,0.0013;0.8477,0.0017;0.9376,0.0021;1.0325,0.0026;1.1328,0.0032;1.2385,0.0039;1.3499,0.0046;1.4678,0.0055;1.5927,0.0065;1.7259,0.0077;1.8684,0.0090;2.0207,0.0105;2.1829,0.0121;2.3547,0.0140;2.5356,0.0158;2.7254,0.0180;2.9229,0.0204;3.1272,0.0230;3.3373,0.0255;3.5514,0.0285;3.7683,0.0310;3.9870,0.0338;4.2070,0.0363;4.4281,0.0390;4.6496,0.0417;4.8711,0.0441;5.0920,0.0467;5.3124,0.0493;5.5319,0.0519;5.7505,0.0542;5.9685,0.0565;6.1850,0.0583;6.4003,0.0606;6.6147,0.0628;6.8285,0.0649;7.0409,0.0666;7.2520,0.0689;7.4621,0.0709;7.6712,0.0730;7.8790,0.0748;8.0850,0.0766;8.2893,0.0785;8.4924,0.0804"
1de484ec-e29f-41ca-b4e8-4c91e0a1d66c,13100000,3073,12,4.421,Yield to the pedestrian entering our lane ahead,0.3578,1.156,"0.0285,0.0000;0.0628,0.0000;0.1032,0.0000;0.1499,0.0000;0.2032,0.0000;0.2633,0.0000;0.3303,0.0001;0.4043,0.0001;0.4855,0.0001;0.5739,0.0001;0.6695,0.0002;0.7722,0.0002;0.8822,0.0002;0.9992,0.0002;1.1232,0.0002;1.2541,0.0001;1.3915,-0.0000;1.5351,-0.0002;1.6845,-0.0005;1.8395,-0.0009;1.9994,-0.0014;2.1639,-0.0020;2.3324,-0.0027;2.5046,-0.0036;2.6797,-0.0046;2.8571,-0.0058;3.0362,-0.0070;3.2164,-0.0083;3.3973,-0.0098;3.5787,-0.0113;3.7603,-0.0128;3.9419,-0.0144;4.1234,-0.0161;4.3044,-0.0178;4.4849,-0.0195;4.6646,-0.0213;4.8436,-0.0231;5.0217,-0.0250;5.1989,-0.0269;5.3752,-0.0288;5.5504,-0.0308;5.7246,-0.0329;5.8976,-0.0350;6.0695,-0.0371;6.2401,-0.0393;6.4097,-0.0416;6.5781,-0.0439;6.7457,-0.0462;6.9124,-0.0486;7.0784,-0.0510;7.2433,-0.0535;7.4072,-0.0559;7.5696,-0.0584;7.7302,-0.0609;7.8887,-0.0634;8.0448,-0.0659;8.1983,-0.0684;8.3492,-0.0708;8.4977,-0.0731;8.6436,-0.0755;8.7870,-0.0777;8.9276,-0.0799;9.0650,-0.0820;9.1990,-0.0840",0,-1,0.0,SKIPPED,,,,"0.0265,0.0000;0.0600,0.0000;0.0989,0.0000;0.1430,0.0000;0.1920,0.0001;0.2460,0.0001;0.3050,0.0002;0.3689,0.0004;0.4373,0.0005;0.5105,0.0007;0.5878,0.0009;0.6688,0.0012;0.7540,0.0016;0.8439,0.0020;0.9389,0.0025;1.0391,0.0031;1.1449,0.0037;1.2563,0.0045;1.3741,0.0054;1.4991,0.0064;1.6323,0.0075;1.7748,0.0088;1.9271,0.0103;2.0893,0.0119;2.2610,0.0137;2.4420,0.0156;2.6317,0.0177;2.8293,0.0201;3.0336,0.0227;3.2437,0.0252;3.4578,0.0282;3.6747,0.0306;3.8934,0.0334;4.1133,0.0359;4.3345,0.0386;4.5560,0.0412;4.7775,0.0436;4.9984,0.0462;5.2188,0.0488;5.4382,0.0514;5.6569,0.0537;5.8749,0.0559;6.0914,0.0577;6.3067,0.0600;6.5211,0.0621;6.7349,0.0642;6.9473,0.0659;7.1584,0.0681;7.3685,0.0702;7.5776,0.0722;7.7853,0.0740;7.9914,0.0758;8.1957,0.0776;8.3988,0.0796;8.6006,0.0815;8.8017,0.0832;9.0019,0.0851;9.1998,0.0855;9.3955,0.0890;9.5898,0.0914;9.7820,0.0923;9.9711,0.0944;10.1575,0.0954;10.3408,0.0962"
1de484ec-e29f-41ca-b4e8-4c91e0a1d66c,14100000,3073,17,5.01,Keep distance to the lead vehicle since it is directly ahead in our lane,1.647,4.1399,"0.0784,0.0000;0.1628,0.0001;0.2531,0.0002;0.3490,0.0004;0.4505,0.0006;0.5574,0.0009;0.6695,0.0013;0.7869,0.0018;0.9095,0.0023;1.0375,0.0029;1.1711,0.0036;1.3102,0.0043;1.4550,0.0051;1.6053,0.0059;1.7607,0.0068;1.9200,0.0078;2.0813,0.0088;2.2424,0.0098;2.4005,0.0108;2.5534,0.0117;2.6998,0.0126;2.8389,0.0135;2.9706,0.0143;3.0948,0.0150;3.2122,0.0157;3.3235,0.0164;3.4297,0.0170;3.5321,0.0175;3.6314,0.0180;3.7280,0.0185;3.8218,0.0189;3.9122,0.0193;3.9986,0.0197;4.0809,0.0200;4.1593,0.0203;4.2348,0.0206;4.3087,0.0208;4.3818,0.0210;4.4550,0.0212;4.5286,0.0214;4.6029,0.0216;4.6783,0.0218;4.7552,0.0219;4.8343,0.0220;4.9165,0.0222;5.0027,0.0223;5.0936,0.0223;5.1898,0.0224;5.2916,0.0224;5.3992,0.0224;5.5124,0.0224;5.6310,0.0223;5.7549,0.0222;5.8840,0.0221;6.0179,0.0219;6.1563,0.0217;6.2988,0.0214;6.4449,0.0211;6.5940,0.0208;6.7459,0.0205;6.9005,0.0201;7.0576,0.0198;7.2170,0.0194;7.3784,0.0190",0,-1,0.0,SKIPPED,,,,"0.0714,0.0000;0.1525,0.0001;0.2377,0.0002;0.3276,0.0004;0.4226,0.0006;0.5228,0.0009;0.6285,0.0013;0.7400,0.0018;0.8578,0.0023;0.9827,0.0030;1.1160,0.0038;1.2585,0.0047;1.4108,0.0057;1.5730,0.0069;1.7447,0.0083;1.9256,0.0096;2.1154,0.0112;2.3130,0.0131;2.5173,0.0151;2.7274,0.0170;2.9415,0.0194;3.1584,0.0212;3.3771,0.0235;3.5971,0.0253;3.8182,0.0274;4.0397,0.0294;4.2612,0.0312;4.4822,0.0332;4.7025,0.0352;4.9220,0.0372;5.1407,0.0389;5.3586,0.0405;5.5751,0.0417;5.7905,0.0434;6.0049,0.0449;6.2186,0.0464;6.4311,0.0476;6.6422,0.0492;6.8523,0.0507;7.0614,0.0521;7.2691,0.0533;7.4752,0.0546;7.6795,0.0559;7.8826,0.0573;8.0845,0.0587;8.2855,0.0598;8.4858,0.0611;8.6837,0.0609;8.8793,0.0640;9.0737,0.0658;9.2658,0.0662;9.4550,0.0677;9.6414,0.0683;9.8247,0.0685;10.0058,0.0684;10.1845,0.0693;10.3610,0.0694;10.5361,0.0698;10.7108,0.0698;10.8855,0.0700"
1de484ec-e29f-41ca-b4e8-4c91e0a1d66c,15100000,3073,14,4.644,Yield to the lead vehicle since it is stopped ahead,0.4102,0.7172,"0.1321,0.0000;0.2710,0.0001;0.4171,0.0002;0.5703,0.0003;0.7308,0.0005;0.8982,0.0006;1.0723,0.0007;1.2526,0.0008;1.4383,0.0008;1.6285,0.0007;1.8220,0.0006;2.0179,0.0002;2.2153,-0.0002;2.4137,-0.0008;2.6127,-0.0015;2.8122,-0.0023;3.0119,-0.0032;3.2117,-0.0043;3.4112,-0.0055;3.6102,-0.0067;3.8085,-0.0081;4.0060,-0.0096;4.2025,-0.0111;4.3981,-0.0127;4.5926,-0.0145;4.7860,-0.0162;4.9783,-0.0181;5.1693,-0.0201;5.3592,-0.0221;5.5479,-0.0241;5.7354,-0.0263;5.9218,-0.0284;6.1070,-0.0307;6.2911,-0.0329;6.4741,-0.0352;6.6559,-0.0376;6.8368,-0.0399;7.0169,-0.0423;7.1967,-0.0447;7.3766,-0.0471;7.5567,-0.0495;7.7371,-0.0519;7.9178,-0.0544;8.0986,-0.0568;8.2796,-0.0593;8.4606,-0.0617;8.6414,-0.0642;8.8218,-0.0666;9.0015,-0.0690;9.1806,-0.0713;9.3592,-0.0736;9.5379,-0.0759;9.7169,-0.0782;9.8970,-0.0804;10.0789,-0.0826;10.2637,-0.0849;10.4524,-0.0872;10.6459,-0.0895;10.8450,-0.0919;11.0499,-0.0944;11.2609,-0.0970;11.4780,-0.0998;11.7008,-0.1027;11.9293,-0.1060",0,-1,0.0,SKIPPED,,,,"0.1232,0.0000;0.2657,0.0001;0.4180,0.0003;0.5802,0.0006;0.7519,0.0010;0.9329,0.0013;1.1227,0.0018;1.3202,0.0026;1.5245,0.0035;1.7346,0.0042;1.9488,0.0054;2.1657,0.0060;2.3844,0.0070;2.6044,0.0076;2.8255,0.0085;3.0470,0.0093;3.2685,0.0098;3.4895,0.0105;3.7099,0.0113;3.9293,0.0121;4.1480,0.0125;4.3660,0.0129;4.5825,0.0129;4.7978,0.0134;5.0123,0.0137;5.2260,0.0140;5.4385,0.0140;5.6496,0.0144;5.8597,0.0147;6.0688,0.0150;6.2765,0.0150;6.4826,0.0151;6.6869,0.0152;6.8900,0.0155;7.0919,0.0158;7.2930,0.0158;7.4932,0.0159;7.6911,0.0147;7.8867,0.0166;8.0811,0.0173;8.2733,0.0167;8.4624,0.0171;8.6488,0.0166;8.8321,0.0158;9.0132,0.0147;9.1919,0.0146;9.3684,0.0137;9.5436,0.0132;9.7183,0.0121;9.8930,0.0114"
1de484ec-e29f-41ca-b4e8-4c91e0a1d66c,16100000,3073,14,4.673,Yield to cross traffic at an unsignalized intersection,0.1535,0.2883,"0.2140,-0.0000;0.4301,-0.0001;0.6478,-0.0003;0.8665,-0.0007;1.0858,-0.0015;1.3051,-0.0026;1.5241,-0.0043;1.7424,-0.0064;1.9597,-0.0093;2.1757,-0.0127;2.3904,-0.0168;2.6037,-0.0216;2.8156,-0.0269;3.0258,-0.0328;3.2343,-0.0393;3.4407,-0.0462;3.6449,-0.0536;3.8467,-0.0613;4.0461,-0.0693;4.2430,-0.0777;4.4374,-0.0863;4.6292,-0.0950;4.8182,-0.1040;5.0041,-0.1130;5.1869,-0.1220;5.3665,-0.1310;5.5431,-0.1400;5.7174,-0.1488;5.8901,-0.1576;6.0623,-0.1662;6.2348,-0.1748;6.4089,-0.1833;6.5856,-0.1918;6.7660,-0.2004;6.9510,-0.2090;7.1413,-0.2177;7.3376,-0.2265;7.5407,-0.2356;7.7510,-0.2448;7.9692,-0.2544;8.1961,-0.2642;8.4324,-0.2745;8.6790,-0.2852;8.9360,-0.2964;9.2029,-0.3079;9.4779,-0.3198;9.7586,-0.3319;10.0426,-0.3441;10.3277,-0.3562;10.6120,-0.3683;10.8932,-0.3801;11.1688,-0.3916;11.4379,-0.4029;11.7015,-0.4140;11.9618,-0.4250;12.2212,-0.4361;12.4800,-0.4474;12.7369,-0.4589;12.9900,-0.4707;13.2380,-0.4827;13.4807,-0.4951;13.7186,-0.5082;13.9525,-0.5220;14.1826,-0.5368",0,-1,0.0,SKIPPED,,,,"0.1974,0.0004;0.4143,0.0002;0.6330,0.0003;0.8530,0.0002;1.0742,0.0002;1.2957,0.0001;1.5172,-0.0002;1.7381,-0.0003;1.9585,-0.0003;2.1780,-0.0004;2.3967,-0.0008;2.6146,-0.0011;2.8311,-0.0020;3.0465,-0.0023;3.2609,-0.0028;3.4747,-0.0033;3.6871,-0.0041;3.8982,-0.0044;4.1083,-0.0049;4.3174,-0.0054;4.5252,-0.0062;4.7313,-0.0068;4.9356,-0.0075;5.1387,-0.0080;5.3405,-0.0085;5.5416,-0.0092;5.7418,-0.0098;5.9397,-0.0118;6.1354,-0.0106;6.3298,-0.0106;6.5219,-0.0120;6.7110,-0.0122;6.8974,-0.0134;7.0808,-0.0149;7.2618,-0.0167;7.4405,-0.0175;7.6170,-0.0191;7.7922,-0.0202;7.9669,-0.0220;8.1416,-0.0234"
1de484ec-e29f-41ca-b4e8-4c91e0a1d66c,17100000,3073,15,4.775,Yield due to the lead vehicle stopped ahead blocking our path,0.0487,0.162,"0.2186,-0.0000;0.4361,-0.0000;0.6525,-0.0001;0.8676,-0.0001;1.0813,-0.0002;1.2935,-0.0004;1.5042,-0.0006;1.7135,-0.0008;1.9213,-0.0011;2.1278,-0.0014;2.3328,-0.0019;2.5362,-0.0024;2.7376,-0.0030;2.9365,-0.0037;3.1328,-0.0045;3.3265,-0.0055;3.5179,-0.0065;3.7073,-0.0077;3.8948,-0.0091;4.0800,-0.0106;4.2624,-0.0123;4.4414,-0.0142;4.6171,-0.0162;4.7900,-0.0183;4.9608,-0.0206;5.1299,-0.0231;5.2972,-0.0258;5.4624,-0.0285;5.6251,-0.0314;5.7854,-0.0344;5.9435,-0.0375;6.0992,-0.0407;6.2526,-0.0439;6.4034,-0.0472;6.5513,-0.0505;6.6963,-0.0538;6.8384,-0.0571;6.9778,-0.0603;7.1150,-0.0635;7.2509,-0.0667;7.3862,-0.0698;7.5210,-0.0729;7.6551,-0.0760;7.7882,-0.0790;7.9201,-0.0820;8.0513,-0.0850;8.1827,-0.0880;8.3155,-0.0911;8.4512,-0.0944;8.5909,-0.0979;8.7358,-0.1017;8.8868,-0.1061;9.0450,-0.1111;9.2109,-0.1169;9.3848,-0.1239;9.5663,-0.1322;9.7552,-0.1422;9.9511,-0.1541;10.1535,-0.1683;10.3622,-0.1851;10.5767,-0.2049;10.7964,-0.2280;11.0208,-0.2548;11.2491,-0.2854",0,-1,0.0,SKIPPED,,,,"0.2016,-0.0002;0.4195,-0.0003;0.6360,-0.0010;0.8514,-0.0011;1.0658,-0.0014;1.2795,-0.0017;1.4920,-0.0023;1.7031,-0.0025;1.9132,-0.0027;2.1223,-0.0030;2.3301,-0.0036;2.5362,-0.0041;2.7405,-0.0045;2.9436,-0.0048;3.1454,-0.0051;3.3465,-0.0057;3.5467,-0.0061;3.7446,-0.0079;3.9403,-0.0065;4.1346,-0.0063;4.3268,-0.0075;4.5159,-0.0076;4.7023,-0.0086;4.8856,-0.0099;5.0667,-0.0116;5.2454,-0.0122;5.4219,-0.0136;5.5971,-0.0146;5.7718,-0.0162;5.9465,-0.0174"
1de484ec-e29f-41ca-b4e8-4c91e0a1d66c,18100000,3073,14,4.65,,0.6137,1.4953,"0.2117,-0.0000;0.4301,-0.0000;0.6560,-0.0000;0.8900,0.0000;1.1329,0.0001;1.3849,0.0002;1.6464,0.0003;1.9167,0.0006;2.1949,0.0010;2.4786,0.0014;2.7655,0.0020;3.0533,0.0027;3.3404,0.0034;3.6261,0.0040;3.9104,0.0046;4.1930,0.0051;4.4739,0.0054;4.7527,0.0054;5.0292,0.0050;5.3031,0.0041;5.5738,0.0024;5.8410,-0.0002;6.1045,-0.0039;6.3648,-0.0091;6.6227,-0.0161;6.8789,-0.0254;7.1336,-0.0373;7.3865,-0.0524;7.6367,-0.0710;7.8840,-0.0937;8.1283,-0.1208;8.3703,-0.1527;8.6099,-0.1897;8.8471,-0.2322;9.0818,-0.2802;9.3145,-0.3341;9.5457,-0.3941;9.7762,-0.4607;10.0064,-0.5341;10.2369,-0.6151;10.4679,-0.7039;10.6996,-0.8012;10.9314,-0.9074;11.1627,-1.0227;11.3927,-1.1474;11.6212,-1.2819;11.8478,-1.4268;12.0719,-1.5826;12.2929,-1.7494;12.5097,-1.9272;12.7213,-2.1159;12.9267,-2.3151;13.1253,-2.5247;13.3164,-2.7442;13.5001,-2.9741;13.6767,-3.2149;13.8466,-3.4679;14.0101,-3.7339;14.1671,-4.0132;14.3173,-4.3055;14.4602,-4.6100;14.5956,-4.9260;14.7237,-5.2534;14.8447,-5.5921",0,-1,0.0,SKIPPED,,,,"0.1914,-0.0003;0.3975,-0.0004;0.6018,-0.0005;0.8049,-0.0005;1.0067,-0.0005;1.2078,-0.0008;1.4080,-0.0009;1.6060,-0.0024;1.8016,-0.0007;1.9960,-0.0002;2.1881,-0.0011;2.3773,-0.0009;2.5637,-0.0016;2.7470,-0.0026;2.9281,-0.0040;3.1068,-0.0043;3.2833,-0.0055;3.4584,-0.0062;3.6331,-0.0075;3.8078,-0.0084"
1de484ec-e29f-41ca-b4e8-4c91e0a1d66c,19100000,3073,17,5.02,Adjust speed and keep safe distance due to the lead vehicle turning right ahead,0.0431,0.0991,"0.1927,-0.0000;0.3835,-0.0001;0.5723,-0.0003;0.7594,-0.0006;0.9457,-0.0010;1.1323,-0.0016;1.3200,-0.0022;1.5096,-0.0031;1.7015,-0.0042;1.8958,-0.0055;2.0918,-0.0070;2.2884,-0.0087;2.4843,-0.0108;2.6785,-0.0130;2.8707,-0.0155;3.0607,-0.0183;3.2489,-0.0213;3.4356,-0.0246;3.6212,-0.0282;3.8057,-0.0322;3.9893,-0.0366;4.1721,-0.0415;4.3545,-0.0469;4.5370,-0.0529;4.7202,-0.0597;4.9043,-0.0674;5.0895,-0.0762;5.2758,-0.0863;5.4633,-0.0980;5.6519,-0.1114;5.8415,-0.1269;6.0321,-0.1447;6.2237,-0.1651;6.4164,-0.1884;6.6099,-0.2148;6.8041,-0.2445;6.9988,-0.2778;7.1935,-0.3147;7.3884,-0.3555;7.5838,-0.4003;7.7798,-0.4496;7.9767,-0.5035;8.1743,-0.5624;8.3726,-0.6264;8.5714,-0.6959;8.7707,-0.7712;8.9707,-0.8527;9.1709,-0.9407;9.3715,-1.0355;9.5722,-1.1375;9.7735,-1.2474;9.9754,-1.3659;10.1777,-1.4933;10.3800,-1.6300;10.5816,-1.7763;10.7821,-1.9324;10.9814,-2.0990;11.1790,-2.2763;11.3742,-2.4646;11.5662,-2.6638;11.7540,-2.8738;11.9370,-3.0947;12.1147,-3.3268;12.2866,-3.5703",0,-1,0.0,SKIPPED,,,,"0.1769,-0.0004;0.3661,0.0001;0.5525,-0.0004;0.7358,-0.0011;0.9169,-0.0021;1.0956,-0.0021;1.2721,-0.0030;1.4473,-0.0034;1.6219,-0.0044;1.7967,-0.0051"
13f0af4c-2565-4a4d-b765-7f397f1d1684,5100000,3073,10,4.191,Keep lane since the lane is clear,2.0913,4.5441,"0.8102,0.0001;1.6213,0.0003;2.4328,0.0006;3.2445,0.0010;4.0558,0.0013;4.8669,0.0016;5.6780,0.0019;6.4894,0.0021;7.3014,0.0021;8.1138,0.0020;8.9258,0.0016;9.7368,0.0010;10.5469,0.0001;11.3565,-0.0010;12.1664,-0.0024;12.9772,-0.0041;13.7889,-0.0059;14.6012,-0.0080;15.4133,-0.0102;16.2243,-0.0126;17.0335,-0.0150;17.8409,-0.0173;18.6472,-0.0196;19.4536,-0.0218;20.2606,-0.0237;21.0680,-0.0254;21.8747,-0.0268;22.6797,-0.0280;23.4828,-0.0289;24.2848,-0.0296;25.0870,-0.0301;25.8906,-0.0304;26.6956,-0.0307;27.5014,-0.0308;28.3068,-0.0308;29.1110,-0.0308;29.9140,-0.0307;30.7167,-0.0305;31.5199,-0.0303;32.3245,-0.0300;33.1304,-0.0297;33.9366,-0.0292;34.7420,-0.0286;35.5459,-0.0280;36.3485,-0.0272;37.1507,-0.0264;37.9533,-0.0256;38.7566,-0.0247;39.5600,-0.0239;40.3628,-0.0230;41.1644,-0.0222;41.9650,-0.0213;42.7653,-0.0205;43.5661,-0.0197;44.3676,-0.0189;45.1694,-0.0183;45.9708,-0.0176;46.7712,-0.0171;47.5705,-0.0167;48.3691,-0.0164;49.1676,-0.0165;49.9668,-0.0170;50.7671,-0.0180;51.5691,-0.0196",0,-1,0.0,SKIPPED,,,,"0.7643,-0.0009;1.5701,-0.0019;2.3731,-0.0016;3.1744,-0.0007;3.9743,0.0008;4.7729,0.0012;5.5698,0.0017;6.3638,0.0019;7.1547,0.0018;7.9413,0.0019;8.7228,0.0009;9.4976,0.0002;10.2666,0.0004;11.0304,0.0010;11.7909,0.0013;12.5484,0.0023;13.3017,0.0027;14.0489,0.0030;14.7897,0.0034;15.5248,0.0045;16.2542,0.0052;16.9781,0.0055;17.6957,0.0065;18.4071,0.0059;19.1128,0.0051;19.8126,0.0040;20.5085,0.0058;21.2002,0.0066;21.8877,0.0082;22.5706,0.0098;23.2468,0.0115;23.9203,0.0130;24.5932,0.0154;25.2659,0.0178;25.9395,0.0197;26.6144,0.0219;27.2931,0.0243;27.9774,0.0268;28.6686,0.0297;29.3672,0.0330;30.0731,0.0360;30.7857,0.0398;31.5048,0.0439;32.2297,0.0481;32.9589,0.0525;33.6914,0.0574;34.4263,0.0614;35.1627,0.0660;35.9005,0.0708;36.6395,0.0745;37.3801,0.0789;38.1224,0.0839;38.8664,0.0886;39.6110,0.0932;40.3564,0.0980;41.1027,0.1024;41.8496,0.1066;42.5965,0.1114;43.3412,0.1151;44.0830,0.1194;44.8228,0.1242;45.5609,0.1285;46.2959,0.1331;47.0277,0.1373"
13f0af4c-2565-4a4d-b765-7f397f1d1684,6100000,3073,18,5.136,Yield due to a pedestrian walking across the crosswalk ahead requiring lower speed,2.1277,3.6176,"0.7827,-0.0001;1.5632,-0.0005;2.3429,-0.0011;3.1227,-0.0021;3.9034,-0.0035;4.6854,-0.0054;5.4690,-0.0078;6.2549,-0.0108;7.0439,-0.0144;7.8368,-0.0186;8.6335,-0.0234;9.4338,-0.0288;10.2368,-0.0349;11.0418,-0.0414;11.8484,-0.0485;12.6562,-0.0559;13.4649,-0.0638;14.2736,-0.0720;15.0815,-0.0803;15.8877,-0.0889;16.6916,-0.0975;17.4930,-0.1060;18.2920,-0.1145;19.0885,-0.1228;19.8828,-0.1309;20.6749,-0.1386;21.4651,-0.1459;22.2532,-0.1527;23.0394,-0.1590;23.8239,-0.1646;24.6071,-0.1696;25.3895,-0.1738;26.1712,-0.1771;26.9524,-0.1797;27.7330,-0.1815;28.5129,-0.1825;29.2920,-0.1828;30.0705,-0.1826;30.8483,-0.1818;31.6256,-0.1807;32.4023,-0.1794;33.1784,-0.1779;33.9535,-0.1765;34.7275,-0.1752;35.5001,-0.1741;36.2712,-0.1735;37.0406,-0.1733;37.8081,-0.1737;38.5736,-0.1748;39.3371,-0.1765;40.0985,-0.1789;40.8577,-0.1821;41.6145,-0.1860;42.3689,-0.1906;43.1205,-0.1960;43.8692,-0.2020;44.6150,-0.2086;45.3577,-0.2159;46.0972,-0.2236;46.8338,-0.2318;47.5672,-0.2405;48.2975,-0.2494;49.0248,-0.2587;49.7492,-0.2682",0,-1,0.0,SKIPPED,,,,"0.7391,-0.0017;1.5140,-0.0032;2.2829,-0.0037;3.0467,-0.0040;3.8072,-0.0043;4.5647,-0.0042;5.3180,-0.0045;6.0652,-0.0050;6.8061,-0.0053;7.5411,-0.0049;8.2705,-0.0049;8.9944,-0.0054;9.7120,-0.0052;10.4234,-0.0065;11.1291,-0.0079;11.8289,-0.0098;12.5248,-0.0086;13.2165,-0.0086;13.9040,-0.0076;14.5869,-0.0068;15.2631,-0.0057;15.9366,-0.0050;16.6095,-0.0032;17.2823,-0.0014;17.9558,-0.0003;18.6308,0.0012;19.3094,0.0030;19.9938,0.0048;20.6849,0.0070;21.3835,0.0096;22.0894,0.0119;22.8020,0.0149;23.5212,0.0183;24.2460,0.0218;24.9753,0.0255;25.7077,0.0297;26.4427,0.0329;27.1791,0.0368;27.9169,0.0408;28.6559,0.0438;29.3965,0.0474;30.1388,0.0516;30.8828,0.0556;31.6273,0.0595;32.3728,0.0635;33.1191,0.0672;33.8660,0.0706;34.6129,0.0746;35.3576,0.0776;36.0994,0.0812;36.8392,0.0852;37.5774,0.0887;38.3123,0.0926;39.0441,0.0961;39.7724,0.0991;40.4975,0.1018;41.2194,0.1049;41.9379,0.1073;42.6528,0.1107;43.3631,0.1141;44.0685,0.1168;44.7685,0.1203;45.4629,0.1245;46.1530,0.1246"
13f0af4c-2565-4a4d-b765-7f397f1d1684,7100000,3073,13,4.537,Yield due to the pedestrian in the crosswalk,1.5955,5.4154,"0.7289,-0.0000;1.4520,-0.0002;2.1692,-0.0003;2.8804,-0.0006;3.5862,-0.0010;4.2871,-0.0015;4.9839,-0.0020;5.6770,-0.0027;6.3671,-0.0034;7.0548,-0.0041;7.7411,-0.0048;8.4273,-0.0056;9.1148,-0.0064;9.8047,-0.0071;10.4985,-0.0079;11.1974,-0.0086;11.9029,-0.0092;12.6162,-0.0098;13.3382,-0.0104;14.0693,-0.0109;14.8094,-0.0113;15.5585,-0.0117;16.3162,-0.0122;17.0822,-0.0127;17.8561,-0.0132;18.6374,-0.0140;19.4259,-0.0149;20.2210,-0.0161;21.0224,-0.0175;21.8296,-0.0192;22.6420,-0.0213;23.4594,-0.0238;24.2817,-0.0266;25.1089,-0.0296;25.9409,-0.0330;26.7777,-0.0365;27.6187,-0.0403;28.4637,-0.0441;29.3120,-0.0480;30.1632,-0.0520;31.0168,-0.0559;31.8728,-0.0598;32.7310,-0.0636;33.5912,-0.0674;34.4531,-0.0711;35.3157,-0.0748;36.1779,-0.0784;37.0389,-0.0818;37.8987,-0.0852;38.7576,-0.0885;39.6163,-0.0917;40.4753,-0.0948;41.3344,-0.0979;42.1935,-0.1008;43.0518,-0.1036;43.9089,-0.1063;44.7640,-0.1088;45.6166,-0.1111;46.4666,-0.1133;47.3138,-0.1153;48.1582,-0.1171;48.9994,-0.1188;49.8366,-0.1205;50.6689,-0.1221",0,-1,0.0,SKIPPED,,,,"0.6896,-0.0003;1.4135,-0.0009;2.1311,-0.0008;2.8425,-0.0023;3.5482,-0.0039;4.2480,-0.0059;4.9439,-0.0049;5.6356,-0.0050;6.3231,-0.0042;7.0060,-0.0035;7.6822,-0.0026;8.3557,-0.0020;9.0286,-0.0003;9.7014,0.0012;10.3749,0.0023;11.0499,0.0036;11.7285,0.0053;12.4129,0.0068;13.1040,0.0089;13.8026,0.0113;14.5085,0.0135;15.2211,0.0164;15.9403,0.0196;16.6651,0.0230;17.3944,0.0265;18.1268,0.0305;18.8618,0.0335;19.5982,0.0372;20.3360,0.0411;21.0750,0.0439;21.8156,0.0474;22.5579,0.0515;23.3019,0.0552;24.0464,0.0590;24.7919,0.0629;25.5382,0.0663;26.2851,0.0696;27.0320,0.0734;27.7767,0.0762;28.5185,0.0797;29.2583,0.0835;29.9965,0.0869;30.7314,0.0906;31.4632,0.0939;32.1915,0.0967;32.9167,0.0993;33.6385,0.1022;34.3570,0.1045;35.0719,0.1077;35.7822,0.1109;36.4876,0.1135;37.1876,0.1168;37.8820,0.1209;38.5721,0.1208;39.2578,0.1224;39.9403,0.1237;40.6200,0.1261;41.2969,0.1289;41.9687,0.1312;42.6352,0.1325;43.2968,0.1340;43.9541,0.1360;44.6086,0.1373;45.2598,0.1381"
13f0af4c-2565-4a4d-b765-7f397f1d1684,8100000,3073,41,7.839,"Change to the right lane and enter the side street due to crossing pedestrians ahead and roadwork narrowing, then proceed slowly past construction barriers and a slower two-wheeler after evidence supports passage.",8.7185,28.8341,"0.6770,0.0000;1.3480,0.0001;2.0158,-0.0000;2.6820,-0.0004;3.3477,-0.0011;4.0127,-0.0024;4.6761,-0.0046;5.3366,-0.0080;5.9931,-0.0129;6.6449,-0.0199;7.2920,-0.0295;7.9345,-0.0422;8.5728,-0.0588;9.2070,-0.0802;9.8366,-0.1073;10.4613,-0.1413;11.0800,-0.1837;11.6921,-0.2359;12.2965,-0.2998;12.8925,-0.3775;13.4791,-0.4708;14.0552,-0.5817;14.6195,-0.7117;15.1709,-0.8623;15.7078,-1.0343;16.2291,-1.2282;16.7335,-1.4442;17.2197,-1.6820;17.6870,-1.9409;18.1346,-2.2202;18.5623,-2.5188;18.9699,-2.8361;19.3572,-3.1708;19.7240,-3.5222;20.0706,-3.8892;20.3971,-4.2714;20.7043,-4.6687;20.9928,-5.0814;21.2629,-5.5096;21.5148,-5.9530;21.7480,-6.4106;21.9623,-6.8811;22.1574,-7.3632;22.3335,-7.8562;22.4911,-8.3601;22.6304,-8.8746;22.7519,-9.3992;22.8557,-9.9324;22.9423,-10.4724;23.0123,-11.0176;23.0668,-11.5672;23.1069,-12.1213;23.1336,-12.6807;23.1483,-13.2457;23.1519,-13.8161;23.1456,-14.3909;23.1307,-14.9690;23.1082,-15.5493;23.0790,-16.1317;23.0440,-16.7166;23.0037,-17.3050;22.9587,-17.8972;22.9095,-18.4936;22.8565,-19.0938",0,-1,0.0,SKIPPED,,,,"0.6394,-0.0001;1.3128,-0.0004;1.9857,0.0002;2.6585,0.0009;3.3320,0.0009;4.0070,0.0013;4.6857,0.0020;5.3700,0.0026;6.0611,0.0037;6.7598,0.0051;7.4657,0.0063;8.1783,0.0081;8.8974,0.0103;9.6223,0.0126;10.3515,0.0151;11.0840,0.0181;11.8190,0.0200;12.5554,0.0227;13.2931,0.0255;14.0322,0.0273;14.7728,0.0297;15.5151,0.0327;16.2591,0.0354;17.0036,0.0381;17.7491,0.0409;18.4954,0.0433;19.2423,0.0456;19.9892,0.0483;20.7339,0.0500;21.4758,0.0524;22.2156,0.0552;22.9537,0.0575;23.6887,0.0602;24.4205,0.0624;25.1487,0.0642;25.8739,0.0658;26.5958,0.0676;27.3143,0.0689;28.0291,0.0711;28.7394,0.0733;29.4448,0.0749;30.1449,0.0772;30.8393,0.0802;31.5294,0.0792;32.2150,0.0798;32.8976,0.0801;33.5773,0.0815;34.2542,0.0834;34.9260,0.0848;35.5924,0.0851;36.2540,0.0856;36.9114,0.0867;37.5659,0.0871;38.2171,0.0870;38.8643,0.0871;39.5078,0.0870;40.1476,0.0865;40.7820,0.0877;41.4089,0.0880;42.0263,0.0879;42.6323,0.0887;43.2272,0.0879;43.8112,0.0890;44.3846,0.0882"
13f0af4c-2565-4a4d-b765-7f397f1d1684,9100000,3073,17,5.012,Yield to the pedestrian since a person is running across our lane ahead,1.9584,7.0785,"0.7062,0.0000;1.4194,0.0002;2.1400,0.0004;2.8679,0.0008;3.6028,0.0013;4.3437,0.0018;5.0896,0.0024;5.8397,0.0031;6.5934,0.0038;7.3506,0.0046;8.1109,0.0053;8.8738,0.0060;9.6383,0.0067;10.4036,0.0073;11.1696,0.0079;11.9365,0.0083;12.7048,0.0087;13.4749,0.0091;14.2465,0.0093;15.0192,0.0095;15.7930,0.0095;16.5676,0.0095;17.3431,0.0094;18.1197,0.0092;18.8975,0.0089;19.6765,0.0085;20.4569,0.0079;21.2391,0.0073;22.0231,0.0064;22.8088,0.0054;23.5963,0.0042;24.3852,0.0028;25.1758,0.0012;25.9683,-0.0006;26.7626,-0.0027;27.5590,-0.0049;28.3569,-0.0074;29.1560,-0.0100;29.9558,-0.0128;30.7561,-0.0157;31.5566,-0.0187;32.3575,-0.0218;33.1584,-0.0249;33.9594,-0.0280;34.7602,-0.0309;35.5612,-0.0338;36.3623,-0.0365;37.1637,-0.0390;37.9651,-0.0412;38.7664,-0.0431;39.5670,-0.0446;40.3667,-0.0456;41.1657,-0.0462;41.9641,-0.0462;42.7619,-0.0458;43.5591,-0.0448;44.3555,-0.0433;45.1508,-0.0412;45.9449,-0.0387;46.7379,-0.0356;47.5300,-0.0320;48.3215,-0.0280;49.1123,-0.0235;49.9024,-0.0184",0,-1,0.0,SKIPPED,,,,"0.6675,-0.0005;1.3801,-0.0004;2.0992,0.0000;2.8241,0.0006;3.5533,0.0013;4.2858,0.0025;5.0208,0.0027;5.7572,0.0036;6.4950,0.0046;7.2340,0.0046;7.9746,0.0052;8.7169,0.0064;9.4609,0.0073;10.2055,0.0082;10.9509,0.0092;11.6973,0.0098;12.4441,0.0102;13.1911,0.0111;13.9357,0.0111;14.6776,0.0116;15.4174,0.0126;16.1556,0.0132;16.8905,0.0141;17.6223,0.0145;18.3506,0.0146;19.0758,0.0143;19.7976,0.0145;20.5162,0.0140;21.2310,0.0145;21.9413,0.0149;22.6467,0.0148;23.3468,0.0154;24.0412,0.0168;24.7312,0.0141;25.4169,0.0130;26.0995,0.0117;26.7792,0.0114;27.4561,0.0116;28.1279,0.0114;28.7943,0.0102;29.4559,0.0090;30.1132,0.0085;30.7678,0.0074;31.4190,0.0056;32.0662,0.0042;32.7097,0.0026;33.3494,0.0005;33.9839,0.0001;34.6108,-0.0011;35.2282,-0.0027;35.8341,-0.0033;36.4290,-0.0055;37.0131,-0.0059;37.5865,-0.0081;38.1489,-0.0081;38.7011,-0.0086;39.2423,-0.0095;39.7732,-0.0090;40.2953,-0.0084;40.8100,-0.0062;41.3213,-0.0041;41.8273,-0.0007;42.3278,0.0034;42.8240,0.0090"
13f0af4c-2565-4a4d-b765-7f397f1d1684,10100000,3073,14,4.664,Keep speed through the intersection since the traffic light is green,3.5791,11.7066,"0.7415,-0.0000;1.4868,-0.0001;2.2359,-0.0002;2.9890,-0.0003;3.7461,-0.0005;4.5071,-0.0009;5.2719,-0.0013;6.0404,-0.0018;6.8122,-0.0025;7.5868,-0.0033;8.3638,-0.0043;9.1427,-0.0055;9.9233,-0.0069;10.7055,-0.0085;11.4893,-0.0104;12.2746,-0.0127;13.0612,-0.0152;13.8487,-0.0181;14.6370,-0.0214;15.4259,-0.0250;16.2153,-0.0289;17.0054,-0.0331;17.7961,-0.0376;18.5876,-0.0424;19.3800,-0.0474;20.1732,-0.0525;20.9674,-0.0578;21.7624,-0.0632;22.5584,-0.0687;23.3554,-0.0742;24.1543,-0.0796;24.9557,-0.0850;25.7609,-0.0902;26.5710,-0.0950;27.3871,-0.0993;28.2097,-0.1028;29.0394,-0.1054;29.8765,-0.1069;30.7214,-0.1068;31.5740,-0.1051;32.4336,-0.1015;33.2987,-0.0959;34.1670,-0.0882;35.0363,-0.0784;35.9047,-0.0666;36.7711,-0.0530;37.6350,-0.0378;38.4964,-0.0213;39.3555,-0.0038;40.2127,0.0145;41.0682,0.0333;41.9219,0.0527;42.7738,0.0723;43.6238,0.0920;44.4720,0.1118;45.3191,0.1317;46.1658,0.1516;47.0121,0.1715;47.8577,0.1914;48.7014,0.2112;49.5426,0.2307;50.3811,0.2501;51.2170,0.2692;52.0510,0.2881",0,-1,0.0,SKIPPED,,,,"0.7006,-0.0001;1.4429,0.0002;2.1868,0.0003;2.9314,0.0004;3.6769,0.0005;4.4232,0.0003;5.1701,-0.0001;5.9170,0.0000;6.6617,-0.0009;7.4036,-0.0011;8.1434,-0.0010;8.8815,-0.0012;9.6165,-0.0011;10.3483,-0.0015;11.0766,-0.0023;11.8017,-0.0033;12.5236,-0.0040;13.2421,-0.0052;13.9570,-0.0056;14.6673,-0.0059;15.3727,-0.0068;16.0727,-0.0069;16.7672,-0.0063;17.4572,-0.0098;18.1429,-0.0117;18.8254,-0.0137;19.5052,-0.0147;20.1820,-0.0153;20.8538,-0.0162;21.5203,-0.0182;22.1819,-0.0201;22.8392,-0.0213;23.4937,-0.0232;24.1449,-0.0257;24.7921,-0.0278;25.4356,-0.0301;26.0754,-0.0329;26.7099,-0.0340;27.3367,-0.0359;27.9541,-0.0382;28.5601,-0.0395;29.1550,-0.0424;29.7390,-0.0434;30.3124,-0.0462;30.8748,-0.0469;31.4270,-0.0479;31.9682,-0.0495;32.4991,-0.0495;33.0212,-0.0495;33.5359,-0.0479;34.0472,-0.0464;34.5532,-0.0435;35.0537,-0.0399;35.5499,-0.0349;36.0428,-0.0299;36.5316,-0.0235;37.0156,-0.0159;37.4948,-0.0071;37.9693,0.0028;38.4410,0.0130;38.9122,0.0257;39.3847,0.0398;39.8625,0.0554;40.3464,0.0717"
13f0af4c-2565-4a4d-b765-7f397f1d1684,11100000,3073,14,4.671,Keep speed through the intersection since the traffic light is green,2.908,8.716,"0.7389,-0.0000;1.4754,-0.0000;2.2091,-0.0001;2.9395,-0.0002;3.6663,-0.0003;4.3893,-0.0004;5.1081,-0.0006;5.8219,-0.0008;6.5298,-0.0010;7.2308,-0.0012;7.9238,-0.0015;8.6079,-0.0018;9.2822,-0.0022;9.9462,-0.0026;10.5990,-0.0032;11.2400,-0.0038;11.8686,-0.0045;12.4841,-0.0054;13.0858,-0.0063;13.6731,-0.0074;14.2456,-0.0086;14.8026,-0.0099;15.3435,-0.0114;15.8681,-0.0130;16.3764,-0.0147;16.8690,-0.0166;17.3468,-0.0186;17.8105,-0.0207;18.2606,-0.0230;18.6975,-0.0253;19.1213,-0.0277;19.5325,-0.0302;19.9314,-0.0326;20.3185,-0.0351;20.6945,-0.0376;21.0601,-0.0401;21.4159,-0.0425;21.7629,-0.0449;22.1020,-0.0473;22.4347,-0.0496;22.7618,-0.0519;23.0844,-0.0541;23.4029,-0.0563;23.7177,-0.0584;24.0291,-0.0605;24.3375,-0.0625;24.6429,-0.0645;24.9456,-0.0664;25.2457,-0.0682;25.5432,-0.0699;25.8386,-0.0716;26.1319,-0.0733;26.4235,-0.0749;26.7137,-0.0765;27.0030,-0.0780;27.2919,-0.0796;27.5806,-0.0812;27.8697,-0.0828;28.1592,-0.0845;28.4495,-0.0861;28.7408,-0.0879;29.0335,-0.0896;29.3278,-0.0914;29.6241,-0.0931",0,-1,0.0,SKIPPED,,,,"0.6994,0.0005;1.4375,0.0005;2.1725,0.0009;2.9043,0.0009;3.6326,0.0004;4.3577,-0.0003;5.0796,-0.0007;5.7981,-0.0016;6.5130,-0.0016;7.2233,-0.0016;7.9287,-0.0023;8.6287,-0.0021;9.3232,-0.0012;10.0132,-0.0044;10.6989,-0.0059;11.3814,-0.0077;12.0612,-0.0084;12.7380,-0.0086;13.4098,-0.0093;14.0763,-0.0110;14.7379,-0.0126;15.3952,-0.0136;16.0497,-0.0152;16.7009,-0.0173;17.3482,-0.0192;17.9916,-0.0212;18.6314,-0.0238;19.2659,-0.0246;19.8927,-0.0262;20.5101,-0.0282;21.1161,-0.0293;21.7110,-0.0319;22.2950,-0.0326;22.8684,-0.0352;23.4308,-0.0356;23.9830,-0.0365;24.5243,-0.0378;25.0552,-0.0376;25.5772,-0.0374;26.0920,-0.0355;26.6032,-0.0338;27.1092,-0.0307;27.6097,-0.0269;28.1059,-0.0216;28.5988,-0.0164;29.0876,-0.0098;29.5716,-0.0020;30.0508,0.0070;30.5253,0.0171;30.9970,0.0275;31.4681,0.0404;31.9407,0.0547;32.4185,0.0705;32.9024,0.0870;33.3942,0.1052;33.8960,0.1260;34.4094,0.1487;34.9354,0.1724;35.4728,0.1984;36.0218,0.2268;36.5821,0.2561;37.1532,0.2886;37.7348,0.3227;38.3284,0.3586"
13f0af4c-2565-4a4d-b765-7f397f1d1684,12100000,3073,15,4.777,Slow down due to a pedestrian walking across the crosswalk ahead,1.1001,1.982,"0.7067,-0.0000;1.4104,-0.0002;2.1105,-0.0004;2.8067,-0.0007;3.4987,-0.0011;4.1861,-0.0018;4.8690,-0.0025;5.5477,-0.0034;6.2231,-0.0045;6.8959,-0.0057;7.5663,-0.0071;8.2342,-0.0086;8.8994,-0.0102;9.5618,-0.0118;10.2215,-0.0135;10.8789,-0.0152;11.5340,-0.0170;12.1868,-0.0187;12.8364,-0.0204;13.4822,-0.0221;14.1232,-0.0237;14.7592,-0.0252;15.3903,-0.0267;16.0167,-0.0282;16.6389,-0.0296;17.2569,-0.0309;17.8706,-0.0322;18.4795,-0.0334;19.0829,-0.0346;19.6806,-0.0357;20.2728,-0.0367;20.8599,-0.0377;21.4424,-0.0387;22.0209,-0.0396;22.5954,-0.0404;23.1658,-0.0412;23.7323,-0.0420;24.2950,-0.0428;24.8544,-0.0435;25.4113,-0.0442;25.9662,-0.0449;26.5197,-0.0455;27.0723,-0.0460;27.6240,-0.0465;28.1752,-0.0469;28.7261,-0.0472;29.2769,-0.0474;29.8284,-0.0475;30.3814,-0.0475;30.9376,-0.0473;31.4983,-0.0470;32.0643,-0.0465;32.6360,-0.0458;33.2131,-0.0449;33.7952,-0.0438;34.3820,-0.0425;34.9735,-0.0410;35.5694,-0.0393;36.1695,-0.0374;36.7734,-0.0352;37.3807,-0.0328;37.9910,-0.0301;38.6038,-0.0272;39.2185,-0.0239",0,-1,0.0,SKIPPED,,,,"0.6669,-0.0001;1.3669,0.0006;2.0614,0.0020;2.7514,-0.0007;3.4371,-0.0017;4.1196,-0.0029;4.7994,-0.0031;5.4762,-0.0029;6.1480,-0.0030;6.8145,-0.0042;7.4761,-0.0053;8.1334,-0.0058;8.7879,-0.0069;9.4391,-0.0085;10.0864,-0.0099;10.7299,-0.0115;11.3696,-0.0135;12.0041,-0.0139;12.6309,-0.0150;13.2484,-0.0166;13.8543,-0.0172;14.4492,-0.0193;15.0333,-0.0196;15.6066,-0.0218;16.1691,-0.0218;16.7212,-0.0222;17.2625,-0.0231;17.7934,-0.0225;18.3155,-0.0219;18.8302,-0.0196;19.3414,-0.0175;19.8475,-0.0141;20.3479,-0.0099;20.8441,-0.0042;21.3371,0.0013;21.8259,0.0083;22.3098,0.0165;22.7890,0.0259;23.2635,0.0363;23.7352,0.0471;24.2063,0.0603;24.6789,0.0750;25.1566,0.0912;25.6405,0.1080;26.1323,0.1266;26.6341,0.1478;27.1475,0.1709;27.6735,0.1950;28.2108,0.2213;28.7598,0.2502;29.3202,0.2799;29.8912,0.3128;30.4728,0.3474;31.0663,0.3837;31.6709,0.4235;32.2840,0.4637;32.9043,0.5061;33.5319,0.5514;34.1668,0.5988;34.8095,0.6480;35.4591,0.6991;36.1148,0.7531;36.7773,0.8078;37.4463,0.8637"
13f0af4c-2565-4a4d-b765-7f397f1d1684,13100000,3073,14,4.69,Yield to the pedestrian walking across the crosswalk ahead,1.6451,4.1871,"0.6606,-0.0001;1.3164,-0.0002;1.9680,-0.0004;2.6156,-0.0008;3.2592,-0.0011;3.8980,-0.0016;4.5315,-0.0021;5.1596,-0.0026;5.7823,-0.0032;6.4002,-0.0038;7.0135,-0.0045;7.6222,-0.0051;8.2257,-0.0058;8.8234,-0.0066;9.4151,-0.0074;10.0008,-0.0082;10.5806,-0.0091;11.1548,-0.0100;11.7234,-0.0111;12.2869,-0.0122;12.8454,-0.0134;13.3996,-0.0146;13.9504,-0.0159;14.4989,-0.0173;15.0464,-0.0188;15.5943,-0.0204;16.1447,-0.0222;16.6996,-0.0241;17.2611,-0.0262;17.8312,-0.0285;18.4111,-0.0311;19.0017,-0.0340;19.6035,-0.0372;20.2165,-0.0407;20.8410,-0.0445;21.4765,-0.0486;22.1229,-0.0530;22.7794,-0.0576;23.4451,-0.0622;24.1191,-0.0670;24.8002,-0.0717;25.4875,-0.0763;26.1798,-0.0807;26.8764,-0.0848;27.5767,-0.0885;28.2799,-0.0917;28.9856,-0.0944;29.6937,-0.0964;30.4043,-0.0978;31.1175,-0.0985;31.8338,-0.0985;32.5531,-0.0978;33.2756,-0.0964;34.0016,-0.0946;34.7314,-0.0922;35.4659,-0.0895;36.2055,-0.0865;36.9509,-0.0832;37.7024,-0.0796;38.4599,-0.0758;39.2231,-0.0719;39.9915,-0.0679;40.7646,-0.0637;41.5418,-0.0594",0,-1,0.0,SKIPPED,,,,"0.6255,-0.0002;1.2828,0.0001;1.9373,-0.0003;2.5885,-0.0011;3.2358,-0.0017;3.8793,-0.0026;4.5190,-0.0038;5.1535,-0.0034;5.7804,-0.0039;6.3978,-0.0047;7.0037,-0.0046;7.5986,-0.0060;8.1827,-0.0056;8.7561,-0.0071;9.3185,-0.0064;9.8707,-0.0062;10.4119,-0.0065;10.9428,-0.0052;11.4649,-0.0040;11.9796,-0.0012;12.4909,0.0016;12.9969,0.0056;13.4973,0.0104;13.9935,0.0166;14.4865,0.0228;14.9752,0.0303;15.4592,0.0390;15.9384,0.0490;16.4128,0.0600;16.8845,0.0713;17.3556,0.0851;17.8282,0.1003;18.3059,0.1171;18.7898,0.1345;19.2816,0.1537;19.7834,0.1755;20.2967,0.1992;20.8226,0.2239;21.3600,0.2509;21.9089,0.2804;22.4692,0.3108;23.0402,0.3443;23.6218,0.3796;24.2153,0.4166;24.8198,0.4571;25.4328,0.4980;26.0530,0.5411;26.6807,0.5872;27.3155,0.6354;27.9581,0.6853;28.6076,0.7372;29.2633,0.7919;29.9257,0.8474;30.5947,0.9041;31.2708,0.9627;31.9542,1.0219;32.6452,1.0817;33.3435,1.1411;34.0496,1.2011;34.7617,1.2597;35.4777,1.3170;36.1972,1.3734;36.9197,1.4268;37.6467,1.4768"
13f0af4c-2565-4a4d-b765-7f397f1d1684,14100000,3073,15,4.812,Yield by slowing due to the pedestrian in the crosswalk,1.7297,5.9501,"0.6083,-0.0000;1.2085,-0.0002;1.8004,-0.0004;2.3834,-0.0007;2.9574,-0.0010;3.5218,-0.0015;4.0763,-0.0020;4.6208,-0.0025;5.1549,-0.0032;5.6789,-0.0039;6.1932,-0.0046;6.6984,-0.0054;7.1951,-0.0063;7.6839,-0.0073;8.1651,-0.0083;8.6390,-0.0093;9.1062,-0.0104;9.5673,-0.0115;10.0232,-0.0127;10.4749,-0.0139;10.9236,-0.0152;11.3703,-0.0165;11.8163,-0.0179;12.2629,-0.0193;12.7116,-0.0208;13.1634,-0.0224;13.6191,-0.0239;14.0793,-0.0256;14.5439,-0.0272;15.0131,-0.0288;15.4864,-0.0304;15.9636,-0.0319;16.4443,-0.0333;16.9285,-0.0347;17.4160,-0.0358;17.9069,-0.0369;18.4014,-0.0377;18.8994,-0.0383;19.4009,-0.0387;19.9057,-0.0387;20.4137,-0.0385;20.9248,-0.0379;21.4388,-0.0370;21.9558,-0.0357;22.4758,-0.0340;22.9991,-0.0319;23.5259,-0.0294;24.0563,-0.0265;24.5905,-0.0233;25.1283,-0.0196;25.6697,-0.0156;26.2145,-0.0113;26.7629,-0.0066;27.3152,-0.0017;27.8714,0.0036;28.4317,0.0091;28.9962,0.0148;29.5649,0.0208;30.1379,0.0269;30.7154,0.0332;31.2975,0.0397;31.8845,0.0462;32.4763,0.0529;33.0729,0.0598",0,-1,0.0,SKIPPED,,,,"0.5722,0.0005;1.1671,-0.0004;1.7512,0.0004;2.3246,-0.0006;2.8870,0.0005;3.4392,0.0012;3.9804,0.0014;4.5113,0.0030;5.0334,0.0047;5.5481,0.0079;6.0593,0.0111;6.5654,0.0155;7.0658,0.0207;7.5620,0.0273;8.0549,0.0339;8.5437,0.0418;9.0276,0.0509;9.5068,0.0613;9.9813,0.0726;10.4530,0.0843;10.9241,0.0985;11.3966,0.1141;11.8743,0.1313;12.3582,0.1490;12.8499,0.1686;13.3517,0.1908;13.8650,0.2149;14.3909,0.2400;14.9282,0.2675;15.4772,0.2974;16.0375,0.3283;16.6084,0.3623;17.1900,0.3980;17.7834,0.4355;18.3879,0.4765;19.0009,0.5179;19.6211,0.5615;20.2487,0.6081;20.8835,0.6568;21.5261,0.7072;22.1755,0.7596;22.8311,0.8148;23.4935,0.8709;24.1624,0.9281;24.8385,0.9872;25.5219,1.0470;26.2128,1.1074;26.9111,1.1673;27.6172,1.2278;28.3291,1.2870;29.0452,1.3449;29.7646,1.4019;30.4871,1.4559;31.2140,1.5065;31.9469,1.5542;32.6853,1.5987;33.4278,1.6404;34.1738,1.6785;34.9235,1.7144;35.6779,1.7480;36.4384,1.7771;37.2057,1.8024;37.9763,1.8244;38.7494,1.8432"
13f0af4c-2565-4a4d-b765-7f397f1d1684,15100000,3073,17,5.033,Yield due to a pedestrian walking across our lane in the crosswalk,0.8145,1.7231,"0.5079,0.0003;1.0093,0.0012;1.5053,0.0026;1.9962,0.0044;2.4822,0.0065;2.9635,0.0090;3.4401,0.0116;3.9128,0.0144;4.3828,0.0172;4.8518,0.0201;5.3214,0.0231;5.7932,0.0262;6.2688,0.0292;6.7495,0.0322;7.2372,0.0353;7.7331,0.0384;8.2377,0.0417;8.7510,0.0452;9.2727,0.0490;9.8022,0.0535;10.3390,0.0588;10.8830,0.0656;11.4343,0.0744;11.9931,0.0860;12.5591,0.1009;13.1322,0.1199;13.7119,0.1434;14.2974,0.1717;14.8881,0.2051;15.4833,0.2435;16.0830,0.2868;16.6872,0.3348;17.2962,0.3870;17.9103,0.4430;18.5296,0.5024;19.1542,0.5645;19.7842,0.6287;20.4199,0.6944;21.0615,0.7611;21.7091,0.8285;22.3630,0.8962;23.0232,0.9638;23.6896,1.0309;24.3619,1.0973;25.0402,1.1625;25.7245,1.2263;26.4152,1.2883;27.1126,1.3486;27.8170,1.4068;28.5289,1.4628;29.2481,1.5165;29.9748,1.5679;30.7089,1.6170;31.4504,1.6637;32.1996,1.7082;32.9569,1.7507;33.7224,1.7913;34.4961,1.8302;35.2777,1.8675;36.0665,1.9032;36.8617,1.9374;37.6624,1.9701;38.4676,2.0014;39.2765,2.0311",0,-1,0.0,SKIPPED,,,,"0.4832,-0.0001;0.9892,0.0012;1.4897,0.0033;1.9860,0.0068;2.4789,0.0103;2.9677,0.0152;3.4517,0.0212;3.9309,0.0286;4.4054,0.0370;4.8772,0.0457;5.3484,0.0570;5.8210,0.0696;6.2988,0.0838;6.7828,0.0985;7.2746,0.1150;7.7765,0.1341;8.2900,0.1550;8.8160,0.1768;9.3535,0.2009;9.9026,0.2274;10.4631,0.2548;11.0343,0.2852;11.6160,0.3173;12.2097,0.3511;12.8145,0.3883;13.4277,0.4259;14.0481,0.4656;14.6760,0.5083;15.3111,0.5530;15.9539,0.5994;16.6037,0.6477;17.2597,0.6989;17.9224,0.7508;18.5917,0.8038;19.2681,0.8587;19.9518,0.9142;20.6431,0.9703;21.3417,1.0259;22.0482,1.0820;22.7605,1.1367;23.4769,1.1901;24.1966,1.2426;24.9195,1.2921;25.6467,1.3381;26.3799,1.3813;27.1186,1.4211;27.8613,1.4582;28.6075,1.4916;29.3574,1.5229;30.1120,1.5518;30.8727,1.5761;31.6401,1.5966;32.4109,1.6138;33.1840,1.6278;33.9583,1.6391;34.7339,1.6499;35.5117,1.6593;36.2915,1.6684;37.0729,1.6773;37.8539,1.6845;38.6326,1.6919;39.4106,1.6982;40.1890,1.7037;40.9692,1.7089"
13f0af4c-2565-4a4d-b765-7f397f1d1684,16100000,3073,20,5.368,Yield to the pedestrian in the crosswalk since the pedestrian is crossing our lane ahead,1.7919,4.1778,"0.4684,0.0006;0.9341,0.0025;1.3987,0.0058;1.8641,0.0104;2.3316,0.0166;2.8024,0.0246;3.2778,0.0347;3.7593,0.0471;4.2486,0.0621;4.7471,0.0801;5.2557,0.1014;5.7748,0.1260;6.3041,0.1541;6.8432,0.1856;7.3916,0.2204;7.9487,0.2582;8.5138,0.2989;9.0864,0.3420;9.6658,0.3872;10.2513,0.4342;10.8428,0.4827;11.4401,0.5326;12.0435,0.5836;12.6533,0.6358;13.2697,0.6890;13.8929,0.7434;14.5229,0.7990;15.1596,0.8559;15.8027,0.9143;16.4515,0.9745;17.1058,1.0368;17.7654,1.1016;18.4308,1.1696;19.1025,1.2412;19.7808,1.3169;20.4652,1.3969;21.1550,1.4810;21.8495,1.5691;22.5487,1.6608;23.2528,1.7560;23.9620,1.8542;24.6767,1.9552;25.3968,2.0585;26.1220,2.1635;26.8520,2.2698;27.5868,2.3769;28.3262,2.4844;29.0701,2.5917;29.8180,2.6985;30.5695,2.8040;31.3240,2.9079;32.0815,3.0098;32.8419,3.1094;33.6054,3.2065;34.3721,3.3009;35.1417,3.3926;35.9143,3.4815;36.6898,3.5678;37.4683,3.6516;38.2501,3.7331;39.0357,3.8124;39.8254,3.8900;40.6197,3.9660;41.4187,4.0406",0,-1,0.0,SKIPPED,,,,"0.4453,0.0006;0.9181,0.0026;1.3961,0.0059;1.8803,0.0097;2.3724,0.0151;2.8746,0.0228;3.3884,0.0321;3.9148,0.0420;4.4527,0.0539;5.0023,0.0680;5.5632,0.0827;6.1349,0.1002;6.7173,0.1191;7.3116,0.1395;7.9170,0.1630;8.5309,0.1867;9.1521,0.2124;9.7808,0.2409;10.4167,0.2712;11.0605,0.3031;11.7112,0.3367;12.3681,0.3730;13.0318,0.4099;13.7021,0.4478;14.3796,0.4873;15.0644,0.5273;15.7568,0.5678;16.4565,0.6076;17.1641,0.6477;17.8775,0.6863;18.5948,0.7235;19.3156,0.7596;20.0394,0.7928;20.7674,0.8224;21.5014,0.8489;22.2408,0.8721;22.9842,0.8924;23.7310,0.9089;24.4814,0.9232;25.2364,0.9350;25.9975,0.9421;26.7652,0.9452;27.5362,0.9450;28.3094,0.9415;29.0837,0.9353;29.8594,0.9285;30.6372,0.9204;31.4170,0.9118;32.1984,0.9030;32.9794,0.8926;33.7580,0.8824;34.5360,0.8711;35.3143,0.8590;36.0944,0.8465;36.8764,0.8335;37.6590,0.8202;38.4415,0.8063;39.2239,0.7917;40.0073,0.7764;40.7915,0.7612;41.5758,0.7457;42.3598,0.7299;43.1428,0.7142;43.9248,0.6979"
13f0af4c-2565-4a4d-b765-7f397f1d1684,17100000,3073,42,7.958,"Maintain lane and gently accelerate because a pedestrian is still in the right-side crosswalk, blocking an immediate merge to the right, but once clear, our lane is open with no vehicles blocking.",0.8308,3.5207,"0.5605,0.0006;1.1309,0.0024;1.7112,0.0055;2.3012,0.0097;2.9006,0.0151;3.5093,0.0216;4.1268,0.0293;4.7531,0.0381;5.3883,0.0480;6.0327,0.0591;6.6864,0.0714;7.3492,0.0849;8.0203,0.0994;8.6991,0.1148;9.3851,0.1308;10.0782,0.1473;10.7787,0.1640;11.4870,0.1806;12.2031,0.1968;12.9263,0.2123;13.6560,0.2268;14.3914,0.2398;15.1323,0.2509;15.8789,0.2597;16.6314,0.2657;17.3899,0.2684;18.1537,0.2675;18.9226,0.2627;19.6962,0.2538;20.4751,0.2409;21.2599,0.2239;22.0510,0.2030;22.8486,0.1784;23.6521,0.1507;24.4610,0.1200;25.2747,0.0870;26.0934,0.0518;26.9175,0.0149;27.7475,-0.0237;28.5833,-0.0637;29.4246,-0.1051;30.2712,-0.1478;31.1229,-0.1918;31.9805,-0.2373;32.8444,-0.2843;33.7150,-0.3330;34.5921,-0.3834;35.4749,-0.4354;36.3629,-0.4890;37.2556,-0.5442;38.1532,-0.6008;39.0558,-0.6588;39.9637,-0.7179;40.8766,-0.7782;41.7943,-0.8394;42.7161,-0.9014;43.6414,-0.9642;44.5695,-1.0275;45.4999,-1.0912;46.4324,-1.1553;47.3671,-1.2197;48.3042,-1.2843;49.2439,-1.3491;50.1862,-1.4141",0,-1,0.0,SKIPPED,,,,"0.5306,-0.0004;1.1026,0.0017;1.6852,0.0049;2.2799,0.0093;2.8857,0.0165;3.5001,0.0237;4.1217,0.0326;4.7509,0.0441;5.3875,0.0573;6.0318,0.0718;6.6832,0.0879;7.3409,0.1065;8.0053,0.1256;8.6764,0.1454;9.3547,0.1666;10.0404,0.1882;10.7336,0.2100;11.4341,0.2309;12.1425,0.2519;12.8567,0.2713;13.5748,0.2892;14.2963,0.3059;15.0207,0.3196;15.7492,0.3296;16.4837,0.3363;17.2235,0.3396;17.9671,0.3398;18.7141,0.3362;19.4646,0.3303;20.2197,0.3217;20.9806,0.3083;21.7482,0.2908;22.5188,0.2698;23.2917,0.2455;24.0656,0.2185;24.8408,0.1908;25.6181,0.1617;26.3974,0.1321;27.1783,0.1023;27.9587,0.0709;28.7367,0.0396;29.5141,0.0075;30.2918,-0.0256;31.0713,-0.0591;31.8527,-0.0932;32.6346,-0.1276;33.4165,-0.1625;34.1982,-0.1982;34.9809,-0.2346;35.7644,-0.2709;36.5480,-0.3075;37.3313,-0.3444;38.1136,-0.3812;38.8949,-0.4185;39.6762,-0.4559;40.4576,-0.4932;41.2395,-0.5303;42.0223,-0.5673;42.8047,-0.6040;43.5871,-0.6410;44.3696,-0.6789;45.1525,-0.7172;45.9363,-0.7555;46.7205,-0.7940"
13f0af4c-2565-4a4d-b765-7f397f1d1684,18100000,3073,18,5.13,Accelerate to proceed through the intersection since the pedestrian has cleared the crosswalk,1.4022,4.6927,"0.6516,0.0009;1.3096,0.0036;1.9744,0.0079;2.6461,0.0138;3.3245,0.0209;4.0095,0.0292;4.7010,0.0383;5.3990,0.0480;6.1034,0.0580;6.8144,0.0680;7.5320,0.0777;8.2563,0.0869;8.9873,0.0953;9.7250,0.1023;10.4696,0.1078;11.2208,0.1114;11.9785,0.1126;12.7424,0.1110;13.5128,0.1061;14.2902,0.0976;15.0747,0.0849;15.8657,0.0676;16.6621,0.0455;17.4631,0.0182;18.2684,-0.0142;19.0789,-0.0517;19.8954,-0.0942;20.7183,-0.1414;21.5477,-0.1930;22.3830,-0.2483;23.2240,-0.3069;24.0709,-0.3683;24.9244,-0.4319;25.7850,-0.4975;26.6530,-0.5647;27.5281,-0.6333;28.4093,-0.7029;29.2959,-0.7734;30.1874,-0.8447;31.0838,-0.9168;31.9852,-0.9895;32.8917,-1.0630;33.8027,-1.1372;34.7170,-1.2121;35.6329,-1.2875;36.5490,-1.3634;37.4648,-1.4398;38.3803,-1.5167;39.2961,-1.5942;40.2125,-1.6724;41.1298,-1.7512;42.0480,-1.8306;42.9670,-1.9105;43.8869,-1.9910;44.8076,-2.0719;45.7294,-2.1533;46.6525,-2.2349;47.5772,-2.3168;48.5036,-2.3990;49.4314,-2.4814;50.3602,-2.5637;51.2893,-2.6461;52.2181,-2.7283;53.1463,-2.8103",0,-1,0.0,SKIPPED,,,,"0.6158,-0.0002;1.2737,0.0019;1.9384,0.0042;2.6098,0.0072;3.2884,0.0114;3.9744,0.0158;4.6680,0.0201;5.3688,0.0235;6.0775,0.0267;6.7919,0.0282;7.5103,0.0280;8.2319,0.0266;8.9564,0.0221;9.6850,0.0138;10.4194,0.0021;11.1590,-0.0132;11.9025,-0.0316;12.6491,-0.0540;13.3992,-0.0787;14.1538,-0.1062;14.9142,-0.1387;15.6811,-0.1755;16.4510,-0.2158;17.2230,-0.2595;17.9960,-0.3060;18.7702,-0.3531;19.5465,-0.4017;20.3249,-0.4508;21.1047,-0.5002;21.8841,-0.5512;22.6612,-0.6020;23.4375,-0.6537;24.2141,-0.7063;24.9925,-0.7593;25.7728,-0.8130;26.5536,-0.8670;27.3344,-0.9215;28.1149,-0.9768;28.8965,-1.0328;29.6788,-1.0888;30.4613,-1.1451;31.2434,-1.2017;32.0245,-1.2581;32.8046,-1.3150;33.5847,-1.3720;34.3650,-1.4289;35.1457,-1.4856;35.9273,-1.5422;36.7086,-1.5985;37.4898,-1.6551;38.2710,-1.7127;39.0527,-1.7706;39.8354,-1.8286;40.6183,-1.8868;41.4012,-1.9454;42.1845,-2.0049;42.9680,-2.0656;43.7519,-2.1274;44.5363,-2.1901;45.3212,-2.2535;46.1064,-2.3170;46.8919,-2.3813;47.6776,-2.4461;48.4631,-2.5107"
13f0af4c-2565-4a4d-b765-7f397f1d1684,19100000,3073,16,4.901,Keep distance to the cyclists since they are directly ahead in our lane,1.8227,4.1531,"0.7212,-0.0009;1.4495,-0.0036;2.1853,-0.0085;2.9292,-0.0159;3.6816,-0.0261;4.4424,-0.0394;5.2114,-0.0558;5.9879,-0.0756;6.7713,-0.0989;7.5616,-0.1257;8.3591,-0.1559;9.1646,-0.1896;9.9781,-0.2264;10.7989,-0.2662;11.6254,-0.3086;12.4562,-0.3535;13.2904,-0.4006;14.1276,-0.4497;14.9678,-0.5008;15.8114,-0.5537;16.6586,-0.6084;17.5096,-0.6649;18.3640,-0.7231;19.2215,-0.7829;20.0814,-0.8443;20.9428,-0.9070;21.8051,-0.9710;22.6674,-1.0360;23.5293,-1.1018;24.3905,-1.1683;25.2513,-1.2353;26.1117,-1.3029;26.9717,-1.3709;27.8313,-1.4392;28.6903,-1.5077;29.5489,-1.5763;30.4072,-1.6451;31.2654,-1.7140;32.1238,-1.7830;32.9824,-1.8520;33.8410,-1.9210;34.6997,-1.9899;35.5584,-2.0587;36.4172,-2.1274;37.2763,-2.1960;38.1358,-2.2645;38.9957,-2.3329;39.8557,-2.4012;40.7159,-2.4692;41.5761,-2.5370;42.4365,-2.6045;43.2974,-2.6718;44.1588,-2.7388;45.0207,-2.8055;45.8829,-2.8719;46.7451,-2.9379;47.6071,-3.0034;48.4686,-3.0686;49.3295,-3.1333;50.1898,-3.1975;51.0495,-3.2611;51.9086,-3.3242;52.7669,-3.3866;53.6242,-3.4484",0,-1,0.0,SKIPPED,,,,"0.6788,-0.0011;1.4004,-0.0035;2.1249,-0.0090;2.8535,-0.0183;3.5879,-0.0310;4.3275,-0.0473;5.0709,-0.0668;5.8175,-0.0902;6.5676,-0.1159;7.3221,-0.1444;8.0825,-0.1780;8.8493,-0.2158;9.6191,-0.2572;10.3911,-0.3020;11.1640,-0.3494;11.9382,-0.3976;12.7144,-0.4473;13.4927,-0.4975;14.2725,-0.5480;15.0518,-0.6000;15.8288,-0.6518;16.6050,-0.7046;17.3816,-0.7583;18.1599,-0.8123;18.9402,-0.8671;19.7208,-0.9221;20.5016,-0.9778;21.2820,-1.0341;22.0635,-1.0912;22.8458,-1.1483;23.6282,-1.2056;24.4102,-1.2632;25.1912,-1.3207;25.9713,-1.3787;26.7513,-1.4367;27.5315,-1.4947;28.3121,-1.5525;29.0936,-1.6101;29.8748,-1.6675;30.6559,-1.7252;31.4371,-1.7838;32.2187,-1.8428;33.0013,-1.9019;33.7842,-1.9612;34.5670,-2.0208;35.3502,-2.0815;36.1336,-2.1432;36.9174,-2.2061;37.7018,-2.2699;38.4865,-2.3343;39.2716,-2.3989;40.0571,-2.4643;40.8427,-2.5301;41.6281,-2.5958;42.4133,-2.6610;43.1988,-2.7261;43.9844,-2.7910;44.7702,-2.8558;45.5573,-2.9204;46.3444,-2.9841;47.1305,-3.0473;47.9151,-3.1098;48.6975,-3.1716;49.4767,-3.2323"
868a46b4-c9ad-4413-820a-e5b63b50ad39,5100000,3073,13,4.544,Yield due to oncoming cyclists in our lane,0.5537,1.5939,"0.6361,0.0001;1.2675,0.0005;1.8948,0.0011;2.5187,0.0018;3.1398,0.0028;3.7588,0.0038;4.3762,0.0051;4.9927,0.0064;5.6095,0.0079;6.2277,0.0095;6.8485,0.0112;7.4726,0.0131;8.1002,0.0150;8.7314,0.0170;9.3662,0.0191;10.0044,0.0213;10.6457,0.0234;11.2897,0.0255;11.9359,0.0276;12.5841,0.0295;13.2340,0.0313;13.8854,0.0329;14.5381,0.0343;15.1920,0.0353;15.8470,0.0359;16.5030,0.0363;17.1599,0.0362;17.8179,0.0357;18.4767,0.0349;19.1364,0.0336;19.7967,0.0320;20.4574,0.0300;21.1181,0.0276;21.7786,0.0250;22.4385,0.0221;23.0978,0.0190;23.7565,0.0157;24.4149,0.0123;25.0732,0.0088;25.7315,0.0051;26.3898,0.0013;27.0481,-0.0025;27.7065,-0.0064;28.3652,-0.0105;29.0244,-0.0145;29.6844,-0.0187;30.3454,-0.0228;31.0076,-0.0270;31.6712,-0.0312;32.3361,-0.0353;33.0029,-0.0394;33.6718,-0.0435;34.3431,-0.0475;35.0169,-0.0513;35.6929,-0.0551;36.3708,-0.0588;37.0501,-0.0624;37.7311,-0.0659;38.4139,-0.0692;39.0987,-0.0725;39.7859,-0.0756;40.4756,-0.0786;41.1679,-0.0814;41.8629,-0.0841",0,-1,0.0,SKIPPED,,,,"0.6167,-0.0000;1.2485,0.0002;1.8763,0.0008;2.5014,0.0017;3.1240,0.0030;3.7441,0.0045;4.3636,0.0063;4.9823,0.0083;5.6006,0.0103;6.2213,0.0130;6.8470,0.0154;7.4787,0.0183;8.1159,0.0212;8.7586,0.0244;9.4067,0.0277;10.0614,0.0312;10.7231,0.0354;11.3914,0.0395;12.0656,0.0431;12.7454,0.0474;13.4311,0.0523;14.1223,0.0565;14.8191,0.0609;15.5212,0.0660;16.2277,0.0709;16.9377,0.0757;17.6506,0.0805;18.3646,0.0857;19.0782,0.0912;19.7907,0.0969;20.5020,0.1031;21.2115,0.1099;21.9200,0.1151;22.6265,0.1208;23.3293,0.1267;24.0281,0.1331;24.7229,0.1390;25.4139,0.1456;26.1018,0.1516;26.7859,0.1583;27.4660,0.1655;28.1416,0.1728;28.8117,0.1796;29.4747,0.1867;30.1305,0.1938;30.7781,0.2011;31.4167,0.2076;32.0450,0.2150;32.6637,0.2232;33.2725,0.2297;33.8699,0.2366;34.4554,0.2438;35.0278,0.2509;35.5853,0.2560;36.1281,0.2620;36.6572,0.2683;37.1722,0.2733;37.6714,0.2787;38.1541,0.2837;38.6209,0.2890;39.0716,0.2936;39.5049,0.2982;39.9203,0.3024;40.3177,0.3067"
868a46b4-c9ad-4413-820a-e5b63b50ad39,6100000,3073,12,4.426,Yield due to the lead vehicle slowing ahead,1.2293,1.187,"0.6226,0.0001;1.2470,0.0004;1.8732,0.0008;2.5014,0.0014;3.1315,0.0020;3.7634,0.0026;4.3971,0.0032;5.0327,0.0036;5.6701,0.0040;6.3091,0.0042;6.9495,0.0042;7.5906,0.0040;8.2319,0.0035;8.8728,0.0029;9.5129,0.0020;10.1516,0.0009;10.7886,-0.0004;11.4236,-0.0019;12.0564,-0.0036;12.6867,-0.0054;13.3140,-0.0074;13.9381,-0.0096;14.5587,-0.0119;15.1756,-0.0143;15.7893,-0.0169;16.4003,-0.0196;17.0089,-0.0225;17.6150,-0.0254;18.2182,-0.0285;18.8178,-0.0316;19.4136,-0.0347;20.0056,-0.0378;20.5942,-0.0410;21.1801,-0.0441;21.7634,-0.0472;22.3443,-0.0504;22.9230,-0.0535;23.4995,-0.0566;24.0740,-0.0597;24.6469,-0.0627;25.2187,-0.0657;25.7898,-0.0687;26.3604,-0.0715;26.9304,-0.0741;27.4995,-0.0765;28.0675,-0.0787;28.6342,-0.0806;29.1997,-0.0822;29.7645,-0.0834;30.3287,-0.0844;30.8929,-0.0851;31.4570,-0.0856;32.0212,-0.0858;32.5853,-0.0859;33.1497,-0.0858;33.7143,-0.0857;34.2796,-0.0855;34.8457,-0.0853;35.4128,-0.0851;35.9809,-0.0850;36.5500,-0.0851;37.1201,-0.0854;37.6915,-0.0859;38.2643,-0.0866",0,-1,0.0,SKIPPED,,,,"0.6071,-0.0004;1.2389,-0.0003;1.8760,-0.0002;2.5188,0.0001;3.1669,0.0005;3.8215,0.0011;4.4832,0.0023;5.1516,0.0034;5.8258,0.0041;6.5056,0.0054;7.1913,0.0072;7.8825,0.0083;8.5793,0.0096;9.2814,0.0115;9.9879,0.0133;10.6980,0.0150;11.4109,0.0166;12.1250,0.0186;12.8385,0.0209;13.5511,0.0235;14.2623,0.0265;14.9719,0.0302;15.6804,0.0322;16.3869,0.0347;17.0897,0.0375;17.7886,0.0408;18.4834,0.0436;19.1744,0.0472;19.8623,0.0501;20.5465,0.0537;21.2265,0.0579;21.9022,0.0621;22.5724,0.0660;23.2354,0.0702;23.8911,0.0743;24.5388,0.0788;25.1774,0.0823;25.8058,0.0870;26.4245,0.0924;27.0333,0.0962;27.6307,0.1004;28.2162,0.1051;28.7887,0.1096;29.3462,0.1122;29.8890,0.1158;30.4181,0.1197;30.9332,0.1225;31.4324,0.1256;31.9151,0.1285;32.3819,0.1317;32.8327,0.1343;33.2659,0.1370;33.6813,0.1393;34.0788,0.1419;34.4589,0.1441;34.8233,0.1463;35.1703,0.1483;35.4981,0.1503;35.8086,0.1523;36.1036,0.1538;36.3809,0.1555;36.6395,0.1573;36.8799,0.1586;37.1031,0.1597"
868a46b4-c9ad-4413-820a-e5b63b50ad39,7100000,3073,12,4.433,Yield due to the slow lead vehicle ahead,2.0031,9.9586,"0.6859,0.0000;1.3782,0.0000;2.0757,-0.0000;2.7770,-0.0001;3.4808,-0.0002;4.1860,-0.0004;4.8919,-0.0008;5.5981,-0.0013;6.3043,-0.0020;7.0101,-0.0028;7.7155,-0.0039;8.4201,-0.0052;9.1240,-0.0067;9.8270,-0.0085;10.5286,-0.0104;11.2285,-0.0124;11.9264,-0.0146;12.6222,-0.0169;13.3157,-0.0193;14.0070,-0.0218;14.6959,-0.0244;15.3822,-0.0270;16.0660,-0.0296;16.7470,-0.0322;17.4251,-0.0348;18.1003,-0.0374;18.7725,-0.0400;19.4414,-0.0425;20.1069,-0.0449;20.7686,-0.0472;21.4263,-0.0494;22.0796,-0.0515;22.7285,-0.0534;23.3729,-0.0552;24.0130,-0.0568;24.6490,-0.0583;25.2810,-0.0597;25.9093,-0.0608;26.5339,-0.0618;27.1548,-0.0626;27.7722,-0.0633;28.3860,-0.0638;28.9966,-0.0641;29.6042,-0.0643;30.2092,-0.0644;30.8122,-0.0642;31.4132,-0.0640;32.0129,-0.0635;32.6118,-0.0629;33.2112,-0.0622;33.8124,-0.0614;34.4165,-0.0605;35.0244,-0.0595;35.6361,-0.0584;36.2516,-0.0573;36.8707,-0.0561;37.4930,-0.0549;38.1183,-0.0537;38.7463,-0.0524;39.3767,-0.0510;40.0099,-0.0497;40.6462,-0.0482;41.2864,-0.0468;41.9309,-0.0453",0,-1,0.0,SKIPPED,,,,"0.6652,0.0002;1.3564,-0.0003;2.0532,-0.0006;2.7553,-0.0003;3.4618,-0.0002;4.1719,-0.0002;4.8848,-0.0003;5.5988,0.0000;6.3124,0.0007;7.0250,0.0016;7.7362,0.0030;8.4458,0.0049;9.1543,0.0053;9.8608,0.0062;10.5636,0.0073;11.2625,0.0090;11.9573,0.0101;12.6483,0.0121;13.3363,0.0134;14.0204,0.0154;14.7005,0.0180;15.3762,0.0207;16.0463,0.0230;16.7094,0.0256;17.3651,0.0282;18.0128,0.0311;18.6514,0.0332;19.2798,0.0363;19.8985,0.0403;20.5073,0.0427;21.1048,0.0455;21.6903,0.0488;22.2628,0.0520;22.8202,0.0533;23.3631,0.0556;23.8922,0.0582;24.4072,0.0598;24.9065,0.0618;25.3892,0.0635;25.8560,0.0656;26.3068,0.0672;26.7400,0.0688;27.1555,0.0702;27.5529,0.0718;27.9330,0.0732;28.2974,0.0745;28.6445,0.0757;28.9722,0.0769;29.2827,0.0782;29.5777,0.0791;29.8550,0.0801;30.1136,0.0812;30.3541,0.0819;30.5773,0.0826;30.7821,0.0833;30.9687,0.0839;31.1378,0.0846;31.2901,0.0851;31.4272,0.0856;31.5520,0.0861;31.6672,0.0865;31.7742,0.0868;31.8754,0.0872;31.9732,0.0876"
868a46b4-c9ad-4413-820a-e5b63b50ad39,8100000,3073,12,4.437,Slow down due to the lead vehicle ahead.,1.3487,5.2423,"0.7109,-0.0000;1.4201,-0.0001;2.1269,-0.0001;2.8302,-0.0002;3.5292,-0.0003;4.2234,-0.0004;4.9129,-0.0004;5.5983,-0.0005;6.2796,-0.0007;6.9560,-0.0009;7.6257,-0.0012;8.2871,-0.0015;8.9388,-0.0020;9.5805,-0.0025;10.2120,-0.0030;10.8336,-0.0036;11.4455,-0.0042;12.0477,-0.0048;12.6401,-0.0053;13.2227,-0.0059;13.7951,-0.0064;14.3573,-0.0070;14.9091,-0.0075;15.4508,-0.0080;15.9833,-0.0086;16.5076,-0.0091;17.0248,-0.0096;17.5355,-0.0101;18.0401,-0.0106;18.5388,-0.0110;19.0317,-0.0113;19.5191,-0.0117;20.0014,-0.0119;20.4789,-0.0122;20.9517,-0.0124;21.4198,-0.0126;21.8830,-0.0128;22.3412,-0.0129;22.7944,-0.0131;23.2427,-0.0133;23.6862,-0.0135;24.1245,-0.0136;24.5575,-0.0138;24.9843,-0.0141;25.4042,-0.0143;25.8166,-0.0146;26.2204,-0.0149;26.6149,-0.0152;26.9990,-0.0156;27.3715,-0.0161;27.7312,-0.0166;28.0768,-0.0171;28.4075,-0.0178;28.7224,-0.0184;29.0214,-0.0192;29.3045,-0.0199;29.5721,-0.0207;29.8249,-0.0214;30.0638,-0.0222;30.2900,-0.0229;30.5048,-0.0236;30.7093,-0.0243;30.9045,-0.0250;31.0913,-0.0256",0,-1,0.0,SKIPPED,,,,"0.6894,0.0005;1.3991,0.0016;2.1075,0.0010;2.8140,0.0010;3.5169,0.0013;4.2158,0.0021;4.9105,0.0024;5.6015,0.0035;6.2895,0.0040;6.9737,0.0051;7.6537,0.0069;8.3294,0.0087;8.9996,0.0102;9.6626,0.0120;10.3184,0.0138;10.9661,0.0159;11.6047,0.0172;12.2330,0.0196;12.8518,0.0228;13.4606,0.0244;14.0580,0.0265;14.6435,0.0291;15.2160,0.0315;15.7735,0.0321;16.3164,0.0337;16.8454,0.0358;17.3605,0.0367;17.8597,0.0381;18.3425,0.0392;18.8093,0.0407;19.2600,0.0417;19.6933,0.0428;20.1087,0.0437;20.5062,0.0448;20.8863,0.0457;21.2507,0.0466;21.5977,0.0474;21.9255,0.0482;22.2360,0.0490;22.5310,0.0495;22.8083,0.0503;23.0669,0.0511;23.3073,0.0515;23.5305,0.0518;23.7354,0.0523;23.9220,0.0526;24.0911,0.0532;24.2434,0.0535;24.3805,0.0538;24.5053,0.0541;24.6205,0.0544;24.7275,0.0546;24.8287,0.0549;24.9265,0.0551;25.0221,0.0554;25.1161,0.0556;25.2095,0.0559;25.3021,0.0561;25.3944,0.0564;25.4861,0.0566;25.5772,0.0569;25.6682,0.0572;25.7590,0.0575;25.8497,0.0578"
868a46b4-c9ad-4413-820a-e5b63b50ad39,9100000,3073,11,4.318,Yield to the slow lead vehicle ahead,1.7075,3.7233,"0.6791,0.0000;1.3505,0.0000;2.0130,-0.0000;2.6651,-0.0002;3.3056,-0.0005;3.9329,-0.0010;4.5454,-0.0018;5.1418,-0.0026;5.7212,-0.0035;6.2831,-0.0046;6.8271,-0.0056;7.3534,-0.0066;7.8622,-0.0076;8.3537,-0.0085;8.8280,-0.0092;9.2854,-0.0098;9.7257,-0.0103;10.1488,-0.0107;10.5546,-0.0109;10.9433,-0.0110;11.3153,-0.0109;11.6708,-0.0107;12.0100,-0.0104;12.3324,-0.0101;12.6377,-0.0096;12.9251,-0.0090;13.1943,-0.0084;13.4450,-0.0078;13.6771,-0.0071;13.8909,-0.0065;14.0872,-0.0058;14.2674,-0.0051;14.4331,-0.0045;14.5864,-0.0039;14.7284,-0.0032;14.8601,-0.0026;14.9819,-0.0021;15.0942,-0.0015;15.1968,-0.0010;15.2896,-0.0005;15.3725,-0.0001;15.4456,0.0003;15.5092,0.0007;15.5641,0.0010;15.6111,0.0013;15.6513,0.0015;15.6858,0.0017;15.7157,0.0019;15.7422,0.0021;15.7664,0.0022;15.7894,0.0023;15.8112,0.0025;15.8320,0.0026;15.8518,0.0027;15.8709,0.0028;15.8895,0.0030;15.9080,0.0031;15.9263,0.0032;15.9446,0.0033;15.9628,0.0034;15.9811,0.0035;15.9992,0.0036;16.0174,0.0038;16.0356,0.0039",0,-1,0.0,SKIPPED,,,,"0.6595,0.0006;1.3352,0.0013;2.0053,0.0016;2.6684,0.0023;3.3241,0.0029;3.9718,0.0040;4.6104,0.0041;5.2388,0.0054;5.8575,0.0076;6.4663,0.0082;7.0638,0.0092;7.6493,0.0108;8.2218,0.0123;8.7793,0.0120;9.3222,0.0126;9.8512,0.0138;10.3663,0.0138;10.8655,0.0143;11.3482,0.0146;11.8151,0.0153;12.2658,0.0156;12.6991,0.0160;13.1145,0.0161;13.5119,0.0165;13.8921,0.0168;14.2565,0.0170;14.6035,0.0172;14.9313,0.0175;15.2418,0.0178;15.5368,0.0178;15.8141,0.0181;16.0727,0.0184;16.3131,0.0184;16.5363,0.0184;16.7412,0.0185;16.9278,0.0185;17.0969,0.0188;17.2492,0.0188;17.3863,0.0189;17.5111,0.0190;17.6263,0.0191;17.7333,0.0191;17.8345,0.0192;17.9323,0.0193;18.0279,0.0194;18.1219,0.0195;18.2153,0.0195;18.3079,0.0196;18.4002,0.0197;18.4919,0.0199;18.5830,0.0200;18.6740,0.0201;18.7648,0.0202;18.8555,0.0203;18.9457,0.0205;19.0358,0.0206;19.1263,0.0207;19.2167,0.0208;19.3069,0.0210;19.3967,0.0211;19.4866,0.0212;19.5768,0.0213;19.6677,0.0213;19.7588,0.0214"
868a46b4-c9ad-4413-820a-e5b63b50ad39,10100000,3073,12,4.405,Yield to the slow lead vehicle ahead.,1.893,3.7073,"0.5975,-0.0001;1.1819,-0.0002;1.7518,-0.0005;2.3053,-0.0009;2.8398,-0.0013;3.3525,-0.0018;3.8411,-0.0024;4.3044,-0.0031;4.7420,-0.0038;5.1540,-0.0045;5.5409,-0.0052;5.9028,-0.0059;6.2400,-0.0066;6.5527,-0.0073;6.8412,-0.0079;7.1059,-0.0085;7.3476,-0.0090;7.5676,-0.0095;7.7673,-0.0099;7.9487,-0.0103;8.1134,-0.0107;8.2627,-0.0110;8.3974,-0.0113;8.5182,-0.0115;8.6253,-0.0117;8.7192,-0.0119;8.8007,-0.0121;8.8710,-0.0122;8.9322,-0.0123;8.9867,-0.0124;9.0370,-0.0125;9.0851,-0.0126;9.1323,-0.0127;9.1791,-0.0128;9.2256,-0.0128;9.2719,-0.0129;9.3182,-0.0130;9.3644,-0.0131;9.4108,-0.0131;9.4573,-0.0132;9.5040,-0.0133;9.5509,-0.0133;9.5979,-0.0134;9.6451,-0.0135;9.6925,-0.0135;9.7401,-0.0136;9.7880,-0.0136;9.8360,-0.0137;9.8843,-0.0138;9.9329,-0.0138;9.9817,-0.0139;10.0309,-0.0139;10.0804,-0.0140;10.1305,-0.0140;10.1812,-0.0141;10.2329,-0.0141;10.2858,-0.0142;10.3400,-0.0142;10.3957,-0.0142;10.4531,-0.0143;10.5122,-0.0143;10.5733,-0.0144;10.6364,-0.0144;10.7017,-0.0144",0,-1,0.0,SKIPPED,,,,"0.5792,0.0002;1.1647,0.0009;1.7372,0.0016;2.2947,0.0004;2.8376,0.0003;3.3666,0.0007;3.8817,-0.0000;4.3809,-0.0003;4.8636,-0.0007;5.3305,-0.0006;5.7812,-0.0010;6.2145,-0.0013;6.6299,-0.0017;7.0274,-0.0019;7.4075,-0.0021;7.7719,-0.0025;8.1189,-0.0028;8.4467,-0.0030;8.7572,-0.0031;9.0522,-0.0035;9.3295,-0.0037;9.5881,-0.0037;9.8285,-0.0040;10.0518,-0.0044;10.2566,-0.0046;10.4432,-0.0048;10.6123,-0.0048;10.7646,-0.0050;10.9017,-0.0051;11.0265,-0.0052;11.1417,-0.0053;11.2487,-0.0054;11.3499,-0.0055;11.4477,-0.0055;11.5433,-0.0056;11.6373,-0.0056;11.7307,-0.0057;11.8233,-0.0057;11.9156,-0.0057;12.0073,-0.0058;12.0984,-0.0058;12.1895,-0.0058;12.2802,-0.0058;12.3709,-0.0058;12.4611,-0.0058;12.5512,-0.0058;12.6417,-0.0058;12.7321,-0.0058;12.8223,-0.0058;12.9121,-0.0059;13.0020,-0.0059;13.0922,-0.0059;13.1831,-0.0060;13.2742,-0.0060;13.3657,-0.0061;13.4583,-0.0061;13.5536,-0.0062;13.6524,-0.0062;13.7563,-0.0063;13.8670,-0.0064;13.9861,-0.0065;14.1154,-0.0066;14.2556,-0.0067;14.4090,-0.0069"
868a46b4-c9ad-4413-820a-e5b63b50ad39,11100000,3073,9,4.082,Stop due to red traffic light,1.4128,5.3015,"0.4505,-0.0000;0.8851,-0.0000;1.3034,-0.0000;1.7048,-0.0000;2.0888,-0.0000;2.4545,-0.0001;2.8017,-0.0001;3.1300,-0.0001;3.4395,-0.0001;3.7301,-0.0002;4.0018,-0.0002;4.2543,-0.0003;4.4874,-0.0004;4.7005,-0.0005;4.8932,-0.0005;5.0651,-0.0006;5.2160,-0.0007;5.3461,-0.0008;5.4560,-0.0009;5.5469,-0.0009;5.6207,-0.0010;5.6803,-0.0010;5.7286,-0.0010;5.7685,-0.0011;5.8020,-0.0011;5.8299,-0.0011;5.8528,-0.0011;5.8711,-0.0011;5.8862,-0.0012;5.8995,-0.0012;5.9120,-0.0012;5.9235,-0.0012;5.9336,-0.0012;5.9419,-0.0012;5.9489,-0.0012;5.9552,-0.0012;5.9614,-0.0012;5.9675,-0.0012;5.9737,-0.0012;5.9798,-0.0012;5.9858,-0.0012;5.9918,-0.0012;5.9979,-0.0012;6.0039,-0.0012;6.0099,-0.0012;6.0160,-0.0012;6.0220,-0.0012;6.0280,-0.0012;6.0340,-0.0012;6.0400,-0.0012;6.0459,-0.0013;6.0518,-0.0013;6.0578,-0.0013;6.0636,-0.0013;6.0695,-0.0013;6.0754,-0.0013;6.0813,-0.0013;6.0872,-0.0013;6.0931,-0.0013;6.0990,-0.0013;6.1049,-0.0013;6.1107,-0.0013;6.1165,-0.0013;6.1223,-0.0013",0,-1,0.0,SKIPPED,,,,"0.4368,0.0001;0.8701,0.0003;1.2855,0.0003;1.6830,0.0006;2.0631,0.0007;2.4275,0.0008;2.7745,0.0008;3.1023,0.0010;3.4128,0.0012;3.7078,0.0011;3.9851,0.0012;4.2437,0.0015;4.4842,0.0014;4.7074,0.0013;4.9122,0.0013;5.0988,0.0013;5.2679,0.0014;5.4202,0.0015;5.5573,0.0015;5.6821,0.0015;5.7973,0.0015;5.9043,0.0016;6.0055,0.0016;6.1033,0.0016;6.1989,0.0017;6.2930,0.0017;6.3863,0.0018;6.4789,0.0019;6.5712,0.0019;6.6629,0.0020;6.7540,0.0021;6.8451,0.0022;6.9358,0.0023;7.0265,0.0024;7.1167,0.0025;7.2068,0.0026;7.2973,0.0026;7.3877,0.0027;7.4779,0.0028;7.5677,0.0029;7.6576,0.0029;7.7479,0.0030;7.8387,0.0031;7.9298,0.0031;8.0213,0.0032;8.1140,0.0032;8.2092,0.0033;8.3080,0.0033;8.4119,0.0033;8.5226,0.0034;8.6417,0.0034;8.7710,0.0034;8.9112,0.0035;9.0646,0.0035;9.2325,0.0033;9.4144,0.0035;9.6105,0.0038;9.8213,0.0033;10.0473,0.0030;10.2886,0.0028;10.5457,0.0027;10.8200,0.0024;11.1125,0.0019;11.4238,0.0016"
868a46b4-c9ad-4413-820a-e5b63b50ad39,12100000,3073,20,5.412,Decelerate to maintain a safe distance to the lead vehicle since it is slowing ahead,1.1736,6.0165,"0.2777,-0.0000;0.5367,-0.0001;0.7775,-0.0001;1.0006,-0.0002;1.2063,-0.0003;1.3947,-0.0005;1.5664,-0.0006;1.7223,-0.0007;1.8634,-0.0008;1.9913,-0.0010;2.1075,-0.0011;2.2134,-0.0012;2.3102,-0.0013;2.3992,-0.0014;2.4816,-0.0015;2.5585,-0.0016;2.6310,-0.0017;2.6998,-0.0018;2.7658,-0.0019;2.8294,-0.0020;2.8914,-0.0021;2.9520,-0.0023;3.0118,-0.0024;3.0709,-0.0025;3.1296,-0.0026;3.1881,-0.0027;3.2465,-0.0028;3.3050,-0.0029;3.3636,-0.0031;3.4225,-0.0032;3.4815,-0.0033;3.5410,-0.0035;3.6007,-0.0036;3.6609,-0.0038;3.7216,-0.0040;3.7828,-0.0041;3.8445,-0.0043;3.9067,-0.0045;3.9694,-0.0047;4.0327,-0.0049;4.0966,-0.0051;4.1612,-0.0053;4.2267,-0.0056;4.2930,-0.0058;4.3602,-0.0061;4.4283,-0.0064;4.4972,-0.0067;4.5669,-0.0070;4.6378,-0.0073;4.7103,-0.0076;4.7847,-0.0080;4.8615,-0.0084;4.9409,-0.0088;5.0228,-0.0092;5.1071,-0.0096;5.1933,-0.0101;5.2808,-0.0106;5.3684,-0.0111;5.4545,-0.0116;5.5374,-0.0121;5.6156,-0.0125;5.6876,-0.0130;5.7527,-0.0133;5.8100,-0.0137",0,-1,0.0,SKIPPED,,,,"0.2685,0.0002;0.5271,0.0005;0.7675,0.0005;0.9908,0.0005;1.1956,0.0005;1.3822,0.0006;1.5513,0.0008;1.7036,0.0008;1.8407,0.0009;1.9655,0.0009;2.0807,0.0010;2.1877,0.0010;2.2889,0.0011;2.3867,0.0012;2.4823,0.0012;2.5763,0.0013;2.6697,0.0014;2.7623,0.0015;2.8546,0.0016;2.9463,0.0017;3.0374,0.0018;3.1285,0.0019;3.2192,0.0020;3.3099,0.0021;3.4001,0.0022;3.4902,0.0024;3.5807,0.0025;3.6711,0.0026;3.7613,0.0027;3.8511,0.0028;3.9410,0.0029;4.0312,0.0029;4.1221,0.0030;4.2132,0.0031;4.3047,0.0032;4.3973,0.0033;4.4926,0.0033;4.5914,0.0034;4.6953,0.0034;4.8060,0.0035;4.9251,0.0036;5.0544,0.0036;5.1946,0.0037;5.3480,0.0038;5.5159,0.0036;5.6978,0.0039;5.8939,0.0042;6.1047,0.0037;6.3307,0.0035;6.5720,0.0034;6.8291,0.0033;7.1034,0.0031;7.3959,0.0027;7.7072,0.0025;8.0386,0.0020;8.3902,0.0020;8.7614,0.0014;9.1508,0.0012;9.5575,0.0004;9.9813,0.0001;10.4215,-0.0005;10.8768,-0.0013;11.3458,-0.0018;11.8265,-0.0028"
868a46b4-c9ad-4413-820a-e5b63b50ad39,13100000,3073,14,4.671,drives slowly due to the stopped lead vehicle blocking the lane,0.7524,3.9432,"0.1140,-0.0000;0.2196,-0.0000;0.3189,-0.0000;0.4139,-0.0000;0.5063,-0.0000;0.5973,-0.0001;0.6874,-0.0001;0.7769,-0.0001;0.8660,-0.0002;0.9548,-0.0002;1.0433,-0.0002;1.1316,-0.0003;1.2197,-0.0004;1.3077,-0.0004;1.3956,-0.0005;1.4835,-0.0006;1.5714,-0.0007;1.6594,-0.0008;1.7477,-0.0010;1.8362,-0.0011;1.9251,-0.0013;2.0145,-0.0014;2.1044,-0.0016;2.1950,-0.0018;2.2864,-0.0020;2.3791,-0.0022;2.4737,-0.0024;2.5713,-0.0027;2.6732,-0.0029;2.7811,-0.0032;2.8969,-0.0035;3.0219,-0.0038;3.1570,-0.0042;3.3023,-0.0045;3.4576,-0.0049;3.6224,-0.0053;3.7962,-0.0056;3.9785,-0.0059;4.1687,-0.0062;4.3666,-0.0064;4.5717,-0.0066;4.7838,-0.0066;5.0026,-0.0065;5.2277,-0.0063;5.4589,-0.0060;5.6958,-0.0054;5.9382,-0.0047;6.1857,-0.0039;6.4382,-0.0028;6.6954,-0.0015;6.9572,0.0000;7.2233,0.0017;7.4939,0.0036;7.7691,0.0056;8.0493,0.0079;8.3345,0.0102;8.6249,0.0128;8.9205,0.0155;9.2213,0.0183;9.5271,0.0213;9.8379,0.0243;10.1531,0.0275;10.4723,0.0308;10.7949,0.0341",0,-1,0.0,SKIPPED,,,,"0.1116,-0.0000;0.2186,0.0000;0.3198,0.0000;0.4176,0.0001;0.5132,0.0001;0.6073,0.0001;0.7006,0.0002;0.7932,0.0002;0.8855,0.0003;0.9772,0.0003;1.0683,0.0004;1.1594,0.0005;1.2501,0.0006;1.3408,0.0006;1.4310,0.0007;1.5211,0.0008;1.6116,0.0009;1.7021,0.0009;1.7922,0.0010;1.8820,0.0011;1.9719,0.0011;2.0622,0.0011;2.1530,0.0012;2.2441,0.0012;2.3356,0.0013;2.4283,0.0013;2.5235,0.0013;2.6223,0.0014;2.7262,0.0014;2.8369,0.0014;2.9560,0.0014;3.0853,0.0014;3.2256,0.0014;3.3789,0.0014;3.5468,0.0012;3.7287,0.0014;3.9248,0.0016;4.1356,0.0011;4.3616,0.0007;4.6029,0.0005;4.8600,0.0004;5.1343,0.0000;5.4268,-0.0005;5.7381,-0.0008;6.0696,-0.0014;6.4211,-0.0016;6.7923,-0.0024;7.1817,-0.0027;7.5884,-0.0037;8.0122,-0.0041;8.4524,-0.0050;8.9077,-0.0059;9.3767,-0.0067;9.8574,-0.0078;10.3471,-0.0090;10.8420,-0.0103;11.3366,-0.0113;11.8297,-0.0129;12.3214,-0.0139;12.8121,-0.0154;13.2995,-0.0167;13.7825,-0.0179;14.2619,-0.0197;14.7377,-0.0211"
868a46b4-c9ad-4413-820a-e5b63b50ad39,14100000,3073,16,4.91,Yield to the pedestrian walking across our lane at the crosswalk,2.5182,0.959,"0.0916,0.0000;0.1848,0.0000;0.2819,0.0000;0.3857,0.0000;0.4991,0.0000;0.6253,0.0000;0.7674,0.0000;0.9280,0.0001;1.1090,0.0001;1.3109,0.0001;1.5329,0.0002;1.7729,0.0003;2.0283,0.0004;2.2962,0.0005;2.5742,0.0007;2.8606,0.0010;3.1541,0.0014;3.4540,0.0018;3.7600,0.0024;4.0717,0.0031;4.3890,0.0040;4.7121,0.0050;5.0415,0.0062;5.3781,0.0076;5.7230,0.0092;6.0771,0.0110;6.4413,0.0129;6.8153,0.0151;7.1982,0.0173;7.5882,0.0197;7.9832,0.0221;8.3816,0.0246;8.7820,0.0270;9.1835,0.0293;9.5851,0.0315;9.9860,0.0336;10.3856,0.0354;10.7832,0.0371;11.1786,0.0386;11.5717,0.0398;11.9626,0.0408;12.3515,0.0415;12.7381,0.0419;13.1217,0.0420;13.5009,0.0418;13.8731,0.0413;14.2365,0.0404;14.5896,0.0393;14.9323,0.0378;15.2648,0.0361;15.5877,0.0340;15.9017,0.0318;16.2080,0.0293;16.5080,0.0265;16.8031,0.0236;17.0944,0.0205;17.3826,0.0172;17.6678,0.0138;17.9501,0.0103;18.2295,0.0068;18.5059,0.0033;18.7791,-0.0001;19.0492,-0.0034;19.3160,-0.0067",0,-1,0.0,SKIPPED,,,,"0.0883,0.0000;0.1793,0.0000;0.2701,0.0000;0.3607,0.0000;0.4509,0.0000;0.5410,0.0001;0.6315,0.0001;0.7220,0.0001;0.8121,0.0001;0.9019,0.0001;0.9918,0.0000;1.0821,0.0000;1.1729,-0.0000;1.2641,-0.0000;1.3555,-0.0001;1.4482,-0.0001;1.5435,-0.0001;1.6422,-0.0002;1.7462,-0.0003;1.8569,-0.0003;1.9760,-0.0004;2.1052,-0.0005;2.2455,-0.0005;2.3988,-0.0007;2.5668,-0.0010;2.7486,-0.0010;2.9448,-0.0009;3.1556,-0.0016;3.3816,-0.0021;3.6228,-0.0025;3.8800,-0.0028;4.1542,-0.0034;4.4468,-0.0041;4.7581,-0.0047;5.0895,-0.0055;5.4410,-0.0059;5.8122,-0.0070;6.2016,-0.0076;6.6083,-0.0089;7.0321,-0.0097;7.4723,-0.0108;7.9277,-0.0121;8.3966,-0.0132;8.8774,-0.0147;9.3671,-0.0163;9.8620,-0.0179;10.3565,-0.0193;10.8496,-0.0212;11.3413,-0.0227;11.8320,-0.0245;12.3194,-0.0262;12.8024,-0.0277;13.2818,-0.0298;13.7576,-0.0316;14.2311,-0.0335;14.7034,-0.0351;15.1750,-0.0375;15.6439,-0.0398;16.1091,-0.0420;16.5696,-0.0441;17.0242,-0.0455;17.4714,-0.0474;17.9186,-0.0493;18.3580,-0.0507"
868a46b4-c9ad-4413-820a-e5b63b50ad39,15100000,3073,16,4.909,Yield by slowing due to a pedestrian walking across the crosswalk,2.7376,8.2562,"0.0896,-0.0000;0.1795,-0.0000;0.2697,-0.0000;0.3605,-0.0000;0.4518,-0.0001;0.5438,-0.0001;0.6365,-0.0001;0.7304,-0.0002;0.8257,-0.0002;0.9232,-0.0003;1.0240,-0.0004;1.1293,-0.0005;1.2406,-0.0006;1.3594,-0.0007;1.4872,-0.0009;1.6253,-0.0011;1.7747,-0.0013;1.9355,-0.0016;2.1079,-0.0020;2.2914,-0.0024;2.4851,-0.0029;2.6881,-0.0035;2.8989,-0.0042;3.1167,-0.0050;3.3406,-0.0059;3.5702,-0.0069;3.8056,-0.0080;4.0469,-0.0092;4.2944,-0.0105;4.5485,-0.0119;4.8095,-0.0135;5.0779,-0.0151;5.3543,-0.0168;5.6387,-0.0185;5.9311,-0.0204;6.2310,-0.0222;6.5376,-0.0241;6.8501,-0.0259;7.1674,-0.0277;7.4885,-0.0295;7.8119,-0.0312;8.1364,-0.0328;8.4604,-0.0344;8.7824,-0.0359;9.1007,-0.0372;9.4133,-0.0386;9.7180,-0.0398;10.0133,-0.0409;10.2982,-0.0419;10.5720,-0.0429;10.8344,-0.0437;11.0854,-0.0445;11.3252,-0.0452;11.5542,-0.0459;11.7727,-0.0465;11.9814,-0.0471;12.1808,-0.0477;12.3719,-0.0483;12.5556,-0.0488;12.7324,-0.0493;12.9029,-0.0498;13.0674,-0.0503;13.2259,-0.0507;13.3784,-0.0512",0,-1,0.0,SKIPPED,,,,"0.0871,-0.0000;0.1774,-0.0000;0.2683,-0.0000;0.3594,-0.0000;0.4509,-0.0000;0.5435,-0.0001;0.6388,-0.0001;0.7376,-0.0001;0.8415,-0.0002;0.9522,-0.0002;1.0713,-0.0002;1.2005,-0.0003;1.3408,-0.0004;1.4941,-0.0005;1.6621,-0.0008;1.8439,-0.0007;2.0401,-0.0006;2.2509,-0.0012;2.4769,-0.0017;2.7181,-0.0020;2.9753,-0.0023;3.2495,-0.0028;3.5421,-0.0035;3.8534,-0.0040;4.1848,-0.0048;4.5363,-0.0052;4.9075,-0.0062;5.2970,-0.0067;5.7037,-0.0079;6.1274,-0.0086;6.5677,-0.0096;7.0230,-0.0109;7.4919,-0.0119;7.9727,-0.0133;8.4624,-0.0148;8.9573,-0.0163;9.4519,-0.0176;9.9449,-0.0194;10.4367,-0.0208;10.9273,-0.0225;11.4147,-0.0241;11.8977,-0.0256;12.3771,-0.0276;12.8529,-0.0292;13.3264,-0.0311;13.7988,-0.0326;14.2704,-0.0349;14.7393,-0.0371;15.2044,-0.0393;15.6650,-0.0412;16.1195,-0.0426;16.5667,-0.0444;17.0139,-0.0462;17.4534,-0.0475;17.8905,-0.0486;18.3227,-0.0495;18.7492,-0.0501;19.1752,-0.0506;19.5930,-0.0506;20.0108,-0.0506;20.4219,-0.0502;20.8297,-0.0495;21.2360,-0.0488;21.6346,-0.0476"
868a46b4-c9ad-4413-820a-e5b63b50ad39,16100000,3073,17,5.014,Keep distance to the lead vehicle since it is directly ahead in our lane,0.7536,1.8565,"0.1196,-0.0000;0.2499,-0.0000;0.3920,-0.0001;0.5466,-0.0002;0.7141,-0.0004;0.8947,-0.0006;1.0885,-0.0008;1.2950,-0.0011;1.5139,-0.0014;1.7448,-0.0018;1.9875,-0.0022;2.2417,-0.0027;2.5071,-0.0032;2.7836,-0.0037;3.0711,-0.0043;3.3692,-0.0050;3.6777,-0.0057;3.9962,-0.0064;4.3246,-0.0071;4.6626,-0.0078;5.0101,-0.0086;5.3670,-0.0093;5.7333,-0.0100;6.1090,-0.0107;6.4941,-0.0113;6.8889,-0.0119;7.2933,-0.0124;7.7073,-0.0129;8.1308,-0.0133;8.5635,-0.0137;9.0053,-0.0140;9.4559,-0.0144;9.9149,-0.0147;10.3817,-0.0151;10.8556,-0.0154;11.3356,-0.0158;11.8206,-0.0163;12.3096,-0.0167;12.8022,-0.0172;13.2981,-0.0178;13.7973,-0.0184;14.3000,-0.0191;14.8060,-0.0199;15.3155,-0.0208;15.8286,-0.0217;16.3454,-0.0228;16.8662,-0.0239;17.3913,-0.0252;17.9208,-0.0265;18.4548,-0.0280;18.9931,-0.0295;19.5357,-0.0311;20.0824,-0.0328;20.6329,-0.0345;21.1872,-0.0363;21.7452,-0.0381;22.3069,-0.0399;22.8721,-0.0418;23.4410,-0.0437;24.0134,-0.0456;24.5893,-0.0475;25.1685,-0.0495;25.7509,-0.0514;26.3362,-0.0534",0,-1,0.0,SKIPPED,,,,"0.1156,-0.0000;0.2448,-0.0000;0.3851,-0.0000;0.5384,-0.0001;0.7064,-0.0003;0.8882,-0.0001;1.0844,0.0001;1.2952,-0.0005;1.5212,-0.0009;1.7624,-0.0011;2.0196,-0.0013;2.2938,-0.0017;2.5864,-0.0023;2.8977,-0.0027;3.2291,-0.0033;3.5806,-0.0035;3.9518,-0.0044;4.3412,-0.0047;4.7480,-0.0058;5.1717,-0.0063;5.6119,-0.0072;6.0673,-0.0082;6.5362,-0.0090;7.0170,-0.0103;7.5067,-0.0116;8.0016,-0.0128;8.4962,-0.0140;8.9892,-0.0156;9.4810,-0.0168;9.9716,-0.0183;10.4590,-0.0197;10.9420,-0.0210;11.4214,-0.0228;11.8972,-0.0242;12.3707,-0.0259;12.8431,-0.0273;13.3147,-0.0293;13.7835,-0.0314;14.2487,-0.0333;14.7093,-0.0351;15.1638,-0.0363;15.6110,-0.0379;16.0582,-0.0396;16.4977,-0.0407;16.9348,-0.0416;17.3670,-0.0423;17.7935,-0.0427;18.2195,-0.0431;18.6373,-0.0429;19.0551,-0.0427;19.4662,-0.0421;19.8740,-0.0413;20.2803,-0.0405;20.6789,-0.0391;21.0775,-0.0377;21.4704,-0.0361;21.8589,-0.0344;22.2475,-0.0326;22.6262,-0.0308;23.0047,-0.0289;23.3804,-0.0270;23.7487,-0.0249;24.1170,-0.0229;24.4800,-0.0209"
868a46b4-c9ad-4413-820a-e5b63b50ad39,17100000,3073,24,5.846,Yield to the cut-in vehicle since it merges into our lane ahead during 2 to 4 seconds,0.3462,0.1703,"0.2565,-0.0000;0.5277,-0.0001;0.8131,-0.0003;1.1124,-0.0005;1.4253,-0.0008;1.7519,-0.0012;2.0920,-0.0017;2.4458,-0.0022;2.8130,-0.0027;3.1933,-0.0033;3.5863,-0.0039;3.9913,-0.0045;4.4079,-0.0050;4.8354,-0.0054;5.2730,-0.0058;5.7199,-0.0060;6.1745,-0.0061;6.6354,-0.0061;7.1015,-0.0059;7.5715,-0.0056;8.0448,-0.0052;8.5207,-0.0046;8.9983,-0.0040;9.4772,-0.0034;9.9565,-0.0027;10.4355,-0.0021;10.9132,-0.0014;11.3888,-0.0008;11.8613,-0.0003;12.3303,0.0002;12.7956,0.0006;13.2573,0.0009;13.7156,0.0011;14.1706,0.0013;14.6224,0.0013;15.0710,0.0013;15.5164,0.0013;15.9585,0.0013;16.3972,0.0012;16.8323,0.0011;17.2638,0.0011;17.6915,0.0011;18.1154,0.0011;18.5354,0.0012;18.9516,0.0013;19.3641,0.0014;19.7730,0.0016;20.1787,0.0018;20.5814,0.0020;20.9811,0.0022;21.3781,0.0025;21.7725,0.0027;22.1645,0.0030;22.5542,0.0033;22.9418,0.0036;23.3275,0.0039;23.7113,0.0042;24.0933,0.0045;24.4734,0.0048;24.8520,0.0051;25.2291,0.0054;25.6049,0.0057;25.9797,0.0060;26.3537,0.0063",0,-1,0.0,SKIPPED,,,,"0.2494,-0.0000;0.5236,-0.0003;0.8162,-0.0006;1.1275,-0.0008;1.4589,-0.0013;1.8104,-0.0013;2.1816,-0.0019;2.5711,-0.0020;2.9778,-0.0029;3.4015,-0.0031;3.8418,-0.0037;4.2971,-0.0045;4.7660,-0.0050;5.2468,-0.0060;5.7365,-0.0070;6.2314,-0.0080;6.7260,-0.0088;7.2190,-0.0102;7.7108,-0.0110;8.2015,-0.0122;8.6888,-0.0133;9.1719,-0.0143;9.6512,-0.0158;10.1271,-0.0170;10.6005,-0.0184;11.0729,-0.0195;11.5445,-0.0213;12.0134,-0.0230;12.4785,-0.0247;12.9391,-0.0262;13.3936,-0.0271;13.8408,-0.0285;14.2881,-0.0298;14.7275,-0.0307;15.1646,-0.0314;15.5968,-0.0318;16.0234,-0.0319;16.4494,-0.0320;16.8671,-0.0316;17.2849,-0.0312;17.6960,-0.0304;18.1039,-0.0293;18.5101,-0.0282;18.9087,-0.0266;19.3073,-0.0249;19.7002,-0.0231;20.0888,-0.0212;20.4773,-0.0192;20.8561,-0.0171;21.2345,-0.0150;21.6102,-0.0129;21.9785,-0.0106;22.3469,-0.0084;22.7098,-0.0061;23.0666,-0.0039;23.4234,-0.0016;23.7744,0.0009;24.1210,0.0036;24.4676,0.0064;24.8110,0.0089;25.1527,0.0115;25.4945,0.0140;25.8386,0.0166;26.1839,0.0193"
868a46b4-c9ad-4413-820a-e5b63b50ad39,18100000,3073,15,4.792,Maintain a slower speed due to the slow lead vehicle ahead,1.3631,4.126,"0.4390,-0.0000;0.8915,-0.0001;1.3560,-0.0003;1.8310,-0.0005;2.3147,-0.0006;2.8052,-0.0008;3.3006,-0.0010;3.7994,-0.0012;4.3003,-0.0013;4.8025,-0.0015;5.3052,-0.0016;5.8078,-0.0017;6.3096,-0.0019;6.8102,-0.0020;7.3096,-0.0021;7.8078,-0.0022;8.3050,-0.0022;8.8010,-0.0022;9.2955,-0.0022;9.7881,-0.0021;10.2783,-0.0019;10.7658,-0.0017;11.2508,-0.0014;11.7336,-0.0010;12.2145,-0.0006;12.6937,-0.0000;13.1714,0.0006;13.6475,0.0014;14.1220,0.0022;14.5948,0.0031;15.0661,0.0041;15.5360,0.0053;16.0043,0.0065;16.4709,0.0078;16.9356,0.0092;17.3982,0.0106;17.8589,0.0121;18.3181,0.0137;18.7768,0.0154;19.2362,0.0171;19.6972,0.0188;20.1607,0.0207;20.6270,0.0225;21.0967,0.0243;21.5699,0.0262;22.0469,0.0279;22.5276,0.0296;23.0116,0.0313;23.4986,0.0327;23.9878,0.0341;24.4789,0.0353;24.9711,0.0363;25.4638,0.0372;25.9562,0.0379;26.4475,0.0384;26.9368,0.0389;27.4235,0.0393;27.9069,0.0396;28.3864,0.0398;28.8619,0.0401;29.3333,0.0402;29.8005,0.0403;30.2635,0.0404;30.7223,0.0405",0,-1,0.0,SKIPPED,,,,"0.4269,-0.0001;0.8823,-0.0003;1.3512,-0.0002;1.8320,-0.0006;2.3217,-0.0010;2.8166,-0.0014;3.3111,-0.0017;3.8042,-0.0024;4.2959,-0.0026;4.7866,-0.0033;5.2740,-0.0038;5.7570,-0.0041;6.2364,-0.0051;6.7122,-0.0057;7.1857,-0.0065;7.6581,-0.0070;8.1297,-0.0082;8.5986,-0.0094;9.0637,-0.0105;9.5243,-0.0114;9.9788,-0.0118;10.4260,-0.0126;10.8732,-0.0134;11.3127,-0.0137;11.7498,-0.0139;12.1820,-0.0138;12.6086,-0.0134;13.0345,-0.0130;13.4523,-0.0120;13.8701,-0.0111;14.2812,-0.0098;14.6890,-0.0082;15.0953,-0.0066;15.4939,-0.0045;15.8925,-0.0024;16.2854,-0.0001;16.6739,0.0023;17.0625,0.0048;17.4412,0.0073;17.8196,0.0099;18.1954,0.0125;18.5637,0.0152;18.9320,0.0179;19.2949,0.0206;19.6517,0.0233;20.0085,0.0260;20.3595,0.0289;20.7061,0.0321;21.0527,0.0352;21.3961,0.0382;21.7379,0.0412;22.0796,0.0441;22.4238,0.0471;22.7691,0.0503;23.1144,0.0534;23.4745,0.0570;23.8390,0.0607;24.2036,0.0645;24.5884,0.0687;24.9738,0.0730;25.3663,0.0775;25.7709,0.0821;26.1754,0.0868;26.5966,0.0922"
868a46b4-c9ad-4413-820a-e5b63b50ad39,19100000,3073,14,4.663,Yield due to pedestrians walking across the crosswalk ahead,3.065,9.6815,"0.4882,-0.0001;0.9726,-0.0002;1.4532,-0.0003;1.9299,-0.0005;2.4025,-0.0007;2.8707,-0.0009;3.3337,-0.0010;3.7910,-0.0012;4.2415,-0.0013;4.6842,-0.0013;5.1179,-0.0013;5.5413,-0.0013;5.9530,-0.0012;6.3520,-0.0010;6.7375,-0.0008;7.1090,-0.0006;7.4663,-0.0003;7.8094,-0.0000;8.1384,0.0003;8.4536,0.0006;8.7554,0.0010;9.0447,0.0014;9.3223,0.0018;9.5891,0.0023;9.8459,0.0027;10.0933,0.0032;10.3320,0.0037;10.5624,0.0041;10.7854,0.0046;11.0020,0.0051;11.2135,0.0055;11.4209,0.0060;11.6252,0.0065;11.8269,0.0070;12.0264,0.0075;12.2238,0.0080;12.4192,0.0086;12.6128,0.0091;12.8046,0.0097;12.9946,0.0102;13.1829,0.0108;13.3693,0.0114;13.5536,0.0120;13.7354,0.0126;13.9143,0.0132;14.0898,0.0138;14.2616,0.0144;14.4296,0.0150;14.5936,0.0155;14.7539,0.0161;14.9106,0.0167;15.0639,0.0172;15.2141,0.0178;15.3616,0.0183;15.5065,0.0188;15.6490,0.0194;15.7888,0.0199;15.9260,0.0204;16.0604,0.0208;16.1918,0.0213;16.3203,0.0218;16.4459,0.0222;16.5688,0.0227;16.6892,0.0231",0,-1,0.0,SKIPPED,,,,"0.4722,0.0003;0.9553,0.0007;1.4346,0.0005;1.9105,0.0007;2.3839,0.0007;2.8563,0.0010;3.3279,0.0005;3.7968,0.0001;4.2619,-0.0003;4.7225,-0.0004;5.1770,-0.0000;5.6243,-0.0001;6.0715,-0.0002;6.5109,0.0002;6.9481,0.0007;7.3802,0.0015;7.8068,0.0026;8.2328,0.0037;8.6506,0.0053;9.0683,0.0070;9.4794,0.0090;9.8873,0.0112;10.2935,0.0134;10.6921,0.0162;11.0907,0.0190;11.4836,0.0219;11.8721,0.0250;12.2607,0.0280;12.6394,0.0312;13.0178,0.0344;13.3936,0.0376;13.7619,0.0409;14.1302,0.0442;14.4931,0.0475;14.8499,0.0508;15.2067,0.0540;15.5577,0.0576;15.9043,0.0613;16.2509,0.0650;16.5942,0.0686;16.9360,0.0720;17.2778,0.0755;17.6219,0.0792;17.9672,0.0829;18.3125,0.0866;18.6726,0.0907;19.0371,0.0950;19.4017,0.0994;19.7865,0.1043;20.1719,0.1092;20.5644,0.1143;20.9690,0.1196;21.3735,0.1249;21.7946,0.1310;22.2183,0.1372;22.6500,0.1434;23.0907,0.1496;23.5342,0.1559;23.9913,0.1629;24.4484,0.1698;24.9214,0.1775;25.3950,0.1851;25.8802,0.1930;26.3691,0.2010"
79937d25-63d0-4e38-9848-c714dcab0328,5100000,3073,20,5.368,Yield to the pedestrian walking across the crosswalk ahead since they are entering our lane,6.489,22.8613,"0.5339,-0.0025;1.0727,-0.0100;1.6170,-0.0225;2.1676,-0.0398;2.7247,-0.0619;3.2878,-0.0885;3.8563,-0.1192;4.4290,-0.1536;5.0050,-0.1911;5.5835,-0.2312;6.1641,-0.2734;6.7465,-0.3171;7.3305,-0.3621;7.9158,-0.4078;8.5020,-0.4539;9.0885,-0.5002;9.6749,-0.5462;10.2609,-0.5918;10.8465,-0.6368;11.4315,-0.6811;12.0158,-0.7244;12.5991,-0.7667;13.1812,-0.8079;13.7623,-0.8481;14.3424,-0.8872;14.9217,-0.9252;15.5002,-0.9621;16.0780,-0.9978;16.6555,-1.0324;17.2332,-1.0657;17.8117,-1.0978;18.3920,-1.1285;18.9745,-1.1578;19.5604,-1.1856;20.1504,-1.2120;20.7459,-1.2367;21.3477,-1.2599;21.9564,-1.2814;22.5721,-1.3012;23.1947,-1.3192;23.8237,-1.3355;24.4594,-1.3501;25.1018,-1.3629;25.7515,-1.3741;26.4085,-1.3838;27.0730,-1.3919;27.7446,-1.3985;28.4226,-1.4037;29.1062,-1.4074;29.7946,-1.4098;30.4878,-1.4110;31.1859,-1.4110;31.8894,-1.4098;32.5985,-1.4076;33.3129,-1.4044;34.0322,-1.4003;34.7560,-1.3953;35.4838,-1.3895;36.2157,-1.3829;36.9516,-1.3754;37.6912,-1.3672;38.4342,-1.3581;39.1798,-1.3482;39.9273,-1.3376",0,-1,0.0,SKIPPED,,,,"0.5320,-0.0018;1.0825,-0.0094;1.6470,-0.0212;2.2234,-0.0398;2.8093,-0.0641;3.4015,-0.0940;3.9976,-0.1292;4.5963,-0.1683;5.1972,-0.2132;5.7991,-0.2619;6.3959,-0.3125;6.9840,-0.3644;7.5624,-0.4174;8.1278,-0.4705;8.6770,-0.5241;9.2089,-0.5759;9.7249,-0.6265;10.2228,-0.6739;10.7015,-0.7179;11.1606,-0.7596;11.6016,-0.7975;12.0241,-0.8321;12.4280,-0.8642;12.8132,-0.8931;13.1798,-0.9188;13.5274,-0.9412;13.8565,-0.9606;14.1668,-0.9774;14.4588,-0.9917;14.7324,-1.0040;14.9877,-1.0138;15.2258,-1.0226;15.4464,-1.0300;15.6505,-1.0362;15.8369,-1.0412;16.0061,-1.0451;16.1592,-1.0482;16.2967,-1.0507;16.4180,-1.0526;16.5235,-1.0541;16.6137,-1.0552;16.6900,-1.0560;16.7553,-1.0567;16.8110,-1.0572;16.8590,-1.0576;16.9001,-1.0579;16.9354,-1.0582;16.9654,-1.0584;16.9903,-1.0585;17.0106,-1.0587;17.0265,-1.0588;17.0378,-1.0588;17.0431,-1.0589;17.0452,-1.0589;17.0498,-1.0589;17.0539,-1.0589;17.0549,-1.0590;17.0549,-1.0590;17.0549,-1.0590;17.0561,-1.0589;17.0583,-1.0590;17.0606,-1.0590;17.0635,-1.0590;17.0677,-1.0590"
79937d25-63d0-4e38-9848-c714dcab0328,6100000,3073,15,4.78,Yield due to a pedestrian walking in the crosswalk ahead,3.7272,12.3188,"0.6067,-0.0011;1.2150,-0.0039;1.8232,-0.0078;2.4288,-0.0122;3.0278,-0.0166;3.6160,-0.0205;4.1888,-0.0236;4.7430,-0.0257;5.2762,-0.0265;5.7872,-0.0261;6.2757,-0.0243;6.7420,-0.0212;7.1868,-0.0169;7.6110,-0.0114;8.0157,-0.0049;8.4018,0.0026;8.7703,0.0108;9.1223,0.0198;9.4592,0.0292;9.7826,0.0391;10.0947,0.0494;10.3974,0.0600;10.6925,0.0708;10.9808,0.0819;11.2626,0.0931;11.5376,0.1045;11.8057,0.1158;12.0673,0.1271;12.3239,0.1385;12.5779,0.1499;12.8313,0.1615;13.0853,0.1733;13.3403,0.1853;13.5962,0.1974;13.8528,0.2098;14.1101,0.2223;14.3684,0.2349;14.6280,0.2477;14.8890,0.2605;15.1518,0.2736;15.4166,0.2867;15.6838,0.2999;15.9542,0.3133;16.2287,0.3267;16.5083,0.3403;16.7941,0.3539;17.0875,0.3677;17.3898,0.3815;17.7021,0.3953;18.0252,0.4091;18.3594,0.4228;18.7051,0.4364;19.0623,0.4497;19.4310,0.4629;19.8111,0.4759;20.2023,0.4887;20.6042,0.5016;21.0162,0.5144;21.4377,0.5275;21.8682,0.5407;22.3074,0.5543;22.7547,0.5684;23.2098,0.5831;23.6722,0.5984",0,-1,0.0,SKIPPED,,,,"0.5940,-0.0013;1.1844,-0.0047;1.7652,-0.0100;2.3330,-0.0165;2.8847,-0.0247;3.4191,-0.0326;3.9375,-0.0407;4.4377,-0.0470;4.9183,-0.0514;5.3793,-0.0553;5.8219,-0.0568;6.2459,-0.0565;6.6510,-0.0554;7.0373,-0.0525;7.4047,-0.0480;7.7530,-0.0418;8.0826,-0.0341;8.3932,-0.0253;8.6854,-0.0155;8.9591,-0.0053;9.2143,0.0059;9.4524,0.0168;9.6729,0.0275;9.8767,0.0381;10.0629,0.0485;10.2318,0.0584;10.3848,0.0679;10.5220,0.0768;10.6430,0.0848;10.7483,0.0920;10.8383,0.0984;10.9144,0.1038;10.9795,0.1085;11.0351,0.1126;11.0829,0.1161;11.1239,0.1192;11.1591,0.1218;11.1890,0.1241;11.2139,0.1259;11.2341,0.1275;11.2499,0.1287;11.2613,0.1295;11.2665,0.1299;11.2686,0.1301;11.2731,0.1305;11.2773,0.1308;11.2783,0.1308;11.2783,0.1308;11.2783,0.1308;11.2794,0.1310;11.2817,0.1311;11.2839,0.1313;11.2868,0.1315;11.2911,0.1318;11.2961,0.1322;11.3014,0.1326;11.3068,0.1330;11.3121,0.1335;11.3170,0.1338;11.3218,0.1342;11.3293,0.1348;11.3390,0.1355;11.3501,0.1363;11.3621,0.1372"
79937d25-63d0-4e38-9848-c714dcab0328,7100000,3073,14,4.651,Yield due to a pedestrian walking across the crosswalk,0.2075,0.5104,"0.4406,0.0007;0.8602,0.0029;1.2584,0.0063;1.6353,0.0108;1.9910,0.0162;2.3265,0.0223;2.6422,0.0290;2.9387,0.0361;3.2161,0.0434;3.4748,0.0508;3.7145,0.0582;3.9355,0.0655;4.1378,0.0725;4.3219,0.0791;4.4884,0.0854;4.6379,0.0912;4.7717,0.0966;4.8914,0.1015;4.9986,0.1060;5.0954,0.1101;5.1834,0.1140;5.2639,0.1175;5.3380,0.1208;5.4061,0.1239;5.4686,0.1267;5.5257,0.1293;5.5776,0.1317;5.6245,0.1339;5.6668,0.1359;5.7051,0.1377;5.7401,0.1394;5.7728,0.1409;5.8040,0.1424;5.8341,0.1439;5.8631,0.1453;5.8907,0.1466;5.9168,0.1479;5.9414,0.1490;5.9648,0.1502;5.9876,0.1513;6.0103,0.1524;6.0329,0.1535;6.0557,0.1546;6.0785,0.1557;6.1013,0.1568;6.1241,0.1579;6.1470,0.1591;6.1699,0.1602;6.1929,0.1613;6.2159,0.1624;6.2389,0.1636;6.2619,0.1647;6.2849,0.1658;6.3078,0.1670;6.3308,0.1681;6.3538,0.1692;6.3769,0.1704;6.3999,0.1715;6.4230,0.1726;6.4461,0.1738;6.4693,0.1749;6.4926,0.1761;6.5160,0.1772;6.5396,0.1784",0,-1,0.0,SKIPPED,,,,"0.4386,0.0011;0.8625,0.0037;1.2676,0.0072;1.6539,0.0124;2.0213,0.0190;2.3695,0.0272;2.6991,0.0368;3.0097,0.0474;3.3018,0.0589;3.5754,0.0707;3.8306,0.0834;4.0686,0.0956;4.2890,0.1076;4.4928,0.1194;4.6789,0.1308;4.8478,0.1417;5.0006,0.1521;5.1378,0.1618;5.2588,0.1706;5.3640,0.1784;5.4539,0.1852;5.5300,0.1911;5.5951,0.1962;5.6507,0.2006;5.6985,0.2044;5.7395,0.2077;5.7746,0.2105;5.8045,0.2130;5.8294,0.2150;5.8496,0.2166;5.8654,0.2179;5.8767,0.2188;5.8820,0.2193;5.8841,0.2195;5.8886,0.2198;5.8928,0.2202;5.8938,0.2202;5.8938,0.2202;5.8938,0.2202;5.8949,0.2204;5.8972,0.2205;5.8994,0.2207;5.9023,0.2210;5.9065,0.2213;5.9115,0.2217;5.9169,0.2222;5.9223,0.2226;5.9276,0.2230;5.9325,0.2235;5.9373,0.2239;5.9447,0.2245;5.9544,0.2253;5.9655,0.2261;5.9775,0.2271;5.9898,0.2281;6.0019,0.2291;6.0136,0.2301;6.0247,0.2310;6.0327,0.2316;6.0367,0.2319;6.0379,0.2320;6.0371,0.2320;6.0350,0.2318;6.0319,0.2316"
79937d25-63d0-4e38-9848-c714dcab0328,8100000,3073,15,4.793,Stop to yield to the pedestrian walking across the crosswalk ahead,3.149,15.1807,"0.2562,0.0006;0.4950,0.0023;0.7166,0.0048;0.9211,0.0078;1.1085,0.0113;1.2787,0.0149;1.4313,0.0186;1.5666,0.0221;1.6852,0.0254;1.7884,0.0285;1.8781,0.0312;1.9562,0.0337;2.0242,0.0360;2.0832,0.0379;2.1340,0.0397;2.1773,0.0412;2.2135,0.0424;2.2437,0.0435;2.2692,0.0444;2.2918,0.0452;2.3132,0.0460;2.3346,0.0467;2.3569,0.0475;2.3802,0.0484;2.4051,0.0493;2.4320,0.0503;2.4626,0.0514;2.4992,0.0527;2.5453,0.0544;2.6047,0.0566;2.6810,0.0595;2.7776,0.0631;2.8965,0.0676;3.0395,0.0730;3.2069,0.0793;3.3990,0.0866;3.6151,0.0949;3.8550,0.1041;4.1181,0.1143;4.4042,0.1253;4.7132,0.1372;5.0451,0.1499;5.4000,0.1635;5.7776,0.1779;6.1778,0.1931;6.6000,0.2091;7.0438,0.2259;7.5089,0.2433;7.9952,0.2615;8.5025,0.2804;9.0305,0.3000;9.5786,0.3205;10.1462,0.3419;10.7330,0.3643;11.3390,0.3879;11.9647,0.4127;12.6103,0.4390;13.2755,0.4667;13.9592,0.4960;14.6600,0.5270;15.3767,0.5596;16.1088,0.5939;16.8561,0.6301;17.6189,0.6682",0,-1,0.0,SKIPPED,,,,"0.2530,0.0008;0.4913,0.0020;0.7121,0.0037;0.9162,0.0060;1.1027,0.0088;1.2718,0.0119;1.4250,0.0152;1.5625,0.0184;1.6837,0.0216;1.7892,0.0245;1.8794,0.0272;1.9557,0.0295;2.0209,0.0315;2.0766,0.0334;2.1245,0.0350;2.1657,0.0363;2.2009,0.0376;2.2309,0.0386;2.2558,0.0395;2.2761,0.0402;2.2920,0.0407;2.3033,0.0411;2.3085,0.0413;2.3107,0.0414;2.3152,0.0416;2.3193,0.0417;2.3204,0.0417;2.3204,0.0417;2.3204,0.0417;2.3215,0.0418;2.3238,0.0419;2.3260,0.0419;2.3289,0.0421;2.3332,0.0422;2.3382,0.0424;2.3436,0.0426;2.3489,0.0428;2.3543,0.0430;2.3592,0.0431;2.3640,0.0433;2.3715,0.0436;2.3812,0.0439;2.3923,0.0443;2.4043,0.0447;2.4166,0.0452;2.4288,0.0456;2.4406,0.0460;2.4516,0.0464;2.4597,0.0467;2.4637,0.0468;2.4649,0.0468;2.4641,0.0468;2.4620,0.0467;2.4589,0.0466;2.4550,0.0465;2.4519,0.0464;2.4510,0.0463;2.4510,0.0463;2.4510,0.0463;2.4510,0.0463;2.4510,0.0463;2.4510,0.0463;2.4510,0.0463;2.4510,0.0463"
79937d25-63d0-4e38-9848-c714dcab0328,9100000,3073,15,4.802,Stop to yield to the pedestrian walking across the crosswalk ahead,2.0708,9.3616,"0.0919,0.0001;0.1726,0.0002;0.2428,0.0004;0.3035,0.0006;0.3561,0.0008;0.4018,0.0010;0.4416,0.0012;0.4761,0.0014;0.5055,0.0015;0.5300,0.0017;0.5495,0.0018;0.5644,0.0019;0.5756,0.0020;0.5847,0.0020;0.5929,0.0021;0.6013,0.0021;0.6100,0.0022;0.6190,0.0022;0.6282,0.0023;0.6376,0.0023;0.6479,0.0024;0.6598,0.0025;0.6744,0.0026;0.6927,0.0027;0.7156,0.0028;0.7436,0.0030;0.7775,0.0032;0.8179,0.0035;0.8654,0.0039;0.9210,0.0042;0.9856,0.0047;1.0603,0.0053;1.1462,0.0059;1.2442,0.0067;1.3551,0.0077;1.4789,0.0087;1.6160,0.0100;1.7665,0.0114;1.9306,0.0131;2.1084,0.0149;2.3002,0.0171;2.5059,0.0194;2.7257,0.0221;2.9591,0.0251;3.2058,0.0284;3.4654,0.0321;3.7376,0.0360;4.0222,0.0403;4.3191,0.0450;4.6283,0.0500;4.9494,0.0553;5.2824,0.0610;5.6270,0.0670;5.9829,0.0733;6.3493,0.0799;6.7255,0.0868;7.1103,0.0938;7.5031,0.1011;7.9036,0.1086;8.3120,0.1162;8.7282,0.1239;9.1521,0.1317;9.5835,0.1396;10.0217,0.1475",0,-1,0.0,SKIPPED,,,,"0.0893,0.0001;0.1656,0.0003;0.2309,0.0005;0.2866,0.0007;0.3346,0.0009;0.3757,0.0012;0.4110,0.0014;0.4410,0.0016;0.4659,0.0017;0.4863,0.0019;0.5021,0.0020;0.5135,0.0020;0.5187,0.0021;0.5208,0.0021;0.5254,0.0021;0.5295,0.0022;0.5305,0.0022;0.5305,0.0022;0.5305,0.0022;0.5317,0.0022;0.5340,0.0022;0.5362,0.0022;0.5391,0.0022;0.5434,0.0023;0.5484,0.0023;0.5537,0.0024;0.5591,0.0024;0.5645,0.0024;0.5694,0.0025;0.5742,0.0025;0.5817,0.0026;0.5914,0.0026;0.6025,0.0027;0.6146,0.0028;0.6269,0.0029;0.6391,0.0029;0.6508,0.0030;0.6619,0.0031;0.6699,0.0031;0.6739,0.0031;0.6752,0.0031;0.6743,0.0032;0.6722,0.0031;0.6692,0.0031;0.6653,0.0031;0.6622,0.0031;0.6612,0.0031;0.6612,0.0031;0.6612,0.0031;0.6612,0.0031;0.6612,0.0031;0.6612,0.0031;0.6612,0.0031;0.6612,0.0031;0.6612,0.0031;0.6612,0.0031;0.6612,0.0031;0.6612,0.0031;0.6612,0.0031;0.6612,0.0031;0.6612,0.0031;0.6612,0.0031;0.6612,0.0031;0.6612,0.0031"
79937d25-63d0-4e38-9848-c714dcab0328,10100000,3073,20,5.374,Stop to yield to the pedestrian in the crosswalk ahead since they are crossing our lane,2.4392,9.791,"0.0162,0.0000;0.0285,0.0000;0.0376,0.0000;0.0440,0.0000;0.0487,0.0000;0.0527,0.0000;0.0565,0.0000;0.0605,0.0000;0.0647,0.0000;0.0690,0.0000;0.0732,0.0000;0.0771,0.0000;0.0810,0.0000;0.0852,0.0000;0.0906,0.0000;0.0984,0.0000;0.1103,0.0000;0.1284,0.0000;0.1547,0.0001;0.1903,0.0001;0.2358,0.0001;0.2913,0.0002;0.3564,0.0003;0.4308,0.0004;0.5139,0.0006;0.6051,0.0008;0.7036,0.0010;0.8087,0.0013;0.9193,0.0017;1.0347,0.0020;1.1544,0.0025;1.2780,0.0029;1.4056,0.0034;1.5375,0.0039;1.6745,0.0044;1.8173,0.0050;1.9666,0.0056;2.1232,0.0062;2.2878,0.0068;2.4612,0.0075;2.6441,0.0081;2.8370,0.0088;3.0404,0.0096;3.2543,0.0103;3.4790,0.0111;3.7145,0.0119;3.9612,0.0127;4.2192,0.0136;4.4887,0.0145;4.7698,0.0155;5.0626,0.0164;5.3672,0.0174;5.6839,0.0185;6.0127,0.0195;6.3537,0.0206;6.7069,0.0217;7.0722,0.0227;7.4495,0.0238;7.8386,0.0247;8.2396,0.0256;8.6526,0.0264;9.0778,0.0271;9.5155,0.0277;9.9658,0.0280",0,-1,0.0,SKIPPED,,,,"0.0157,0.0000;0.0270,0.0000;0.0323,-0.0000;0.0344,0.0000;0.0390,0.0000;0.0431,0.0000;0.0441,0.0000;0.0441,0.0000;0.0441,0.0000;0.0453,0.0000;0.0475,0.0000;0.0498,0.0000;0.0527,0.0000;0.0569,0.0000;0.0619,0.0000;0.0673,0.0000;0.0727,0.0000;0.0781,0.0000;0.0830,0.0000;0.0878,0.0001;0.0953,0.0000;0.1050,0.0000;0.1161,0.0000;0.1281,0.0000;0.1405,0.0000;0.1527,0.0000;0.1644,0.0000;0.1755,0.0000;0.1835,0.0000;0.1875,-0.0000;0.1888,-0.0000;0.1879,0.0000;0.1858,0.0000;0.1827,0.0000;0.1788,0.0000;0.1758,0.0000;0.1748,0.0000;0.1748,0.0000;0.1748,0.0000;0.1748,0.0000;0.1748,0.0000;0.1748,0.0000;0.1748,0.0000;0.1748,0.0000;0.1748,0.0000;0.1748,0.0000;0.1748,0.0000;0.1748,0.0000;0.1748,0.0000;0.1748,0.0000;0.1748,0.0000;0.1748,0.0000;0.1748,0.0000;0.1748,0.0000;0.1748,0.0000;0.1748,0.0000;0.1748,0.0000;0.1748,0.0000;0.1748,0.0000;0.1748,0.0000;0.1748,0.0000;0.1748,0.0000;0.1748,0.0000;0.1748,0.0000"
79937d25-63d0-4e38-9848-c714dcab0328,11100000,3073,15,4.795,Yield due to a pedestrian walking across the crosswalk ahead,6.4972,21.8921,"0.0022,0.0000;0.0049,0.0000;0.0087,0.0000;0.0136,0.0000;0.0195,0.0000;0.0260,0.0000;0.0330,0.0000;0.0413,0.0000;0.0526,0.0000;0.0694,0.0000;0.0941,-0.0000;0.1289,-0.0000;0.1756,-0.0000;0.2357,-0.0000;0.3101,-0.0000;0.3994,-0.0001;0.5038,-0.0002;0.6235,-0.0003;0.7584,-0.0005;0.9088,-0.0007;1.0746,-0.0011;1.2558,-0.0016;1.4524,-0.0023;1.6647,-0.0032;1.8929,-0.0044;2.1372,-0.0059;2.3980,-0.0078;2.6752,-0.0100;2.9685,-0.0128;3.2775,-0.0159;3.6018,-0.0196;3.9409,-0.0237;4.2944,-0.0283;4.6621,-0.0332;5.0440,-0.0384;5.4403,-0.0439;5.8512,-0.0494;6.2766,-0.0548;6.7169,-0.0599;7.1721,-0.0644;7.6426,-0.0680;8.1287,-0.0703;8.6308,-0.0709;9.1492,-0.0696;9.6834,-0.0663;10.2326,-0.0609;10.7952,-0.0534;11.3698,-0.0439;11.9556,-0.0328;12.5522,-0.0201;13.1596,-0.0060;13.7783,0.0091;14.4081,0.0253;15.0491,0.0425;15.7006,0.0606;16.3625,0.0796;17.0346,0.0998;17.7170,0.1211;18.4099,0.1436;19.1134,0.1676;19.8271,0.1931;20.5500,0.2200;21.2812,0.2485;22.0198,0.2786",0,-1,0.0,SKIPPED,,,,"0.0023,-0.0000;0.0045,-0.0000;0.0074,-0.0000;0.0117,-0.0000;0.0167,-0.0000;0.0220,-0.0000;0.0274,0.0000;0.0328,-0.0000;0.0377,0.0000;0.0425,0.0000;0.0500,0.0000;0.0597,0.0000;0.0708,-0.0000;0.0829,-0.0000;0.0952,-0.0000;0.1074,-0.0000;0.1191,-0.0000;0.1302,-0.0000;0.1382,-0.0000;0.1422,-0.0001;0.1435,-0.0001;0.1426,-0.0000;0.1405,-0.0000;0.1375,-0.0000;0.1336,-0.0000;0.1305,-0.0000;0.1295,-0.0000;0.1295,-0.0000;0.1295,-0.0000;0.1295,-0.0000;0.1295,-0.0000;0.1295,-0.0000;0.1295,-0.0000;0.1295,-0.0000;0.1295,-0.0000;0.1295,-0.0000;0.1295,-0.0000;0.1295,-0.0000;0.1295,-0.0000;0.1295,-0.0000;0.1295,-0.0000;0.1295,-0.0000;0.1295,-0.0000;0.1295,-0.0000;0.1295,-0.0000;0.1295,-0.0000;0.1295,-0.0000;0.1295,-0.0000;0.1295,-0.0000;0.1295,-0.0000;0.1295,-0.0000;0.1295,-0.0000;0.1295,-0.0000;0.1295,-0.0000;0.1295,-0.0000;0.1295,-0.0000;0.1295,-0.0000;0.1295,-0.0000;0.1295,-0.0000;0.1295,-0.0000;0.1295,-0.0000;0.1295,-0.0000;0.1295,-0.0000;0.1295,-0.0000"
79937d25-63d0-4e38-9848-c714dcab0328,12100000,3073,13,4.538,Yield due to a pedestrian in the crosswalk,9.9625,30.6836,"0.0056,-0.0000;0.0132,-0.0000;0.0233,-0.0000;0.0368,-0.0000;0.0542,-0.0000;0.0762,-0.0001;0.1034,-0.0001;0.1356,-0.0002;0.1728,-0.0003;0.2150,-0.0005;0.2624,-0.0008;0.3160,-0.0011;0.3776,-0.0015;0.4506,-0.0022;0.5397,-0.0030;0.6505,-0.0043;0.7881,-0.0060;0.9565,-0.0084;1.1579,-0.0115;1.3933,-0.0155;1.6625,-0.0203;1.9647,-0.0261;2.2981,-0.0327;2.6611,-0.0400;3.0520,-0.0480;3.4695,-0.0566;3.9123,-0.0657;4.3796,-0.0751;4.8706,-0.0848;5.3847,-0.0946;5.9215,-0.1044;6.4804,-0.1140;7.0606,-0.1234;7.6610,-0.1324;8.2806,-0.1409;8.9184,-0.1488;9.5743,-0.1560;10.2478,-0.1626;10.9384,-0.1685;11.6450,-0.1737;12.3665,-0.1785;13.1021,-0.1826;13.8510,-0.1863;14.6124,-0.1894;15.3847,-0.1920;16.1664,-0.1940;16.9554,-0.1953;17.7504,-0.1957;18.5504,-0.1952;19.3549,-0.1938;20.1638,-0.1913;20.9769,-0.1877;21.7937,-0.1829;22.6138,-0.1769;23.4365,-0.1697;24.2613,-0.1613;25.0879,-0.1516;25.9163,-0.1407;26.7465,-0.1285;27.5786,-0.1151;28.4124,-0.1005;29.2474,-0.0845;30.0831,-0.0672;30.9189,-0.0486",0,-1,0.0,SKIPPED,,,,"0.0074,-0.0000;0.0172,-0.0000;0.0283,-0.0000;0.0403,-0.0000;0.0526,-0.0000;0.0648,-0.0000;0.0766,-0.0000;0.0876,-0.0000;0.0957,-0.0000;0.0997,-0.0001;0.1009,-0.0001;0.1001,-0.0000;0.0980,-0.0001;0.0949,-0.0001;0.0910,-0.0001;0.0879,-0.0001;0.0870,-0.0000;0.0870,-0.0000;0.0870,-0.0000;0.0870,-0.0000;0.0870,-0.0000;0.0870,-0.0000;0.0870,-0.0000;0.0870,-0.0000;0.0870,-0.0000;0.0870,-0.0000;0.0870,-0.0000;0.0870,-0.0000;0.0870,-0.0000;0.0870,-0.0000;0.0870,-0.0000;0.0870,-0.0000;0.0870,-0.0000;0.0870,-0.0000;0.0870,-0.0000;0.0870,-0.0000;0.0870,-0.0000;0.0870,-0.0000;0.0870,-0.0000;0.0870,-0.0000;0.0870,-0.0000;0.0870,-0.0000;0.0870,-0.0000;0.0870,-0.0000;0.0870,-0.0000;0.0870,-0.0000;0.0870,-0.0000;0.0870,-0.0000;0.0870,-0.0000;0.0870,-0.0000;0.0870,-0.0000;0.0870,-0.0000;0.0870,-0.0000;0.0870,-0.0000;0.0912,-0.0001;0.0987,-0.0001;0.1071,-0.0001;0.1159,-0.0001;0.1252,-0.0001;0.1388,-0.0001;0.1571,-0.0001;0.1798,-0.0001;0.2061,-0.0002;0.2354,-0.0002"
79937d25-63d0-4e38-9848-c714dcab0328,13100000,3073,19,5.275,Yield to the pedestrian in the crosswalk ahead since they are crossing our lane,4.9609,16.7617,"0.0002,0.0000;-0.0019,-0.0000;-0.0052,-0.0000;-0.0088,-0.0000;-0.0123,-0.0000;-0.0152,-0.0000;-0.0169,-0.0000;-0.0169,-0.0000;-0.0146,-0.0000;-0.0095,-0.0000;-0.0006,-0.0000;0.0136,-0.0000;0.0354,-0.0000;0.0669,-0.0000;0.1096,-0.0000;0.1645,-0.0000;0.2316,-0.0001;0.3111,-0.0001;0.4029,-0.0002;0.5070,-0.0004;0.6234,-0.0006;0.7522,-0.0009;0.8936,-0.0013;1.0481,-0.0018;1.2161,-0.0024;1.3981,-0.0032;1.5943,-0.0041;1.8048,-0.0052;2.0294,-0.0065;2.2677,-0.0080;2.5194,-0.0096;2.7838,-0.0115;3.0605,-0.0134;3.3488,-0.0155;3.6484,-0.0178;3.9595,-0.0201;4.2826,-0.0226;4.6181,-0.0251;4.9667,-0.0279;5.3285,-0.0307;5.7036,-0.0337;6.0916,-0.0369;6.4924,-0.0401;6.9057,-0.0436;7.3317,-0.0471;7.7704,-0.0508;8.2220,-0.0546;8.6861,-0.0585;9.1623,-0.0624;9.6497,-0.0663;10.1474,-0.0701;10.6544,-0.0739;11.1700,-0.0776;11.6938,-0.0812;12.2254,-0.0845;12.7647,-0.0876;13.3114,-0.0904;13.8657,-0.0928;14.4272,-0.0947;14.9956,-0.0961;15.5707,-0.0969;16.1523,-0.0968;16.7409,-0.0958;17.3366,-0.0937",0,-1,0.0,SKIPPED,,,,"0.0012,0.0000;0.0004,0.0000;-0.0017,0.0000;-0.0048,0.0000;-0.0087,-0.0000;-0.0118,-0.0000;-0.0127,0.0000;-0.0127,0.0000;-0.0127,0.0000;-0.0127,0.0000;-0.0127,0.0000;-0.0127,0.0000;-0.0127,0.0000;-0.0127,0.0000;-0.0127,0.0000;-0.0127,0.0000;-0.0127,0.0000;-0.0127,0.0000;-0.0127,0.0000;-0.0127,0.0000;-0.0127,0.0000;-0.0127,0.0000;-0.0127,0.0000;-0.0127,0.0000;-0.0127,0.0000;-0.0127,0.0000;-0.0127,0.0000;-0.0127,0.0000;-0.0127,0.0000;-0.0127,0.0000;-0.0127,0.0000;-0.0127,0.0000;-0.0127,0.0000;-0.0127,0.0000;-0.0127,0.0000;-0.0127,0.0000;-0.0127,0.0000;-0.0127,0.0000;-0.0127,0.0000;-0.0127,0.0000;-0.0127,0.0000;-0.0127,0.0000;-0.0127,0.0000;-0.0127,0.0000;-0.0085,-0.0000;-0.0010,0.0000;0.0075,0.0000;0.0162,0.0000;0.0255,0.0000;0.0391,-0.0000;0.0574,0.0000;0.0801,-0.0000;0.1064,-0.0000;0.1357,-0.0001;0.1681,-0.0001;0.2033,-0.0001;0.2413,-0.0002;0.2817,-0.0003;0.3250,-0.0004;0.3706,-0.0004;0.4186,-0.0005;0.4691,-0.0007;0.5215,-0.0008;0.5752,-0.0009"
79937d25-63d0-4e38-9848-c714dcab0328,14100000,3073,12,4.425,Yield to the pedestrians in the crosswalk,0.128,0.6116,"-0.0004,0.0000;-0.0007,0.0000;-0.0009,0.0000;-0.0011,0.0000;-0.0012,0.0000;-0.0014,0.0000;-0.0016,0.0000;-0.0019,0.0000;-0.0021,0.0000;-0.0023,0.0000;-0.0025,0.0000;-0.0027,0.0000;-0.0028,0.0000;-0.0030,0.0000;-0.0031,0.0000;-0.0032,0.0000;-0.0033,0.0000;-0.0033,0.0000;-0.0033,0.0000;-0.0033,0.0000;-0.0033,0.0000;-0.0033,0.0000;-0.0033,0.0000;-0.0032,0.0000;-0.0032,0.0000;-0.0031,0.0000;-0.0030,0.0000;-0.0030,0.0000;-0.0028,0.0000;-0.0027,0.0000;-0.0024,0.0000;-0.0022,0.0000;-0.0020,0.0000;-0.0017,-0.0000;-0.0014,-0.0000;-0.0011,-0.0000;-0.0008,-0.0000;-0.0006,-0.0000;-0.0003,-0.0000;-0.0001,-0.0000;0.0002,-0.0000;0.0006,-0.0000;0.0013,-0.0000;0.0024,-0.0000;0.0040,-0.0000;0.0059,-0.0000;0.0082,-0.0000;0.0109,-0.0000;0.0142,-0.0000;0.0187,-0.0000;0.0253,-0.0000;0.0350,-0.0000;0.0486,-0.0000;0.0672,-0.0000;0.0915,-0.0000;0.1219,-0.0000;0.1589,-0.0000;0.2025,-0.0001;0.2530,-0.0001;0.3107,-0.0002;0.3761,-0.0003;0.4495,-0.0004;0.5313,-0.0005;0.6218,-0.0007",0,-1,0.0,SKIPPED,,,,"0.0000,0.0000;0.0000,0.0000;0.0000,0.0000;0.0000,0.0000;0.0000,0.0000;0.0000,0.0000;0.0000,0.0000;0.0000,0.0000;0.0000,0.0000;0.0000,0.0000;0.0000,0.0000;0.0000,0.0000;0.0000,0.0000;0.0000,0.0000;0.0000,0.0000;0.0000,0.0000;0.0000,0.0000;0.0000,0.0000;0.0000,0.0000;0.0000,0.0000;0.0000,0.0000;0.0000,0.0000;0.0000,0.0000;0.0000,0.0000;0.0000,0.0000;0.0000,0.0000;0.0000,0.0000;0.0000,0.0000;0.0000,0.0000;0.0000,0.0000;0.0000,0.0000;0.0000,0.0000;0.0000,0.0000;0.0000,0.0000;0.0042,-0.0000;0.0118,0.0000;0.0202,-0.0000;0.0289,0.0000;0.0382,0.0000;0.0518,-0.0000;0.0702,-0.0000;0.0928,-0.0000;0.1191,-0.0001;0.1484,-0.0001;0.1809,-0.0001;0.2161,-0.0001;0.2540,-0.0002;0.2944,-0.0003;0.3377,-0.0004;0.3834,-0.0005;0.4314,-0.0006;0.4818,-0.0007;0.5342,-0.0008;0.5879,-0.0010;0.6424,-0.0011;0.6973,-0.0011;0.7519,-0.0012;0.8068,-0.0012;0.8627,-0.0013;0.9223,-0.0012"
79937d25-63d0-4e38-9848-c714dcab0328,15100000,3073,12,4.45,Yield due to pedestrians in the crosswalk,0.1823,0.9269,"0.0000,0.0000;0.0000,0.0000;-0.0000,0.0000;-0.0000,0.0000;-0.0000,0.0000;-0.0001,0.0000;-0.0001,0.0000;-0.0002,0.0000;-0.0004,0.0000;-0.0005,0.0000;-0.0006,0.0000;-0.0008,0.0000;-0.0009,0.0000;-0.0010,0.0000;-0.0011,0.0000;-0.0012,0.0000;-0.0013,0.0000;-0.0015,0.0000;-0.0016,0.0000;-0.0018,0.0000;-0.0020,0.0000;-0.0022,0.0000;-0.0023,0.0000;-0.0025,0.0000;-0.0027,0.0000;-0.0029,0.0000;-0.0031,0.0000;-0.0033,0.0000;-0.0035,0.0000;-0.0037,0.0000;-0.0039,0.0000;-0.0041,0.0000;-0.0042,0.0000;-0.0044,0.0000;-0.0046,0.0000;-0.0047,0.0000;-0.0049,0.0000;-0.0051,0.0000;-0.0053,0.0000;-0.0055,0.0000;-0.0056,0.0000;-0.0058,-0.0000;-0.0058,-0.0000;-0.0057,-0.0000;-0.0056,0.0000;-0.0054,0.0000;-0.0053,0.0000;-0.0053,0.0000;-0.0052,0.0000;-0.0046,0.0000;-0.0028,-0.0000;0.0011,-0.0000;0.0078,-0.0000;0.0182,-0.0000;0.0337,-0.0000;0.0555,-0.0000;0.0851,-0.0000;0.1239,-0.0000;0.1734,-0.0000;0.2347,-0.0001;0.3097,-0.0001;0.3998,-0.0002;0.5068,-0.0003;0.6327,-0.0005",0,-1,0.0,SKIPPED,,,,"0.0000,0.0000;0.0000,0.0000;0.0000,0.0000;0.0000,0.0000;0.0000,0.0000;0.0000,0.0000;0.0000,0.0000;0.0000,0.0000;0.0000,0.0000;0.0000,0.0000;0.0000,0.0000;0.0000,0.0000;0.0000,0.0000;0.0000,0.0000;0.0000,0.0000;0.0000,0.0000;0.0000,0.0000;0.0000,0.0000;0.0000,0.0000;0.0000,0.0000;0.0000,0.0000;0.0000,0.0000;0.0000,0.0000;0.0000,0.0000;0.0042,-0.0000;0.0118,0.0000;0.0202,-0.0000;0.0289,0.0000;0.0382,0.0000;0.0518,-0.0000;0.0702,-0.0000;0.0928,-0.0000;0.1191,-0.0001;0.1484,-0.0001;0.1809,-0.0001;0.2161,-0.0001;0.2540,-0.0002;0.2944,-0.0003;0.3377,-0.0004;0.3834,-0.0005;0.4314,-0.0006;0.4818,-0.0007;0.5342,-0.0008;0.5879,-0.0010;0.6424,-0.0011;0.6973,-0.0011;0.7519,-0.0012;0.8068,-0.0012;0.8627,-0.0013;0.9223,-0.0012"
79937d25-63d0-4e38-9848-c714dcab0328,16100000,3073,13,4.584,Yield due to a pedestrian in the crosswalk,0.0916,0.2791,"0.0000,-0.0000;0.0001,-0.0000;0.0001,-0.0000;0.0002,-0.0000;0.0003,-0.0000;0.0004,-0.0000;0.0005,-0.0000;0.0006,-0.0000;0.0007,-0.0000;0.0008,-0.0000;0.0009,-0.0000;0.0009,-0.0000;0.0010,-0.0000;0.0011,-0.0000;0.0013,-0.0000;0.0015,-0.0000;0.0020,-0.0000;0.0028,0.0000;0.0041,0.0000;0.0058,0.0000;0.0075,0.0000;0.0092,0.0000;0.0113,0.0000;0.0145,0.0000;0.0199,0.0000;0.0286,0.0000;0.0419,0.0000;0.0609,0.0000;0.0868,0.0000;0.1209,0.0000;0.1647,0.0001;0.2195,0.0001;0.2868,0.0002;0.3682,0.0004;0.4648,0.0007;0.5777,0.0011;0.7075,0.0017;0.8547,0.0026;1.0193,0.0038;1.2013,0.0053;1.4009,0.0073;1.6180,0.0097;1.8525,0.0126;2.1047,0.0160;2.3748,0.0198;2.6627,0.0242;2.9687,0.0290;3.2927,0.0341;3.6346,0.0395;3.9942,0.0451;4.3716,0.0509;4.7668,0.0567;5.1799,0.0624;5.6107,0.0680;6.0590,0.0734;6.5243,0.0785;7.0064,0.0831;7.5047,0.0873;8.0181,0.0909;8.5456,0.0938;9.0855,0.0961;9.6364,0.0977;10.1973,0.0987;10.7676,0.0991",0,-1,0.0,SKIPPED,,,,"0.0000,0.0000;0.0000,0.0000;0.0000,0.0000;0.0000,0.0000;0.0000,0.0000;0.0000,0.0000;0.0000,0.0000;0.0000,0.0000;0.0000,0.0000;0.0000,0.0000;0.0000,0.0000;0.0000,0.0000;0.0000,0.0000;0.0000,0.0000;0.0042,-0.0000;0.0118,0.0000;0.0202,-0.0000;0.0289,0.0000;0.0382,0.0000;0.0518,-0.0000;0.0702,-0.0000;0.0928,-0.0000;0.1191,-0.0001;0.1484,-0.0001;0.1809,-0.0001;0.2161,-0.0001;0.2540,-0.0002;0.2944,-0.0003;0.3377,-0.0004;0.3834,-0.0005;0.4314,-0.0006;0.4818,-0.0007;0.5342,-0.0008;0.5879,-0.0010;0.6424,-0.0011;0.6973,-0.0011;0.7519,-0.0012;0.8068,-0.0012;0.8627,-0.0013;0.9223,-0.0012"
79937d25-63d0-4e38-9848-c714dcab0328,17100000,3073,12,4.456,Yield due to pedestrians in the crosswalk,0.291,0.9005,"-0.0000,-0.0000;0.0000,-0.0000;0.0001,-0.0000;0.0002,-0.0000;0.0004,-0.0000;0.0006,-0.0000;0.0008,-0.0000;0.0010,-0.0000;0.0013,-0.0000;0.0017,-0.0000;0.0022,-0.0000;0.0030,-0.0000;0.0039,-0.0000;0.0049,-0.0000;0.0060,-0.0000;0.0070,-0.0000;0.0081,-0.0000;0.0092,-0.0000;0.0103,-0.0000;0.0113,-0.0000;0.0124,-0.0000;0.0134,-0.0000;0.0144,-0.0000;0.0155,-0.0000;0.0165,-0.0000;0.0176,-0.0000;0.0186,-0.0000;0.0197,-0.0000;0.0208,-0.0000;0.0218,-0.0000;0.0229,-0.0000;0.0240,-0.0000;0.0251,-0.0000;0.0262,-0.0000;0.0273,-0.0000;0.0285,-0.0000;0.0296,-0.0000;0.0307,-0.0000;0.0318,-0.0000;0.0329,-0.0000;0.0339,-0.0000;0.0349,-0.0000;0.0359,-0.0000;0.0370,-0.0000;0.0384,-0.0000;0.0405,0.0000;0.0437,0.0000;0.0483,0.0000;0.0546,0.0000;0.0629,0.0000;0.0731,0.0000;0.0854,0.0000;0.1000,0.0000;0.1175,0.0001;0.1387,0.0001;0.1646,0.0002;0.1959,0.0003;0.2336,0.0004;0.2785,0.0007;0.3314,0.0010;0.3929,0.0015;0.4638,0.0022;0.5441,0.0032;0.6341,0.0045",0,-1,0.0,SKIPPED,,,,"0.0000,0.0000;0.0000,0.0000;0.0000,0.0000;0.0000,0.0000;0.0042,-0.0000;0.0118,0.0000;0.0202,-0.0000;0.0289,0.0000;0.0382,0.0000;0.0518,-0.0000;0.0702,-0.0000;0.0928,-0.0000;0.1191,-0.0001;0.1484,-0.0001;0.1809,-0.0001;0.2161,-0.0001;0.2540,-0.0002;0.2944,-0.0003;0.3377,-0.0004;0.3834,-0.0005;0.4314,-0.0006;0.4818,-0.0007;0.5342,-0.0008;0.5879,-0.0010;0.6424,-0.0011;0.6973,-0.0011;0.7519,-0.0012;0.8068,-0.0012;0.8627,-0.0013;0.9223,-0.0012"
79937d25-63d0-4e38-9848-c714dcab0328,18100000,3073,17,5.012,Yield to the pedestrian because they are walking across the crosswalk ahead,0.3238,1.1815,"0.0188,-0.0000;0.0444,-0.0000;0.0762,-0.0000;0.1138,-0.0000;0.1570,-0.0001;0.2062,-0.0001;0.2615,-0.0002;0.3240,-0.0003;0.3946,-0.0005;0.4750,-0.0007;0.5666,-0.0010;0.6713,-0.0014;0.7902,-0.0020;0.9244,-0.0027;1.0741,-0.0036;1.2394,-0.0047;1.4202,-0.0061;1.6161,-0.0078;1.8267,-0.0099;2.0517,-0.0123;2.2910,-0.0151;2.5445,-0.0184;2.8125,-0.0221;3.0949,-0.0262;3.3922,-0.0308;3.7045,-0.0358;4.0321,-0.0411;4.3753,-0.0466;4.7343,-0.0524;5.1093,-0.0584;5.5005,-0.0643;5.9077,-0.0702;6.3307,-0.0759;6.7693,-0.0815;7.2236,-0.0866;7.6938,-0.0914;8.1803,-0.0957;8.6838,-0.0995;9.2043,-0.1028;9.7418,-0.1054;10.2956,-0.1076;10.8654,-0.1092;11.4511,-0.1102;12.0526,-0.1107;12.6700,-0.1106;13.3033,-0.1099;13.9526,-0.1085;14.6176,-0.1065;15.2982,-0.1037;15.9943,-0.1002;16.7049,-0.0959;17.4290,-0.0908;18.1652,-0.0848;18.9124,-0.0779;19.6702,-0.0700;20.4383,-0.0612;21.2167,-0.0512;22.0055,-0.0403;22.8043,-0.0282;23.6129,-0.0149;24.4309,-0.0003;25.2579,0.0157;26.0936,0.0333;26.9378,0.0526",0,-1,0.0,SKIPPED,,,,"0.0182,0.0000;0.0408,0.0000;0.0671,-0.0000;0.0964,-0.0000;0.1289,-0.0000;0.1641,-0.0001;0.2020,-0.0001;0.2424,-0.0002;0.2857,-0.0002;0.3314,-0.0003;0.3794,-0.0004;0.4298,-0.0005;0.4822,-0.0006;0.5359,-0.0007;0.5904,-0.0008;0.6453,-0.0008;0.6999,-0.0009;0.7548,-0.0009;0.8107,-0.0009;0.8703,-0.0008"
79937d25-63d0-4e38-9848-c714dcab0328,19100000,3073,15,4.789,Stop to yield to the pedestrian walking across the crosswalk ahead,0.0646,0.1847,"0.0492,-0.0000;0.1030,-0.0000;0.1617,-0.0000;0.2254,-0.0001;0.2941,-0.0001;0.3678,-0.0001;0.4468,-0.0002;0.5315,-0.0002;0.6231,-0.0003;0.7231,-0.0003;0.8335,-0.0003;0.9563,-0.0003;1.0931,-0.0003;1.2456,-0.0002;1.4147,-0.0001;1.6015,0.0001;1.8065,0.0005;2.0304,0.0010;2.2733,0.0016;2.5352,0.0024;2.8160,0.0035;3.1154,0.0047;3.4329,0.0061;3.7685,0.0078;4.1217,0.0097;4.4924,0.0119;4.8801,0.0144;5.2845,0.0171;5.7051,0.0201;6.1414,0.0234;6.5930,0.0270;7.0594,0.0308;7.5405,0.0348;8.0360,0.0391;8.5457,0.0435;9.0693,0.0482;9.6063,0.0530;10.1560,0.0580;10.7173,0.0632;11.2898,0.0687;11.8729,0.0745;12.4667,0.0806;13.0711,0.0873;13.6857,0.0947;14.3103,0.1027;14.9441,0.1116;15.5865,0.1215;16.2369,0.1325;16.8949,0.1445;17.5600,0.1578;18.2320,0.1722;18.9109,0.1878;19.5963,0.2046;20.2880,0.2225;20.9858,0.2415;21.6896,0.2614;22.3991,0.2824;23.1139,0.3042;23.8338,0.3269;24.5581,0.3504;25.2865,0.3746;26.0186,0.3996;26.7545,0.4254;27.4941,0.4519",0,-1,0.0,SKIPPED,,,,"0.0475,-0.0000;0.0979,-0.0000;0.1503,-0.0000;0.2040,-0.0000;0.2585,-0.0000;0.3134,0.0000;0.3680,0.0001;0.4229,0.0002;0.4788,0.0003;0.5384,0.0005"
5cde5b3e-c171-41d6-9906-c10a2516601e,5100000,3073,13,4.56,Brake to a stop because of red traffic light,2.1318,10.551,"0.0071,0.0000;0.0098,0.0000;0.0101,0.0000;0.0096,0.0000;0.0090,0.0000;0.0082,0.0000;0.0072,0.0000;0.0061,0.0000;0.0048,-0.0000;0.0036,-0.0000;0.0023,-0.0000;0.0011,-0.0000;-0.0001,-0.0000;-0.0013,-0.0000;-0.0025,-0.0000;-0.0037,-0.0000;-0.0050,-0.0000;-0.0062,-0.0000;-0.0074,-0.0000;-0.0087,-0.0000;-0.0099,-0.0000;-0.0112,-0.0000;-0.0125,-0.0000;-0.0138,-0.0000;-0.0152,-0.0000;-0.0165,-0.0000;-0.0179,-0.0000;-0.0193,-0.0000;-0.0207,-0.0000;-0.0221,-0.0000;-0.0235,-0.0000;-0.0248,-0.0000;-0.0261,-0.0000;-0.0273,-0.0000;-0.0284,-0.0000;-0.0292,-0.0000;-0.0295,-0.0000;-0.0287,-0.0000;-0.0264,-0.0000;-0.0219,-0.0000;-0.0141,-0.0000;-0.0020,-0.0000;0.0162,-0.0000;0.0421,-0.0000;0.0770,-0.0000;0.1213,-0.0000;0.1753,-0.0000;0.2388,-0.0000;0.3116,-0.0000;0.3935,-0.0000;0.4844,-0.0000;0.5842,-0.0000;0.6926,-0.0000;0.8096,-0.0001;0.9351,-0.0001;1.0691,-0.0001;1.2116,-0.0002;1.3629,-0.0002;1.5230,-0.0003;1.6921,-0.0004;1.8706,-0.0005;2.0586,-0.0006;2.2564,-0.0008;2.4643,-0.0010",0,-1,0.0,SKIPPED,,,,"0.0055,-0.0001;0.0078,-0.0001;0.0087,-0.0001;0.0083,-0.0002;0.0075,-0.0002;0.0074,-0.0003;0.0077,-0.0003;0.0079,-0.0003;0.0079,-0.0003;0.0079,-0.0003;0.0079,-0.0003;0.0079,-0.0003;0.0079,-0.0003;0.0079,-0.0003;0.0079,-0.0003;0.0079,-0.0003;0.0079,-0.0003;0.0079,-0.0003;0.0079,-0.0003;0.0079,-0.0003;0.0079,-0.0003;0.0079,-0.0003;0.0079,-0.0003;0.0079,-0.0003;0.0079,-0.0003;0.0098,-0.0003;0.0161,-0.0004;0.0234,-0.0004;0.0316,-0.0004;0.0407,-0.0004;0.0547,-0.0004;0.0808,-0.0003;0.1222,-0.0002;0.1817,-0.0002;0.2613,-0.0001;0.3611,-0.0001;0.4835,-0.0000;0.6330,0.0001;0.8111,0.0002;1.0176,-0.0002;1.2542,-0.0005;1.5205,-0.0009;1.8152,-0.0011;2.1366,-0.0012;2.4853,-0.0025;2.8607,-0.0027;3.2619,-0.0035;3.6884,-0.0045;4.1402,-0.0057;4.6151,-0.0067;5.1110,-0.0079;5.6264,-0.0099;6.1599,-0.0115;6.7108,-0.0133;7.2778,-0.0155;7.8602,-0.0180;8.4580,-0.0209;9.0706,-0.0241;9.6971,-0.0278;10.3377,-0.0315;10.9921,-0.0351;11.6577,-0.0395;12.3322,-0.0446;13.0152,-0.0505"
5cde5b3e-c171-41d6-9906-c10a2516601e,6100000,3073,17,5.026,Keep distance to the lead motorcycle since it is directly ahead in our lane,1.6076,7.9985,"0.0001,-0.0000;0.0008,-0.0000;0.0022,-0.0000;0.0046,-0.0000;0.0082,-0.0000;0.0131,-0.0000;0.0195,-0.0000;0.0274,-0.0000;0.0367,-0.0000;0.0475,-0.0000;0.0601,-0.0000;0.0752,-0.0000;0.0942,-0.0000;0.1186,-0.0000;0.1503,-0.0000;0.1908,-0.0000;0.2410,-0.0000;0.3018,-0.0000;0.3735,-0.0000;0.4566,-0.0000;0.5511,-0.0000;0.6571,-0.0001;0.7746,-0.0001;0.9036,-0.0001;1.0439,-0.0002;1.1955,-0.0003;1.3582,-0.0003;1.5319,-0.0004;1.7166,-0.0006;1.9122,-0.0007;2.1186,-0.0009;2.3357,-0.0012;2.5635,-0.0015;2.8019,-0.0019;3.0507,-0.0023;3.3100,-0.0029;3.5795,-0.0035;3.8589,-0.0043;4.1478,-0.0051;4.4457,-0.0061;4.7520,-0.0071;5.0662,-0.0083;5.3876,-0.0096;5.7154,-0.0110;6.0485,-0.0125;6.3855,-0.0141;6.7251,-0.0157;7.0659,-0.0174;7.4070,-0.0190;7.7474,-0.0207;8.0867,-0.0223;8.4247,-0.0240;8.7613,-0.0256;9.0965,-0.0272;9.4301,-0.0288;9.7620,-0.0303;10.0920,-0.0319;10.4199,-0.0334;10.7454,-0.0349;11.0681,-0.0364;11.3875,-0.0378;11.7029,-0.0393;12.0137,-0.0407;12.3192,-0.0421",0,-1,0.0,SKIPPED,,,,"0.0000,0.0000;0.0000,0.0000;0.0000,0.0000;0.0000,0.0000;0.0000,0.0000;0.0000,0.0000;0.0000,0.0000;0.0000,0.0000;0.0000,0.0000;0.0000,0.0000;0.0000,0.0000;0.0000,0.0000;0.0000,0.0000;0.0000,0.0000;0.0000,0.0000;0.0019,-0.0000;0.0082,-0.0000;0.0156,-0.0000;0.0237,-0.0000;0.0329,-0.0000;0.0468,-0.0000;0.0729,0.0000;0.1143,0.0001;0.1738,0.0001;0.2534,0.0001;0.3532,0.0002;0.4757,0.0002;0.6252,0.0003;0.8032,0.0003;1.0097,-0.0001;1.2463,-0.0005;1.5126,-0.0010;1.8073,-0.0013;2.1287,-0.0014;2.4774,-0.0028;2.8529,-0.0031;3.2540,-0.0040;3.6805,-0.0051;4.1323,-0.0064;4.6072,-0.0075;5.1031,-0.0089;5.6185,-0.0110;6.1520,-0.0127;6.7029,-0.0147;7.2700,-0.0170;7.8523,-0.0197;8.4501,-0.0227;9.0627,-0.0261;9.6892,-0.0299;10.3298,-0.0338;10.9842,-0.0376;11.6498,-0.0421;12.3243,-0.0473;13.0073,-0.0534;13.6988,-0.0598;14.3998,-0.0668;15.1105,-0.0739;15.8309,-0.0819;16.5606,-0.0903;17.2982,-0.0994;18.0423,-0.1090;18.7931,-0.1199;19.5512,-0.1314;20.3171,-0.1441"
5cde5b3e-c171-41d6-9906-c10a2516601e,7100000,3073,14,4.696,Resume speed from stop since the straight traffic light turns green,3.0812,9.7199,"-0.0000,0.0000;-0.0000,0.0000;0.0000,0.0000;0.0001,0.0000;0.0005,0.0000;0.0012,0.0000;0.0026,0.0000;0.0049,0.0000;0.0082,0.0000;0.0131,0.0000;0.0213,0.0000;0.0355,0.0000;0.0597,0.0000;0.0975,0.0000;0.1517,0.0000;0.2241,-0.0000;0.3154,-0.0000;0.4258,-0.0000;0.5549,-0.0000;0.7024,-0.0000;0.8676,-0.0000;1.0499,-0.0001;1.2485,-0.0001;1.4630,-0.0001;1.6928,-0.0002;1.9372,-0.0003;2.1960,-0.0005;2.4688,-0.0007;2.7554,-0.0010;3.0557,-0.0014;3.3696,-0.0019;3.6968,-0.0025;4.0371,-0.0033;4.3899,-0.0042;4.7546,-0.0052;5.1306,-0.0064;5.5176,-0.0078;5.9151,-0.0094;6.3223,-0.0111;6.7386,-0.0131;7.1633,-0.0152;7.5958,-0.0175;8.0358,-0.0200;8.4830,-0.0228;8.9371,-0.0257;9.3976,-0.0288;9.8641,-0.0322;10.3361,-0.0357;10.8138,-0.0395;11.2974,-0.0434;11.7872,-0.0476;12.2831,-0.0519;12.7846,-0.0563;13.2909,-0.0609;13.8012,-0.0656;14.3147,-0.0704;14.8312,-0.0754;15.3502,-0.0804;15.8720,-0.0857;16.3966,-0.0910;16.9240,-0.0967;17.4546,-0.1026;17.9885,-0.1088;18.5258,-0.1153",0,-1,0.0,SKIPPED,,,,"0.0000,0.0000;0.0000,0.0000;0.0000,0.0000;0.0000,0.0000;0.0000,0.0000;0.0019,-0.0000;0.0082,-0.0000;0.0156,-0.0000;0.0237,-0.0000;0.0329,-0.0000;0.0468,-0.0000;0.0729,0.0000;0.1143,0.0001;0.1738,0.0001;0.2534,0.0001;0.3532,0.0002;0.4757,0.0002;0.6252,0.0003;0.8032,0.0003;1.0097,-0.0001;1.2463,-0.0005;1.5126,-0.0010;1.8073,-0.0013;2.1287,-0.0014;2.4774,-0.0028;2.8529,-0.0031;3.2540,-0.0040;3.6805,-0.0051;4.1323,-0.0064;4.6072,-0.0075;5.1031,-0.0089;5.6185,-0.0110;6.1520,-0.0127;6.7029,-0.0147;7.2700,-0.0170;7.8523,-0.0197;8.4501,-0.0227;9.0627,-0.0261;9.6892,-0.0299;10.3298,-0.0338;10.9842,-0.0376;11.6498,-0.0421;12.3243,-0.0473;13.0073,-0.0534;13.6988,-0.0598;14.3998,-0.0668;15.1105,-0.0739;15.8309,-0.0819;16.5606,-0.0903;17.2982,-0.0994;18.0423,-0.1090;18.7931,-0.1199;19.5512,-0.1314;20.3171,-0.1441;21.0896,-0.1578;21.8681,-0.1714;22.6513,-0.1856;23.4381,-0.2006;24.2285,-0.2157;25.0226,-0.2341;25.8219,-0.2519;26.6273,-0.2679;27.4368,-0.2837;28.2440,-0.2979"
5cde5b3e-c171-41d6-9906-c10a2516601e,8100000,3073,23,5.887,Adapt speed to maintain a safe distance from the lead vehicle since it is directly ahead in our lane,4.4415,10.2414,"0.0125,0.0000;0.0328,0.0000;0.0632,0.0000;0.1056,0.0000;0.1617,0.0000;0.2323,0.0001;0.3181,0.0001;0.4192,0.0002;0.5359,0.0003;0.6679,0.0004;0.8154,0.0005;0.9784,0.0007;1.1571,0.0010;1.3517,0.0012;1.5625,0.0015;1.7899,0.0018;2.0340,0.0021;2.2951,0.0024;2.5732,0.0027;2.8680,0.0029;3.1793,0.0030;3.5070,0.0029;3.8504,0.0025;4.2093,0.0017;4.5830,0.0005;4.9708,-0.0012;5.3717,-0.0036;5.7845,-0.0066;6.2079,-0.0102;6.6407,-0.0145;7.0825,-0.0194;7.5334,-0.0249;7.9936,-0.0308;8.4633,-0.0370;8.9424,-0.0436;9.4307,-0.0503;9.9282,-0.0572;10.4350,-0.0641;10.9514,-0.0710;11.4775,-0.0779;12.0135,-0.0847;12.5590,-0.0914;13.1133,-0.0980;13.6759,-0.1045;14.2460,-0.1109;14.8231,-0.1171;15.4066,-0.1232;15.9960,-0.1292;16.5907,-0.1352;17.1907,-0.1411;17.7956,-0.1470;18.4055,-0.1530;19.0203,-0.1590;19.6397,-0.1652;20.2638,-0.1716;20.8930,-0.1782;21.5275,-0.1850;22.1681,-0.1921;22.8150,-0.1993;23.4687,-0.2068;24.1293,-0.2144;24.7969,-0.2222;25.4714,-0.2301;26.1530,-0.2381",0,-1,0.0,SKIPPED,,,,"0.0136,0.0000;0.0398,0.0000;0.0812,0.0001;0.1407,0.0001;0.2202,0.0001;0.3201,0.0001;0.4425,0.0001;0.5920,0.0002;0.7701,0.0001;0.9765,-0.0003;1.2131,-0.0008;1.4794,-0.0014;1.7742,-0.0017;2.0955,-0.0020;2.4442,-0.0034;2.8197,-0.0039;3.2209,-0.0048;3.6474,-0.0061;4.0991,-0.0075;4.5741,-0.0088;5.0699,-0.0102;5.5853,-0.0125;6.1189,-0.0144;6.6698,-0.0165;7.2368,-0.0190;7.8192,-0.0218;8.4170,-0.0250;9.0295,-0.0285;9.6561,-0.0325;10.2967,-0.0366;10.9510,-0.0406;11.6166,-0.0453;12.2911,-0.0507;12.9742,-0.0570;13.6656,-0.0636;14.3666,-0.0707;15.0773,-0.0780;15.7977,-0.0862;16.5274,-0.0949;17.2650,-0.1042;18.0091,-0.1140;18.7599,-0.1251;19.5180,-0.1368;20.2839,-0.1497;21.0564,-0.1636;21.8349,-0.1775;22.6181,-0.1918;23.4049,-0.2071;24.1953,-0.2224;24.9894,-0.2410;25.7887,-0.2591;26.5941,-0.2753;27.4036,-0.2913;28.2107,-0.3057;29.0160,-0.3216;29.8226,-0.3364;30.6323,-0.3486;31.4451,-0.3594;32.2620,-0.3687;33.0820,-0.3758;33.9048,-0.3828;34.7310,-0.3891;35.5601,-0.3935;36.3932,-0.3972"
5cde5b3e-c171-41d6-9906-c10a2516601e,9100000,3073,17,5.031,Keep distance to the lead vehicle since it is directly ahead in our lane,1.6424,8.8649,"0.2343,-0.0000;0.4941,-0.0000;0.7795,-0.0001;1.0910,-0.0003;1.4288,-0.0004;1.7930,-0.0007;2.1834,-0.0011;2.5999,-0.0016;3.0419,-0.0022;3.5093,-0.0030;4.0014,-0.0041;4.5177,-0.0054;5.0574,-0.0071;5.6198,-0.0091;6.2039,-0.0116;6.8085,-0.0144;7.4321,-0.0178;8.0727,-0.0217;8.7283,-0.0260;9.3969,-0.0309;10.0761,-0.0363;10.7637,-0.0422;11.4575,-0.0485;12.1554,-0.0553;12.8560,-0.0625;13.5582,-0.0702;14.2611,-0.0784;14.9642,-0.0871;15.6669,-0.0964;16.3690,-0.1065;17.0705,-0.1174;17.7714,-0.1295;18.4716,-0.1430;19.1704,-0.1581;19.8666,-0.1756;20.5589,-0.1960;21.2462,-0.2201;21.9273,-0.2489;22.6011,-0.2832;23.2666,-0.3238;23.9223,-0.3713;24.5671,-0.4261;25.2004,-0.4882;25.8214,-0.5569;26.4298,-0.6316;27.0247,-0.7111;27.6050,-0.7939;28.1701,-0.8784;28.7196,-0.9632;29.2538,-1.0472;29.7731,-1.1291;30.2774,-1.2081;30.7666,-1.2835;31.2400,-1.3548;31.6974,-1.4215;32.1386,-1.4834;32.5637,-1.5407;32.9729,-1.5933;33.3663,-1.6416;33.7439,-1.6858;34.1054,-1.7261;34.4507,-1.7629;34.7797,-1.7965;35.0922,-1.8271",0,-1,0.0,SKIPPED,,,,"0.2299,-0.0005;0.4962,-0.0009;0.7909,-0.0012;1.1123,-0.0014;1.4610,-0.0028;1.8364,-0.0031;2.2376,-0.0040;2.6641,-0.0052;3.1158,-0.0066;3.5908,-0.0077;4.0867,-0.0091;4.6020,-0.0113;5.1356,-0.0130;5.6865,-0.0150;6.2535,-0.0174;6.8359,-0.0201;7.4337,-0.0231;8.0463,-0.0265;8.6728,-0.0304;9.3134,-0.0344;9.9678,-0.0382;10.6333,-0.0428;11.3079,-0.0480;11.9909,-0.0542;12.6824,-0.0606;13.3833,-0.0676;14.0941,-0.0748;14.8145,-0.0828;15.5441,-0.0913;16.2818,-0.1005;17.0259,-0.1102;17.7767,-0.1211;18.5348,-0.1326;19.3007,-0.1453;20.0732,-0.1591;20.8516,-0.1728;21.6349,-0.1870;22.4217,-0.2021;23.2120,-0.2173;24.0061,-0.2357;24.8055,-0.2536;25.6109,-0.2697;26.4204,-0.2854;27.2275,-0.2997;28.0328,-0.3154;28.8394,-0.3301;29.6491,-0.3421;30.4619,-0.3528;31.2788,-0.3619;32.0988,-0.3688;32.9217,-0.3756;33.7478,-0.3817;34.5769,-0.3860;35.4100,-0.3895;36.2454,-0.3911;37.0828,-0.3915;37.9227,-0.3919;38.7641,-0.3910;39.6068,-0.3903;40.4508,-0.3904;41.2958,-0.3909;42.1420,-0.3926;42.9903,-0.3944;43.8409,-0.3969"
5cde5b3e-c171-41d6-9906-c10a2516601e,10100000,3073,17,5.009,Keep distance to the lead motorcycle since it is directly ahead in our lane,3.177,6.7767,"0.4981,-0.0001;1.0187,-0.0006;1.5624,-0.0013;2.1293,-0.0024;2.7197,-0.0038;3.3332,-0.0057;3.9686,-0.0081;4.6247,-0.0109;5.2998,-0.0141;5.9926,-0.0178;6.7026,-0.0219;7.4297,-0.0265;8.1739,-0.0316;8.9353,-0.0373;9.7135,-0.0436;10.5081,-0.0505;11.3188,-0.0582;12.1451,-0.0665;12.9864,-0.0757;13.8420,-0.0858;14.7107,-0.0969;15.5916,-0.1091;16.4846,-0.1225;17.3898,-0.1371;18.3073,-0.1529;19.2365,-0.1699;20.1758,-0.1880;21.1229,-0.2070;22.0754,-0.2267;23.0322,-0.2469;23.9932,-0.2674;24.9585,-0.2881;25.9281,-0.3088;26.9010,-0.3294;27.8761,-0.3497;28.8525,-0.3697;29.8298,-0.3893;30.8082,-0.4083;31.7880,-0.4268;32.7696,-0.4446;33.7530,-0.4618;34.7372,-0.4782;35.7209,-0.4940;36.7021,-0.5089;37.6796,-0.5231;38.6532,-0.5366;39.6241,-0.5494;40.5935,-0.5616;41.5625,-0.5733;42.5308,-0.5845;43.4972,-0.5952;44.4600,-0.6055;45.4178,-0.6154;46.3700,-0.6250;47.3166,-0.6343;48.2584,-0.6433;49.1959,-0.6522;50.1291,-0.6609;51.0573,-0.6695;51.9792,-0.6780;52.8934,-0.6864;53.7989,-0.6948;54.6950,-0.7031;55.5815,-0.7115",0,-1,0.0,SKIPPED,,,,"0.4808,-0.0006;0.9962,-0.0020;1.5297,-0.0029;2.0806,-0.0041;2.6477,-0.0056;3.2300,-0.0074;3.8278,-0.0095;4.4404,-0.0121;5.0670,-0.0150;5.7076,-0.0180;6.3619,-0.0208;7.0275,-0.0244;7.7020,-0.0286;8.3851,-0.0337;9.0766,-0.0391;9.7775,-0.0451;10.4883,-0.0511;11.2087,-0.0581;11.9384,-0.0654;12.6760,-0.0735;13.4201,-0.0820;14.1709,-0.0918;14.9291,-0.1022;15.6950,-0.1138;16.4675,-0.1264;17.2460,-0.1389;18.0292,-0.1519;18.8161,-0.1658;19.6064,-0.1798;20.4006,-0.1970;21.1999,-0.2136;22.0054,-0.2285;22.8149,-0.2430;23.6220,-0.2561;24.4274,-0.2705;25.2340,-0.2840;26.0437,-0.2948;26.8565,-0.3042;27.6734,-0.3121;28.4934,-0.3178;29.3163,-0.3233;30.1425,-0.3282;30.9716,-0.3312;31.8046,-0.3335;32.6401,-0.3337;33.4775,-0.3329;34.3173,-0.3321;35.1587,-0.3299;36.0014,-0.3279;36.8454,-0.3267;37.6904,-0.3259;38.5366,-0.3263;39.3849,-0.3268;40.2356,-0.3281;41.0882,-0.3306;41.9430,-0.3339;42.7997,-0.3388;43.6566,-0.3442;44.5132,-0.3506;45.3700,-0.3568;46.2276,-0.3620;47.0869,-0.3690;47.9484,-0.3759;48.8129,-0.3810"
5cde5b3e-c171-41d6-9906-c10a2516601e,11100000,3073,17,5.039,Keep distance to the lead motorcycle since it is directly ahead in our lane,0.3578,0.7716,"0.6549,-0.0001;1.3233,-0.0005;2.0043,-0.0011;2.6966,-0.0020;3.3992,-0.0032;4.1110,-0.0047;4.8313,-0.0066;5.5599,-0.0089;6.2962,-0.0115;7.0392,-0.0146;7.7878,-0.0181;8.5406,-0.0220;9.2969,-0.0263;10.0569,-0.0311;10.8207,-0.0364;11.5887,-0.0422;12.3608,-0.0484;13.1368,-0.0551;13.9167,-0.0622;14.7009,-0.0697;15.4904,-0.0777;16.2862,-0.0860;17.0891,-0.0947;17.8988,-0.1037;18.7143,-0.1131;19.5345,-0.1226;20.3590,-0.1324;21.1881,-0.1424;22.0227,-0.1525;22.8637,-0.1628;23.7114,-0.1731;24.5653,-0.1834;25.4244,-0.1937;26.2880,-0.2039;27.1554,-0.2139;28.0266,-0.2237;28.9016,-0.2332;29.7800,-0.2424;30.6614,-0.2513;31.5449,-0.2597;32.4297,-0.2676;33.3152,-0.2750;34.2011,-0.2820;35.0874,-0.2884;35.9742,-0.2942;36.8611,-0.2996;37.7479,-0.3043;38.6340,-0.3083;39.5193,-0.3118;40.4032,-0.3146;41.2858,-0.3168;42.1668,-0.3184;43.0462,-0.3195;43.9238,-0.3200;44.7996,-0.3200;45.6733,-0.3195;46.5448,-0.3187;47.4142,-0.3176;48.2815,-0.3162;49.1469,-0.3146;50.0105,-0.3130;50.8723,-0.3113;51.7318,-0.3097;52.5887,-0.3082",0,-1,0.0,SKIPPED,,,,"0.6343,-0.0008;1.2999,-0.0024;1.9745,-0.0045;2.6575,-0.0076;3.3490,-0.0109;4.0500,-0.0146;4.7608,-0.0185;5.4812,-0.0233;6.2109,-0.0284;6.9486,-0.0342;7.6928,-0.0405;8.4436,-0.0480;9.2017,-0.0561;9.9676,-0.0653;10.7403,-0.0755;11.5187,-0.0857;12.3020,-0.0963;13.0889,-0.1078;13.8793,-0.1193;14.6735,-0.1341;15.4729,-0.1483;16.2784,-0.1608;17.0879,-0.1728;17.8951,-0.1834;18.7005,-0.1954;19.5072,-0.2064;20.3169,-0.2147;21.1297,-0.2217;21.9466,-0.2271;22.7667,-0.2302;23.5895,-0.2333;24.4157,-0.2356;25.2448,-0.2361;26.0779,-0.2358;26.9134,-0.2335;27.7507,-0.2302;28.5906,-0.2267;29.4320,-0.2220;30.2746,-0.2174;31.1186,-0.2137;31.9637,-0.2103;32.8099,-0.2081;33.6581,-0.2060;34.5088,-0.2047;35.3614,-0.2046;36.2162,-0.2052;37.0729,-0.2076;37.9299,-0.2104;38.7865,-0.2141;39.6433,-0.2177;40.5009,-0.2203;41.3602,-0.2247;42.2217,-0.2289;43.0862,-0.2314;43.9507,-0.2361;44.8153,-0.2386;45.6794,-0.2392;46.5471,-0.2430;47.4219,-0.2468;48.3028,-0.2503;49.1865,-0.2518;50.0672,-0.2535;50.9433,-0.2569;51.8186,-0.2599"
5cde5b3e-c171-41d6-9906-c10a2516601e,12100000,3073,16,4.908,Keep distance to the lead motorcycle since it merges into our lane ahead,0.8564,2.7596,"0.7450,-0.0003;1.4963,-0.0012;2.2543,-0.0028;3.0197,-0.0049;3.7925,-0.0077;4.5721,-0.0110;5.3576,-0.0150;6.1481,-0.0195;6.9433,-0.0246;7.7432,-0.0303;8.5484,-0.0363;9.3591,-0.0428;10.1754,-0.0497;10.9968,-0.0569;11.8226,-0.0643;12.6525,-0.0720;13.4859,-0.0798;14.3227,-0.0878;15.1627,-0.0959;16.0061,-0.1040;16.8531,-0.1122;17.7038,-0.1204;18.5582,-0.1284;19.4159,-0.1363;20.2768,-0.1441;21.1408,-0.1515;22.0079,-0.1586;22.8782,-0.1654;23.7521,-0.1718;24.6295,-0.1778;25.5105,-0.1834;26.3947,-0.1884;27.2817,-0.1929;28.1714,-0.1969;29.0637,-0.2003;29.9591,-0.2031;30.8578,-0.2053;31.7601,-0.2068;32.6661,-0.2078;33.5756,-0.2081;34.4881,-0.2078;35.4036,-0.2069;36.3223,-0.2055;37.2444,-0.2037;38.1704,-0.2016;39.1003,-0.1992;40.0337,-0.1965;40.9703,-0.1938;41.9096,-0.1909;42.8513,-0.1880;43.7957,-0.1851;44.7431,-0.1822;45.6941,-0.1794;46.6486,-0.1767;47.6063,-0.1740;48.5664,-0.1714;49.5285,-0.1690;50.4924,-0.1667;51.4585,-0.1646;52.4274,-0.1626;53.3990,-0.1609;54.3727,-0.1593;55.3473,-0.1578;56.3219,-0.1565",0,-1,0.0,SKIPPED,,,,"0.7215,-0.0016;1.4724,-0.0044;2.2305,-0.0076;2.9965,-0.0121;3.7692,-0.0175;4.5477,-0.0227;5.3310,-0.0284;6.1180,-0.0350;6.9084,-0.0416;7.7027,-0.0514;8.5022,-0.0606;9.3077,-0.0679;10.1173,-0.0749;10.9246,-0.0804;11.7300,-0.0874;12.5367,-0.0933;13.3465,-0.0966;14.1594,-0.0984;14.9763,-0.0987;15.7963,-0.0967;16.6192,-0.0946;17.4454,-0.0917;18.2745,-0.0869;19.1075,-0.0815;19.9429,-0.0739;20.7803,-0.0653;21.6201,-0.0566;22.4614,-0.0466;23.3041,-0.0368;24.1480,-0.0277;24.9930,-0.0190;25.8392,-0.0115;26.6874,-0.0041;27.5381,0.0026;28.3907,0.0080;29.2455,0.0127;30.1021,0.0158;30.9591,0.0184;31.8157,0.0200;32.6725,0.0217;33.5301,0.0246;34.3895,0.0256;35.2510,0.0268;36.1154,0.0297;36.9799,0.0304;37.8446,0.0334;38.7086,0.0381;39.5764,0.0398;40.4512,0.0415;41.3321,0.0436;42.2158,0.0476;43.0964,0.0514;43.9725,0.0535;44.8479,0.0560;45.7240,0.0588;46.6006,0.0625;47.4763,0.0668;48.3508,0.0700;49.2235,0.0722;50.0954,0.0761;50.9660,0.0807;51.8361,0.0851;52.7056,0.0893;53.5736,0.0933"
5cde5b3e-c171-41d6-9906-c10a2516601e,13100000,3073,13,4.563,Yield due to the scooter ahead in our lane,0.7539,2.2746,"0.7987,-0.0002;1.6022,-0.0007;2.4092,-0.0015;3.2191,-0.0024;4.0314,-0.0036;4.8458,-0.0048;5.6625,-0.0062;6.4813,-0.0077;7.3025,-0.0092;8.1261,-0.0107;8.9519,-0.0122;9.7803,-0.0136;10.6112,-0.0150;11.4451,-0.0163;12.2821,-0.0175;13.1227,-0.0186;13.9670,-0.0197;14.8151,-0.0206;15.6668,-0.0214;16.5219,-0.0221;17.3802,-0.0227;18.2422,-0.0232;19.1082,-0.0237;19.9790,-0.0241;20.8545,-0.0243;21.7344,-0.0244;22.6181,-0.0242;23.5049,-0.0238;24.3944,-0.0231;25.2862,-0.0220;26.1805,-0.0206;27.0771,-0.0187;27.9761,-0.0164;28.8774,-0.0136;29.7810,-0.0105;30.6870,-0.0069;31.5958,-0.0031;32.5081,0.0011;33.4241,0.0055;34.3438,0.0101;35.2669,0.0150;36.1926,0.0200;37.1204,0.0252;38.0500,0.0305;38.9816,0.0359;39.9152,0.0414;40.8505,0.0471;41.7873,0.0528;42.7250,0.0587;43.6633,0.0646;44.6019,0.0706;45.5407,0.0767;46.4795,0.0828;47.4181,0.0890;48.3560,0.0953;49.2927,0.1015;50.2279,0.1078;51.1613,0.1140;52.0931,0.1201;53.0236,0.1261;53.9530,0.1321;54.8815,0.1381;55.8089,0.1440;56.7351,0.1500",0,-1,0.0,SKIPPED,,,,"0.7755,-0.0028;1.5811,-0.0039;2.3907,-0.0046;3.1980,-0.0038;4.0034,-0.0045;4.8102,-0.0042;5.6199,-0.0011;6.4328,0.0034;7.2497,0.0095;8.0697,0.0178;8.8925,0.0264;9.7187,0.0356;10.5477,0.0469;11.3807,0.0588;12.2160,0.0729;13.0533,0.0880;13.8930,0.1032;14.7342,0.1198;15.5767,0.1362;16.4206,0.1518;17.2655,0.1671;18.1116,0.1812;18.9597,0.1952;19.8103,0.2085;20.6628,0.2206;21.5176,0.2319;22.3742,0.2416;23.2311,0.2509;24.0877,0.2592;24.9445,0.2676;25.8020,0.2771;26.6613,0.2848;27.5228,0.2927;28.3872,0.3023;29.2517,0.3098;30.1163,0.3195;30.9803,0.3310;31.8480,0.3394;32.7227,0.3479;33.6036,0.3568;34.4872,0.3677;35.3678,0.3785;36.2439,0.3874;37.1192,0.3967;37.9953,0.4063;38.8718,0.4168;39.7475,0.4279;40.6219,0.4379;41.4946,0.4469;42.3664,0.4576;43.2369,0.4690;44.1070,0.4801;44.9764,0.4911;45.8444,0.5019;46.7117,0.5130;47.5787,0.5247;48.4458,0.5359;49.3134,0.5471;50.1814,0.5584;51.0489,0.5698;51.9146,0.5817;52.7793,0.5926;53.6436,0.6038;54.5086,0.6152"
5cde5b3e-c171-41d6-9906-c10a2516601e,14100000,3073,16,4.916,Yield due to the car turning across our path at the intersection,1.012,2.9508,"0.8236,0.0004;1.6504,0.0017;2.4806,0.0037;3.3141,0.0063;4.1511,0.0092;4.9918,0.0125;5.8363,0.0159;6.6848,0.0194;7.5370,0.0228;8.3928,0.0262;9.2518,0.0294;10.1138,0.0323;10.9786,0.0348;11.8463,0.0371;12.7172,0.0390;13.5913,0.0405;14.4684,0.0415;15.3483,0.0421;16.2304,0.0422;17.1143,0.0418;18.0000,0.0409;18.8874,0.0396;19.7767,0.0379;20.6683,0.0358;21.5631,0.0334;22.4621,0.0306;23.3663,0.0276;24.2758,0.0245;25.1896,0.0214;26.1061,0.0183;27.0243,0.0153;27.9441,0.0123;28.8659,0.0095;29.7903,0.0067;30.7173,0.0040;31.6466,0.0014;32.5779,-0.0013;33.5110,-0.0039;34.4462,-0.0066;35.3836,-0.0093;36.3234,-0.0122;37.2654,-0.0153;38.2093,-0.0186;39.1548,-0.0221;40.1015,-0.0258;41.0490,-0.0296;41.9968,-0.0335;42.9447,-0.0374;43.8924,-0.0413;44.8397,-0.0451;45.7866,-0.0487;46.7328,-0.0522;47.6781,-0.0555;48.6223,-0.0585;49.5654,-0.0611;50.5076,-0.0635;51.4489,-0.0655;52.3894,-0.0673;53.3290,-0.0687;54.2676,-0.0698;55.2051,-0.0707;56.1411,-0.0712;57.0755,-0.0714;58.0080,-0.0714",0,-1,0.0,SKIPPED,,,,"0.7980,-0.0007;1.6242,-0.0007;2.4533,0.0012;3.2863,0.0038;4.1218,0.0085;4.9591,0.0142;5.7990,0.0200;6.6403,0.0272;7.4830,0.0341;8.3270,0.0403;9.1720,0.0460;10.0182,0.0506;10.8664,0.0551;11.7171,0.0589;12.5697,0.0614;13.4245,0.0631;14.2812,0.0632;15.1382,0.0629;15.9948,0.0615;16.8516,0.0604;17.7092,0.0603;18.5686,0.0583;19.4301,0.0565;20.2945,0.0565;21.1590,0.0542;22.0237,0.0542;22.8877,0.0560;23.7555,0.0547;24.6303,0.0534;25.5112,0.0524;26.3949,0.0534;27.2756,0.0542;28.1517,0.0533;29.0270,0.0528;29.9032,0.0525;30.7797,0.0532;31.6555,0.0545;32.5300,0.0547;33.4027,0.0539;34.2746,0.0548;35.1452,0.0564;36.0153,0.0578;36.8848,0.0590;37.7528,0.0601;38.6202,0.0614;39.4873,0.0634;40.3544,0.0649;41.2221,0.0663;42.0902,0.0679;42.9578,0.0696;43.8236,0.0717;44.6884,0.0729;45.5528,0.0744;46.4177,0.0761;47.2831,0.0785;48.1483,0.0810;49.0132,0.0826;49.8772,0.0848;50.7406,0.0876;51.6033,0.0906;52.4660,0.0942;53.3299,0.0972;54.1956,0.1010;55.0624,0.1048"
5cde5b3e-c171-41d6-9906-c10a2516601e,15100000,3073,11,4.305,Slow down due to the school zone ahead,0.7876,1.3217,"0.8453,-0.0003;1.6914,-0.0011;2.5380,-0.0025;3.3846,-0.0043;4.2309,-0.0065;5.0764,-0.0090;5.9205,-0.0118;6.7630,-0.0147;7.6035,-0.0178;8.4421,-0.0209;9.2791,-0.0241;10.1145,-0.0273;10.9482,-0.0305;11.7793,-0.0337;12.6072,-0.0370;13.4320,-0.0404;14.2548,-0.0439;15.0777,-0.0476;15.9023,-0.0516;16.7292,-0.0560;17.5571,-0.0607;18.3839,-0.0657;19.2079,-0.0710;20.0289,-0.0767;20.8478,-0.0827;21.6664,-0.0891;22.4867,-0.0959;23.3101,-0.1030;24.1377,-0.1106;24.9698,-0.1184;25.8066,-0.1266;26.6482,-0.1351;27.4941,-0.1439;28.3439,-0.1529;29.1967,-0.1622;30.0516,-0.1718;30.9074,-0.1815;31.7635,-0.1913;32.6194,-0.2013;33.4749,-0.2114;34.3299,-0.2216;35.1848,-0.2319;36.0394,-0.2422;36.8940,-0.2525;37.7486,-0.2628;38.6033,-0.2731;39.4583,-0.2834;40.3135,-0.2936;41.1692,-0.3039;42.0252,-0.3141;42.8817,-0.3243;43.7388,-0.3345;44.5964,-0.3447;45.4544,-0.3547;46.3127,-0.3646;47.1713,-0.3743;48.0303,-0.3837;48.8901,-0.3927;49.7509,-0.4012;50.6132,-0.4091;51.4769,-0.4164;52.3418,-0.4230;53.2076,-0.4290;54.0738,-0.4342",0,-1,0.0,SKIPPED,,,,"0.8190,-0.0007;1.6652,-0.0025;2.5134,-0.0045;3.3641,-0.0072;4.2167,-0.0111;5.0715,-0.0159;5.9282,-0.0224;6.7851,-0.0292;7.6417,-0.0371;8.4985,-0.0448;9.3561,-0.0514;10.2154,-0.0599;11.0768,-0.0682;11.9413,-0.0749;12.8057,-0.0837;13.6704,-0.0903;14.5344,-0.0951;15.4021,-0.1030;16.2769,-0.1110;17.1578,-0.1186;18.0414,-0.1244;18.9221,-0.1302;19.7982,-0.1379;20.6735,-0.1450;21.5496,-0.1519;22.4261,-0.1579;23.3019,-0.1633;24.1763,-0.1698;25.0491,-0.1772;25.9209,-0.1829;26.7915,-0.1879;27.6616,-0.1932;28.5311,-0.1986;29.3991,-0.2041;30.2664,-0.2094;31.1335,-0.2140;32.0007,-0.2191;32.8683,-0.2243;33.7364,-0.2293;34.6039,-0.2343;35.4698,-0.2387;36.3345,-0.2441;37.1989,-0.2492;38.0639,-0.2540;38.9292,-0.2583;39.7944,-0.2624;40.6593,-0.2674;41.5233,-0.2717;42.3867,-0.2755;43.2494,-0.2790;44.1120,-0.2820;44.9760,-0.2856;45.8417,-0.2883;46.7085,-0.2912;47.5757,-0.2940;48.4426,-0.2969;49.3094,-0.3006;50.1768,-0.3036;51.0448,-0.3073;51.9131,-0.3108;52.7816,-0.3143;53.6504,-0.3180;54.5201,-0.3216;55.3910,-0.3261"
5cde5b3e-c171-41d6-9906-c10a2516601e,16100000,3073,10,4.215,Accelerate due to clear lane ahead,0.1628,0.0995,"0.8581,-0.0001;1.7187,-0.0003;2.5815,-0.0006;3.4463,-0.0010;4.3129,-0.0013;5.1817,-0.0016;6.0532,-0.0019;6.9277,-0.0020;7.8051,-0.0021;8.6844,-0.0019;9.5644,-0.0016;10.4443,-0.0012;11.3240,-0.0006;12.2040,0.0001;13.0845,0.0009;13.9652,0.0017;14.8453,0.0026;15.7244,0.0037;16.6025,0.0048;17.4803,0.0060;18.3584,0.0072;19.2371,0.0085;20.1165,0.0098;20.9963,0.0111;21.8761,0.0124;22.7556,0.0137;23.6349,0.0149;24.5141,0.0161;25.3933,0.0173;26.2724,0.0185;27.1514,0.0197;28.0301,0.0209;28.9083,0.0220;29.7858,0.0231;30.6626,0.0241;31.5385,0.0252;32.4133,0.0261;33.2869,0.0271;34.1593,0.0281;35.0302,0.0290;35.8997,0.0299;36.7679,0.0309;37.6350,0.0319;38.5010,0.0330;39.3658,0.0341;40.2294,0.0354;41.0918,0.0367;41.9528,0.0381;42.8125,0.0397;43.6709,0.0414;44.5279,0.0431;45.3835,0.0450;46.2375,0.0470;47.0901,0.0491;47.9413,0.0514;48.7911,0.0537;49.6395,0.0562;50.4865,0.0587;51.3322,0.0613;52.1765,0.0639;53.0197,0.0667;53.8617,0.0695;54.7027,0.0725;55.5427,0.0755",0,-1,0.0,SKIPPED,,,,"0.8313,0.0007;1.6906,-0.0005;2.5522,-0.0015;3.4166,-0.0008;4.2811,-0.0023;5.1458,-0.0015;6.0098,0.0011;6.8775,0.0005;7.7524,0.0000;8.6333,-0.0001;9.5170,0.0016;10.3976,0.0033;11.2737,0.0031;12.1491,0.0034;13.0253,0.0040;13.9018,0.0054;14.7776,0.0075;15.6520,0.0085;16.5248,0.0085;17.3967,0.0102;18.2672,0.0126;19.1374,0.0147;20.0068,0.0168;20.8749,0.0186;21.7422,0.0207;22.6093,0.0235;23.4765,0.0258;24.3442,0.0280;25.2123,0.0303;26.0798,0.0328;26.9457,0.0357;27.8104,0.0377;28.6748,0.0400;29.5398,0.0424;30.4051,0.0456;31.2703,0.0489;32.1352,0.0512;32.9992,0.0543;33.8627,0.0578;34.7253,0.0616;35.5880,0.0660;36.4519,0.0697;37.3176,0.0744;38.1844,0.0789;39.0516,0.0835;39.9185,0.0880;40.7853,0.0916;41.6527,0.0960;42.5207,0.0997;43.3890,0.1036;44.2574,0.1075;45.1263,0.1112;45.9960,0.1150;46.8669,0.1179;47.7392,0.1211;48.6122,0.1239;49.4856,0.1265;50.3593,0.1289;51.2333,0.1312;52.1078,0.1340;52.9835,0.1367;53.8603,0.1394;54.7379,0.1418;55.6152,0.1437"
5cde5b3e-c171-41d6-9906-c10a2516601e,17100000,3073,17,5.042,Yield due to an oncoming motorcycle encroaching into our lane,0.5817,1.0614,"0.8851,0.0002;1.7654,0.0007;2.6435,0.0014;3.5217,0.0023;4.4022,0.0032;5.2856,0.0042;6.1712,0.0049;7.0573,0.0055;7.9430,0.0060;8.8279,0.0064;9.7126,0.0067;10.5978,0.0068;11.4840,0.0068;12.3708,0.0067;13.2579,0.0066;14.1450,0.0064;15.0321,0.0061;15.9192,0.0057;16.8064,0.0054;17.6937,0.0051;18.5811,0.0048;19.4686,0.0045;20.3565,0.0043;21.2447,0.0042;22.1334,0.0041;23.0228,0.0041;23.9126,0.0041;24.8030,0.0043;25.6938,0.0046;26.5850,0.0049;27.4765,0.0054;28.3686,0.0059;29.2611,0.0065;30.1544,0.0072;31.0483,0.0080;31.9428,0.0089;32.8376,0.0099;33.7325,0.0109;34.6272,0.0120;35.5216,0.0131;36.4158,0.0142;37.3099,0.0154;38.2043,0.0165;39.0989,0.0177;39.9937,0.0187;40.8880,0.0197;41.7817,0.0206;42.6746,0.0214;43.5668,0.0220;44.4581,0.0225;45.3485,0.0229;46.2375,0.0233;47.1248,0.0239;48.0103,0.0246;48.8941,0.0257;49.7766,0.0271;50.6579,0.0290;51.5378,0.0316;52.4163,0.0349;53.2934,0.0390;54.1690,0.0438;55.0434,0.0494;55.9168,0.0558;56.7894,0.0628",0,-1,0.0,SKIPPED,,,,"0.8567,-0.0004;1.7374,-0.0009;2.6135,-0.0032;3.4888,-0.0051;4.3650,-0.0067;5.2415,-0.0074;6.1173,-0.0075;6.9918,-0.0087;7.8645,-0.0109;8.7364,-0.0113;9.6069,-0.0111;10.4771,-0.0111;11.3466,-0.0112;12.2146,-0.0115;13.0820,-0.0115;13.9490,-0.0109;14.8162,-0.0108;15.6839,-0.0107;16.5520,-0.0105;17.4196,-0.0102;18.2854,-0.0094;19.1502,-0.0095;20.0146,-0.0094;20.8795,-0.0091;21.7449,-0.0081;22.6101,-0.0069;23.4750,-0.0067;24.3390,-0.0058;25.2025,-0.0044;26.0651,-0.0027;26.9278,-0.0005;27.7917,0.0011;28.6574,0.0036;29.5243,0.0060;30.3914,0.0084;31.2583,0.0108;32.1251,0.0123;32.9926,0.0145;33.8606,0.0161;34.7289,0.0178;35.5973,0.0196;36.4662,0.0212;37.3358,0.0228;38.2068,0.0236;39.0791,0.0246;39.9521,0.0253;40.8255,0.0257;41.6992,0.0259;42.5732,0.0260;43.4478,0.0266;44.3234,0.0272;45.2002,0.0278;46.0778,0.0280;46.9551,0.0277;47.8313,0.0276;48.7063,0.0279;49.5829,0.0280;50.4604,0.0287;51.3380,0.0295;52.2151,0.0301;53.0921,0.0310;53.9700,0.0316;54.8492,0.0321;55.7284,0.0329"
5cde5b3e-c171-41d6-9906-c10a2516601e,18100000,3073,12,4.454,Slow down due to the oncoming vehicle ahead,1.0799,2.5554,"0.8703,-0.0001;1.7382,-0.0004;2.6036,-0.0008;3.4668,-0.0016;4.3282,-0.0025;5.1879,-0.0038;6.0458,-0.0054;6.9014,-0.0072;7.7544,-0.0094;8.6044,-0.0117;9.4514,-0.0144;10.2954,-0.0172;11.1367,-0.0201;11.9755,-0.0232;12.8120,-0.0264;13.6462,-0.0296;14.4779,-0.0328;15.3071,-0.0359;16.1337,-0.0389;16.9579,-0.0418;17.7801,-0.0446;18.6006,-0.0472;19.4193,-0.0496;20.2365,-0.0518;21.0518,-0.0538;21.8655,-0.0554;22.6780,-0.0568;23.4897,-0.0579;24.3013,-0.0586;25.1131,-0.0590;25.9254,-0.0591;26.7381,-0.0587;27.5513,-0.0580;28.3651,-0.0569;29.1796,-0.0554;29.9949,-0.0536;30.8111,-0.0515;31.6282,-0.0491;32.4463,-0.0464;33.2652,-0.0434;34.0849,-0.0402;34.9053,-0.0367;35.7264,-0.0331;36.5485,-0.0292;37.3716,-0.0252;38.1958,-0.0210;39.0211,-0.0167;39.8473,-0.0123;40.6744,-0.0078;41.5024,-0.0034;42.3316,0.0010;43.1620,0.0053;43.9937,0.0095;44.8266,0.0135;45.6606,0.0172;46.4956,0.0207;47.3316,0.0239;48.1688,0.0269;49.0077,0.0296;49.8485,0.0320;50.6913,0.0341;51.5353,0.0361;52.3795,0.0377;53.2223,0.0393",0,-1,0.0,SKIPPED,,,,"0.8439,-0.0008;1.7141,-0.0020;2.5835,-0.0032;3.4516,-0.0046;4.3189,-0.0057;5.1860,-0.0062;6.0532,-0.0072;6.9209,-0.0082;7.7890,-0.0091;8.6565,-0.0099;9.5224,-0.0102;10.3871,-0.0114;11.2515,-0.0124;12.1165,-0.0132;12.9818,-0.0132;13.8471,-0.0132;14.7120,-0.0141;15.5759,-0.0143;16.4394,-0.0140;17.3021,-0.0134;18.1647,-0.0123;19.0287,-0.0117;19.8944,-0.0103;20.7612,-0.0091;21.6284,-0.0077;22.4953,-0.0065;23.3621,-0.0060;24.2295,-0.0049;25.0976,-0.0045;25.9658,-0.0039;26.8343,-0.0032;27.7032,-0.0027;28.5728,-0.0022;29.4438,-0.0025;30.3161,-0.0026;31.1891,-0.0030;32.0625,-0.0037;32.9362,-0.0046;33.8102,-0.0056;34.6847,-0.0061;35.5604,-0.0066;36.4372,-0.0072;37.3148,-0.0081;38.1921,-0.0095;39.0682,-0.0107;39.9433,-0.0115;40.8199,-0.0125;41.6974,-0.0129;42.5750,-0.0132;43.4521,-0.0137;44.3291,-0.0140;45.2070,-0.0145;46.0862,-0.0151;46.9654,-0.0154;47.8441,-0.0156;48.7225,-0.0160;49.6008,-0.0165;50.4806,-0.0169;51.3627,-0.0171;52.2454,-0.0172;53.1281,-0.0179;54.0106,-0.0193;54.8934,-0.0209;55.7770,-0.0220"
5cde5b3e-c171-41d6-9906-c10a2516601e,19100000,3073,15,4.794,Yield due to a pedestrian walking across the crosswalk ahead,0.5012,1.5515,"0.8665,-0.0000;1.7311,-0.0002;2.5942,-0.0004;3.4563,-0.0007;4.3177,-0.0011;5.1783,-0.0015;6.0383,-0.0021;6.8975,-0.0027;7.7560,-0.0034;8.6139,-0.0041;9.4713,-0.0049;10.3283,-0.0055;11.1849,-0.0061;12.0411,-0.0066;12.8969,-0.0069;13.7523,-0.0072;14.6073,-0.0073;15.4616,-0.0074;16.3153,-0.0073;17.1683,-0.0071;18.0207,-0.0069;18.8725,-0.0066;19.7239,-0.0062;20.5750,-0.0058;21.4258,-0.0054;22.2764,-0.0050;23.1270,-0.0047;23.9776,-0.0044;24.8283,-0.0042;25.6791,-0.0041;26.5301,-0.0042;27.3811,-0.0043;28.2324,-0.0046;29.0838,-0.0050;29.9350,-0.0055;30.7860,-0.0061;31.6365,-0.0067;32.4867,-0.0075;33.3369,-0.0083;34.1874,-0.0091;35.0381,-0.0101;35.8888,-0.0111;36.7392,-0.0122;37.5889,-0.0133;38.4377,-0.0144;39.2854,-0.0156;40.1322,-0.0168;40.9780,-0.0181;41.8233,-0.0196;42.6681,-0.0211;43.5127,-0.0229;44.3570,-0.0248;45.2006,-0.0270;46.0431,-0.0294;46.8842,-0.0321;47.7236,-0.0352;48.5615,-0.0386;49.3983,-0.0425;50.2342,-0.0467;51.0697,-0.0513;51.9043,-0.0563;52.7374,-0.0616;53.5679,-0.0671;54.3947,-0.0729",0,-1,0.0,SKIPPED,,,,"0.8383,-0.0007;1.7031,-0.0024;2.5675,-0.0038;3.4325,-0.0050;4.2978,-0.0055;5.1630,-0.0059;6.0280,-0.0072;6.8919,-0.0079;7.7554,-0.0080;8.6180,-0.0078;9.4807,-0.0072;10.3447,-0.0071;11.2103,-0.0061;12.0772,-0.0053;12.9444,-0.0044;13.8113,-0.0035;14.6781,-0.0036;15.5455,-0.0029;16.4136,-0.0029;17.2818,-0.0027;18.1503,-0.0025;19.0192,-0.0024;19.8888,-0.0024;20.7598,-0.0031;21.6321,-0.0037;22.5051,-0.0045;23.3785,-0.0057;24.2522,-0.0070;25.1262,-0.0084;26.0007,-0.0094;26.8763,-0.0103;27.7532,-0.0113;28.6308,-0.0127;29.5081,-0.0145;30.3842,-0.0162;31.2592,-0.0174;32.1358,-0.0189;33.0134,-0.0197;33.8910,-0.0205;34.7681,-0.0214;35.6451,-0.0221;36.5229,-0.0231;37.4021,-0.0241;38.2813,-0.0249;39.1601,-0.0256;40.0384,-0.0264;40.9167,-0.0273;41.7965,-0.0282;42.6787,-0.0288;43.5614,-0.0293;44.4440,-0.0305;45.3265,-0.0323;46.2094,-0.0343;47.0929,-0.0360;47.9775,-0.0367;48.8619,-0.0389;49.7460,-0.0411;50.6302,-0.0419;51.5152,-0.0424;52.4015,-0.0436;53.2879,-0.0448;54.1745,-0.0445;55.0606,-0.0433;55.9459,-0.0423"
682fed39-be2a-4949-8d04-21529678ffca,5100000,3073,16,4.908,Nudge to the left to pass the stopped truck blocking the lane,4.171,13.3787,"0.7040,0.0001;1.3858,0.0005;2.0470,0.0014;2.6898,0.0029;3.3174,0.0055;3.9334,0.0093;4.5406,0.0147;5.1409,0.0218;5.7350,0.0307;6.3231,0.0415;6.9048,0.0542;7.4797,0.0686;8.0479,0.0848;8.6097,0.1025;9.1660,0.1215;9.7174,0.1417;10.2640,0.1628;10.8053,0.1846;11.3409,0.2066;11.8707,0.2286;12.3956,0.2505;12.9162,0.2720;13.4331,0.2928;13.9463,0.3129;14.4556,0.3319;14.9612,0.3498;15.4636,0.3665;15.9637,0.3818;16.4624,0.3957;16.9604,0.4080;17.4582,0.4188;17.9561,0.4279;18.4543,0.4352;18.9530,0.4409;19.4522,0.4447;19.9517,0.4468;20.4516,0.4471;20.9518,0.4456;21.4524,0.4426;21.9538,0.4379;22.4558,0.4317;22.9586,0.4242;23.4616,0.4154;23.9645,0.4055;24.4670,0.3946;24.9688,0.3831;25.4696,0.3710;25.9694,0.3585;26.4677,0.3460;26.9644,0.3336;27.4591,0.3217;27.9518,0.3103;28.4426,0.2999;28.9314,0.2907;29.4188,0.2831;29.9053,0.2771;30.3915,0.2730;30.8783,0.2708;31.3662,0.2707;31.8560,0.2724;32.3481,0.2758;32.8433,0.2806;33.3419,0.2868;33.8448,0.2940",0,-1,0.0,SKIPPED,,,,"0.6358,-0.0018;1.3160,-0.0027;1.9725,-0.0027;2.6061,-0.0033;3.2222,-0.0029;3.8228,-0.0016;4.4069,-0.0002;4.9769,0.0017;5.5359,0.0053;6.0837,0.0100;6.6194,0.0142;7.1449,0.0239;7.6606,0.0341;8.1678,0.0464;8.6683,0.0608;9.1625,0.0786;9.6494,0.0997;10.1299,0.1231;10.6039,0.1468;11.0684,0.1747;11.5233,0.2017;11.9679,0.2300;12.4021,0.2596;12.8256,0.2883;13.2367,0.3179;13.6344,0.3476;14.0177,0.3764;14.3865,0.4048;14.7405,0.4324;15.0798,0.4593;15.4041,0.4853;15.7136,0.5114;16.0071,0.5357;16.2843,0.5583;16.5450,0.5803;16.7912,0.6004;17.0227,0.6194;17.2396,0.6364;17.4411,0.6522;17.6281,0.6666;17.7998,0.6798;17.9575,0.6916;18.1011,0.7022;18.2311,0.7116;18.3515,0.7201;18.4672,0.7282;18.5800,0.7359;18.6902,0.7432;18.7987,0.7502;18.9073,0.7570;19.0165,0.7637;19.1260,0.7702;19.2352,0.7763;19.3443,0.7823;19.4537,0.7880;19.5634,0.7935;19.6741,0.7988;19.7855,0.8038;19.8977,0.8087;20.0107,0.8132;20.1244,0.8174;20.2396,0.8213;20.3571,0.8250;20.4768,0.8283"
682fed39-be2a-4949-8d04-21529678ffca,6100000,3073,20,5.377,Nudge to the left to clear the stopped truck blocking the right side of our lane,1.512,2.7069,"0.5360,0.0007;1.0570,0.0026;1.5622,0.0059;2.0512,0.0104;2.5240,0.0161;2.9810,0.0228;3.4225,0.0304;3.8482,0.0389;4.2575,0.0480;4.6502,0.0576;5.0266,0.0675;5.3876,0.0776;5.7341,0.0878;6.0670,0.0981;6.3865,0.1084;6.6928,0.1186;6.9861,0.1287;7.2664,0.1386;7.5336,0.1483;7.7877,0.1577;8.0287,0.1668;8.2574,0.1756;8.4753,0.1841;8.6845,0.1924;8.8865,0.2005;9.0823,0.2084;9.2719,0.2162;9.4550,0.2237;9.6308,0.2311;9.7989,0.2381;9.9589,0.2449;10.1105,0.2513;10.2540,0.2575;10.3892,0.2633;10.5165,0.2688;10.6359,0.2740;10.7477,0.2789;10.8521,0.2834;10.9493,0.2877;11.0399,0.2917;11.1246,0.2954;11.2043,0.2989;11.2801,0.3022;11.3526,0.3054;11.4225,0.3085;11.4898,0.3115;11.5547,0.3144;11.6173,0.3172;11.6782,0.3199;11.7379,0.3226;11.7973,0.3252;11.8572,0.3280;11.9182,0.3308;11.9808,0.3338;12.0455,0.3369;12.1133,0.3402;12.1855,0.3439;12.2644,0.3481;12.3529,0.3530;12.4543,0.3590;12.5716,0.3665;12.7073,0.3758;12.8629,0.3877;13.0399,0.4026",0,-1,0.0,SKIPPED,,,,"0.4845,-0.0020;1.0100,0.0014;1.5258,0.0055;2.0331,0.0119;2.5338,0.0204;3.0282,0.0323;3.5153,0.0476;3.9960,0.0654;4.4702,0.0835;4.9351,0.1059;5.3902,0.1275;5.8351,0.1506;6.2697,0.1751;6.6935,0.1988;7.1049,0.2235;7.5030,0.2485;7.8865,0.2728;8.2556,0.2968;8.6100,0.3202;8.9495,0.3431;9.2741,0.3653;9.5839,0.3877;9.8777,0.4086;10.1551,0.4279;10.4161,0.4468;10.6625,0.4640;10.8941,0.4802;11.1113,0.4947;11.3129,0.5081;11.5001,0.5204;11.6719,0.5315;11.8297,0.5414;11.9735,0.5503;12.1036,0.5582;12.2241,0.5653;12.3399,0.5720;12.4527,0.5784;12.5630,0.5844;12.6716,0.5901;12.7803,0.5956;12.8896,0.6010;12.9991,0.6062;13.1083,0.6111;13.2175,0.6157;13.3270,0.6201;13.4367,0.6243;13.5475,0.6283;13.6589,0.6321;13.7712,0.6356;13.8843,0.6387;13.9980,0.6416;14.1133,0.6442;14.2308,0.6465;14.3505,0.6484;14.4728,0.6500;14.5983,0.6512;14.7277,0.6519;14.8611,0.6522;14.9989,0.6520;15.1408,0.6513;15.2857,0.6500;15.4335,0.6480;15.5839,0.6455;15.7362,0.6424"
682fed39-be2a-4949-8d04-21529678ffca,7100000,3073,17,5.034,Yield due to a person standing in our lane beside a truck ahead,4.1846,5.4387,"0.4581,0.0009;0.9106,0.0033;1.3579,0.0071;1.8002,0.0121;2.2375,0.0179;2.6696,0.0242;3.0968,0.0308;3.5193,0.0373;3.9378,0.0430;4.3528,0.0475;4.7653,0.0499;5.1766,0.0497;5.5888,0.0461;6.0042,0.0387;6.4249,0.0269;6.8519,0.0103;7.2850,-0.0114;7.7233,-0.0381;8.1656,-0.0698;8.6104,-0.1062;9.0562,-0.1469;9.5013,-0.1914;9.9431,-0.2390;10.3787,-0.2886;10.8051,-0.3393;11.2199,-0.3902;11.6211,-0.4405;12.0078,-0.4897;12.3795,-0.5372;12.7364,-0.5830;13.0787,-0.6268;13.4065,-0.6686;13.7200,-0.7082;14.0196,-0.7458;14.3054,-0.7811;14.5775,-0.8143;14.8363,-0.8451;15.0820,-0.8737;15.3148,-0.8999;15.5350,-0.9238;15.7427,-0.9455;15.9380,-0.9649;16.1211,-0.9823;16.2919,-0.9976;16.4506,-1.0111;16.5976,-1.0229;16.7333,-1.0332;16.8581,-1.0422;16.9721,-1.0499;17.0756,-1.0566;17.1684,-1.0623;17.2506,-1.0672;17.3224,-1.0712;17.3843,-1.0746;17.4368,-1.0774;17.4805,-1.0796;17.5162,-1.0814;17.5451,-1.0829;17.5684,-1.0840;17.5875,-1.0849;17.6035,-1.0857;17.6172,-1.0863;17.6292,-1.0869;17.6397,-1.0874",0,-1,0.0,SKIPPED,,,,"0.4119,-0.0011;0.8574,-0.0003;1.2927,0.0025;1.7171,0.0051;2.1293,0.0092;2.5281,0.0143;2.9124,0.0195;3.2822,0.0251;3.6373,0.0308;3.9775,0.0368;4.3028,0.0427;4.6134,0.0496;4.9078,0.0559;5.1859,0.0613;5.4475,0.0672;5.6944,0.0721;5.9266,0.0767;6.1442,0.0804;6.3463,0.0837;6.5338,0.0866;6.7060,0.0892;6.8641,0.0912;7.0081,0.0929;7.1384,0.0943;7.2591,0.0954;7.3751,0.0963;7.4881,0.0971;7.5986,0.0975;7.7073,0.0978;7.8162,0.0980;7.9256,0.0979;8.0352,0.0976;8.1446,0.0970;8.2538,0.0962;8.3634,0.0952;8.4732,0.0939;8.5840,0.0924;8.6955,0.0906;8.8078,0.0884;8.9209,0.0860;9.0346,0.0832;9.1499,0.0800;9.2674,0.0764;9.3870,0.0724;9.5093,0.0679;9.6346,0.0628;9.7639,0.0571;9.8972,0.0507;10.0348,0.0437;10.1765,0.0358;10.3212,0.0273;10.4687,0.0180;10.6187,0.0080;10.7707,-0.0027;10.9238,-0.0140;11.0781,-0.0261;11.2327,-0.0387;11.3871,-0.0518;11.5412,-0.0654;11.6945,-0.0794;11.8464,-0.0938;11.9958,-0.1085;12.1421,-0.1233;12.2844,-0.1383"
682fed39-be2a-4949-8d04-21529678ffca,8100000,3073,13,4.576,Yield to the placement rider in our lane ahead,4.8981,8.2943,"0.3307,0.0003;0.6573,0.0012;0.9807,0.0026;1.3012,0.0045;1.6190,0.0069;1.9343,0.0097;2.2476,0.0127;2.5596,0.0159;2.8715,0.0191;3.1850,0.0221;3.5016,0.0246;3.8229,0.0262;4.1496,0.0268;4.4822,0.0257;4.8211,0.0228;5.1663,0.0175;5.5175,0.0096;5.8740,-0.0011;6.2345,-0.0148;6.5974,-0.0315;6.9609,-0.0509;7.3238,-0.0729;7.6855,-0.0972;8.0454,-0.1236;8.4032,-0.1516;8.7584,-0.1811;9.1108,-0.2115;9.4602,-0.2427;9.8068,-0.2744;10.1506,-0.3065;10.4920,-0.3386;10.8308,-0.3708;11.1669,-0.4029;11.4994,-0.4348;11.8270,-0.4663;12.1478,-0.4972;12.4598,-0.5273;12.7611,-0.5563;13.0502,-0.5842;13.3258,-0.6108;13.5869,-0.6360;13.8328,-0.6597;14.0636,-0.6820;14.2802,-0.7029;14.4846,-0.7225;14.6798,-0.7414;14.8692,-0.7596;15.0550,-0.7775;15.2383,-0.7951;15.4195,-0.8125;15.5988,-0.8298;15.7762,-0.8468;15.9518,-0.8636;16.1257,-0.8803;16.2977,-0.8968;16.4678,-0.9130;16.6359,-0.9290;16.8017,-0.9449;16.9651,-0.9604;17.1260,-0.9757;17.2842,-0.9907;17.4397,-1.0055;17.5926,-1.0199;17.7430,-1.0342",0,-1,0.0,SKIPPED,,,,"0.2940,-0.0009;0.6047,-0.0007;0.8992,-0.0007;1.1773,-0.0012;1.4389,-0.0009;1.6859,-0.0013;1.9182,-0.0016;2.1358,-0.0026;2.3379,-0.0036;2.5255,-0.0047;2.6976,-0.0058;2.8557,-0.0071;2.9998,-0.0085;3.1301,-0.0099;3.2508,-0.0114;3.3668,-0.0129;3.4798,-0.0146;3.5902,-0.0165;3.6990,-0.0185;3.8078,-0.0207;3.9171,-0.0231;4.0267,-0.0258;4.1361,-0.0286;4.2453,-0.0318;4.3548,-0.0352;4.4645,-0.0388;4.5753,-0.0427;4.6868,-0.0469;4.7990,-0.0514;4.9120,-0.0563;5.0256,-0.0615;5.1408,-0.0671;5.2582,-0.0732;5.3777,-0.0798;5.4999,-0.0869;5.6251,-0.0947;5.7542,-0.1031;5.8873,-0.1123;6.0247,-0.1223;6.1662,-0.1332;6.3107,-0.1448;6.4580,-0.1572;6.6078,-0.1704;6.7595,-0.1844;6.9123,-0.1990;7.0664,-0.2144;7.2206,-0.2302;7.3747,-0.2467;7.5284,-0.2635;7.6814,-0.2808;7.8330,-0.2984;7.9821,-0.3163;8.1279,-0.3343;8.2700,-0.3523;8.4082,-0.3701;8.5422,-0.3879;8.6724,-0.4053;8.7987,-0.4224;8.9210,-0.4389;9.0385,-0.4549;9.1513,-0.4703;9.2598,-0.4851;9.3645,-0.4993;9.4651,-0.5130"
682fed39-be2a-4949-8d04-21529678ffca,9100000,3073,22,5.641,Nudge to the left to create clearance from the stopped truck blocking the right side of our lane,0.9058,3.4986,"0.1743,-0.0001;0.3381,-0.0005;0.4931,-0.0012;0.6410,-0.0021;0.7837,-0.0032;0.9225,-0.0045;1.0580,-0.0061;1.1907,-0.0080;1.3210,-0.0101;1.4491,-0.0125;1.5752,-0.0153;1.6995,-0.0183;1.8221,-0.0216;1.9432,-0.0252;2.0628,-0.0292;2.1809,-0.0335;2.2974,-0.0382;2.4124,-0.0432;2.5260,-0.0486;2.6385,-0.0544;2.7509,-0.0606;2.8641,-0.0673;2.9796,-0.0746;3.0987,-0.0827;3.2227,-0.0918;3.3526,-0.1019;3.4894,-0.1133;3.6336,-0.1261;3.7851,-0.1405;3.9432,-0.1564;4.1071,-0.1740;4.2757,-0.1932;4.4484,-0.2139;4.6248,-0.2361;4.8048,-0.2598;4.9887,-0.2851;5.1770,-0.3118;5.3702,-0.3402;5.5690,-0.3701;5.7741,-0.4016;5.9857,-0.4345;6.2035,-0.4689;6.4268,-0.5042;6.6540,-0.5402;6.8837,-0.5764;7.1148,-0.6124;7.3467,-0.6480;7.5791,-0.6829;7.8116,-0.7170;8.0440,-0.7500;8.2759,-0.7817;8.5069,-0.8118;8.7366,-0.8402;8.9647,-0.8668;9.1911,-0.8914;9.4154,-0.9138;9.6375,-0.9340;9.8572,-0.9519;10.0742,-0.9675;10.2886,-0.9807;10.5004,-0.9914;10.7097,-0.9998;10.9167,-1.0059;11.1217,-1.0095",0,-1,0.0,SKIPPED,,,,"0.1551,-0.0002;0.3132,-0.0007;0.4573,-0.0013;0.5876,-0.0021;0.7083,-0.0029;0.8243,-0.0038;0.9373,-0.0049;1.0478,-0.0062;1.1565,-0.0077;1.2653,-0.0093;1.3747,-0.0111;1.4843,-0.0132;1.5936,-0.0155;1.7029,-0.0181;1.8124,-0.0209;1.9222,-0.0239;2.0330,-0.0273;2.1444,-0.0309;2.2567,-0.0348;2.3697,-0.0391;2.4834,-0.0437;2.5986,-0.0488;2.7160,-0.0542;2.8355,-0.0602;2.9577,-0.0667;3.0830,-0.0738;3.2122,-0.0815;3.3453,-0.0900;3.4828,-0.0993;3.6243,-0.1094;3.7689,-0.1203;3.9162,-0.1320;4.0661,-0.1444;4.2178,-0.1575;4.3707,-0.1713;4.5249,-0.1859;4.6792,-0.2010;4.8334,-0.2166;4.9872,-0.2326;5.1403,-0.2491;5.2920,-0.2659;5.4411,-0.2830;5.5871,-0.3002;5.7292,-0.3175;5.8675,-0.3347;6.0016,-0.3517;6.1319,-0.3685;6.2583,-0.3849;6.3806,-0.4008;6.4982,-0.4161;6.6112,-0.4309;6.7197,-0.4451;6.8245,-0.4588;6.9251,-0.4720;7.0213,-0.4845;7.1126,-0.4964;7.1989,-0.5077;7.2805,-0.5184;7.3574,-0.5284;7.4288,-0.5377;7.4941,-0.5462;7.5528,-0.5539;7.6050,-0.5607;7.6512,-0.5667"
682fed39-be2a-4949-8d04-21529678ffca,10100000,3073,14,4.696,Yield to the pedestrian walking directly into the lane ahead,0.4472,0.4156,"0.1082,-0.0001;0.2152,-0.0004;0.3208,-0.0009;0.4246,-0.0016;0.5266,-0.0026;0.6268,-0.0038;0.7253,-0.0053;0.8224,-0.0070;0.9185,-0.0090;1.0143,-0.0114;1.1103,-0.0140;1.2067,-0.0170;1.3036,-0.0205;1.4012,-0.0243;1.4993,-0.0285;1.5981,-0.0333;1.6974,-0.0385;1.7975,-0.0443;1.8983,-0.0507;2.0000,-0.0577;2.1028,-0.0654;2.2068,-0.0738;2.3124,-0.0831;2.4196,-0.0933;2.5286,-0.1045;2.6395,-0.1167;2.7527,-0.1301;2.8682,-0.1446;2.9863,-0.1603;3.1068,-0.1773;3.2298,-0.1955;3.3549,-0.2148;3.4819,-0.2353;3.6106,-0.2566;3.7406,-0.2788;3.8717,-0.3017;4.0036,-0.3252;4.1361,-0.3490;4.2689,-0.3731;4.4017,-0.3974;4.5340,-0.4216;4.6653,-0.4457;4.7953,-0.4695;4.9235,-0.4928;5.0499,-0.5157;5.1745,-0.5382;5.2972,-0.5601;5.4182,-0.5816;5.5373,-0.6026;5.6546,-0.6232;5.7699,-0.6432;5.8832,-0.6627;5.9940,-0.6816;6.1023,-0.7000;6.2079,-0.7178;6.3103,-0.7349;6.4092,-0.7514;6.5038,-0.7671;6.5932,-0.7819;6.6763,-0.7955;6.7525,-0.8080;6.8217,-0.8194;6.8847,-0.8297;6.9426,-0.8391",0,-1,0.0,SKIPPED,,,,"0.0990,-0.0001;0.2086,-0.0004;0.3180,-0.0010;0.4273,-0.0018;0.5368,-0.0029;0.6466,-0.0042;0.7575,-0.0058;0.8690,-0.0076;0.9813,-0.0097;1.0943,-0.0122;1.2080,-0.0150;1.3233,-0.0182;1.4408,-0.0218;1.5604,-0.0259;1.6827,-0.0304;1.8081,-0.0355;1.9374,-0.0413;2.0706,-0.0476;2.2082,-0.0547;2.3499,-0.0626;2.4946,-0.0711;2.6421,-0.0805;2.7922,-0.0905;2.9441,-0.1012;3.0972,-0.1126;3.2516,-0.1247;3.4061,-0.1373;3.5605,-0.1505;3.7146,-0.1641;3.8679,-0.1781;4.0198,-0.1925;4.1692,-0.2072;4.3155,-0.2221;4.4578,-0.2371;4.5964,-0.2521;4.7307,-0.2670;4.8613,-0.2817;4.9879,-0.2961;5.1105,-0.3100;5.2283,-0.3235;5.3415,-0.3365;5.4503,-0.3490;5.5552,-0.3610;5.6561,-0.3725;5.7524,-0.3835;5.8439,-0.3940;5.9304,-0.4040;6.0121,-0.4133;6.0892,-0.4221;6.1607,-0.4303;6.2261,-0.4377;6.2849,-0.4445;6.3373,-0.4505;6.3835,-0.4558;6.4243,-0.4604;6.4620,-0.4647;6.4981,-0.4689;6.5331,-0.4730;6.5671,-0.4769;6.6002,-0.4808;6.6322,-0.4846;6.6629,-0.4883;6.6890,-0.4914;6.7109,-0.4941"
682fed39-be2a-4949-8d04-21529678ffca,11100000,3073,14,4.685,Yield due to a pedestrian walking across our lane ahead,0.5054,1.8738,"0.1140,-0.0002;0.2291,-0.0007;0.3455,-0.0017;0.4634,-0.0031;0.5828,-0.0051;0.7036,-0.0076;0.8258,-0.0108;0.9492,-0.0146;1.0734,-0.0192;1.1981,-0.0245;1.3233,-0.0308;1.4486,-0.0380;1.5738,-0.0461;1.6986,-0.0552;1.8227,-0.0652;1.9462,-0.0763;2.0689,-0.0883;2.1908,-0.1012;2.3123,-0.1151;2.4333,-0.1298;2.5539,-0.1453;2.6744,-0.1616;2.7947,-0.1786;2.9148,-0.1962;3.0348,-0.2143;3.1546,-0.2329;3.2744,-0.2518;3.3941,-0.2711;3.5138,-0.2906;3.6334,-0.3102;3.7530,-0.3300;3.8724,-0.3498;3.9917,-0.3696;4.1109,-0.3893;4.2299,-0.4089;4.3488,-0.4284;4.4676,-0.4476;4.5861,-0.4666;4.7044,-0.4853;4.8226,-0.5036;4.9405,-0.5216;5.0585,-0.5393;5.1764,-0.5565;5.2944,-0.5734;5.4126,-0.5899;5.5311,-0.6059;5.6498,-0.6215;5.7688,-0.6366;5.8880,-0.6512;6.0072,-0.6651;6.1263,-0.6785;6.2452,-0.6913;6.3634,-0.7033;6.4808,-0.7147;6.5969,-0.7253;6.7110,-0.7351;6.8224,-0.7442;6.9305,-0.7524;7.0346,-0.7599;7.1348,-0.7666;7.2311,-0.7725;7.3240,-0.7779;7.4141,-0.7828;7.5022,-0.7871",0,-1,0.0,SKIPPED,,,,"0.1029,-0.0002;0.2182,-0.0007;0.3358,-0.0015;0.4554,-0.0028;0.5778,-0.0045;0.7032,-0.0066;0.8326,-0.0093;0.9660,-0.0126;1.1037,-0.0165;1.2455,-0.0210;1.3904,-0.0262;1.5381,-0.0321;1.6883,-0.0386;1.8405,-0.0458;1.9938,-0.0536;2.1484,-0.0621;2.3032,-0.0710;2.4579,-0.0806;2.6122,-0.0906;2.7658,-0.1010;2.9180,-0.1119;3.0677,-0.1231;3.2143,-0.1346;3.3570,-0.1463;3.4958,-0.1580;3.6305,-0.1697;3.7613,-0.1814;3.8883,-0.1928;4.0112,-0.2039;4.1293,-0.2146;4.2427,-0.2250;4.3518,-0.2349;4.4569,-0.2445;4.5581,-0.2536;4.6546,-0.2624;4.7464,-0.2707;4.8330,-0.2786;4.9149,-0.2861;4.9922,-0.2931;5.0639,-0.2996;5.1295,-0.3055;5.1884,-0.3109;5.2409,-0.3156;5.2873,-0.3198;5.3282,-0.3235;5.3659,-0.3270;5.4021,-0.3303;5.4372,-0.3335;5.4713,-0.3367;5.5044,-0.3398;5.5366,-0.3429;5.5673,-0.3458;5.5935,-0.3484;5.6154,-0.3505;5.6333,-0.3522;5.6475,-0.3536;5.6599,-0.3548;5.6696,-0.3557;5.6752,-0.3563;5.6784,-0.3566;5.6798,-0.3568;5.6801,-0.3568;5.6796,-0.3567;5.6785,-0.3566"
682fed39-be2a-4949-8d04-21529678ffca,12100000,3073,40,7.743,"Decelerate and hold our lane because an oncoming van is coming while our pressure line is slow, blocking our progress, with a stopped car directly ahead limiting our erb demonstrate two.isSuccessful",0.1837,0.2963,"0.1451,-0.0003;0.2922,-0.0011;0.4405,-0.0026;0.5894,-0.0046;0.7378,-0.0073;0.8849,-0.0104;1.0302,-0.0140;1.1729,-0.0181;1.3129,-0.0225;1.4498,-0.0273;1.5834,-0.0324;1.7137,-0.0377;1.8404,-0.0432;1.9637,-0.0488;2.0836,-0.0546;2.2003,-0.0605;2.3142,-0.0665;2.4254,-0.0725;2.5340,-0.0786;2.6401,-0.0848;2.7435,-0.0909;2.8442,-0.0970;2.9418,-0.1030;3.0362,-0.1089;3.1270,-0.1147;3.2139,-0.1203;3.2967,-0.1257;3.3753,-0.1309;3.4495,-0.1358;3.5193,-0.1404;3.5847,-0.1448;3.6458,-0.1488;3.7027,-0.1527;3.7558,-0.1562;3.8053,-0.1595;3.8517,-0.1627;3.8959,-0.1656;3.9386,-0.1685;3.9807,-0.1713;4.0229,-0.1742;4.0657,-0.1771;4.1095,-0.1800;4.1543,-0.1830;4.2001,-0.1861;4.2470,-0.1893;4.2946,-0.1925;4.3427,-0.1957;4.3907,-0.1990;4.4379,-0.2021;4.4832,-0.2052;4.5254,-0.2080;4.5637,-0.2106;4.5976,-0.2129;4.6265,-0.2148;4.6502,-0.2164;4.6687,-0.2176;4.6821,-0.2185;4.6913,-0.2192;4.6977,-0.2196;4.7029,-0.2199;4.7075,-0.2202;4.7115,-0.2205;4.7142,-0.2207;4.7154,-0.2208",0,-1,0.0,SKIPPED,,,,"0.1312,-0.0003;0.2790,-0.0011;0.4294,-0.0026;0.5817,-0.0046;0.7352,-0.0072;0.8900,-0.0105;1.0450,-0.0142;1.1999,-0.0185;1.3545,-0.0232;1.5084,-0.0284;1.6609,-0.0342;1.8109,-0.0403;1.9577,-0.0468;2.1007,-0.0536;2.2399,-0.0606;2.3749,-0.0678;2.5060,-0.0750;2.6333,-0.0821;2.7565,-0.0890;2.8749,-0.0957;2.9886,-0.1022;3.0979,-0.1085;3.2034,-0.1145;3.3047,-0.1202;3.4015,-0.1257;3.4935,-0.1309;3.5804,-0.1359;3.6625,-0.1405;3.7400,-0.1449;3.8119,-0.1489;3.8776,-0.1527;3.9367,-0.1561;3.9893,-0.1590;4.0358,-0.1616;4.0768,-0.1639;4.1146,-0.1661;4.1509,-0.1682;4.1861,-0.1702;4.2203,-0.1723;4.2535,-0.1743;4.2857,-0.1762;4.3165,-0.1781;4.3428,-0.1798;4.3648,-0.1811;4.3827,-0.1822;4.3970,-0.1831;4.4094,-0.1839;4.4191,-0.1845;4.4247,-0.1849;4.4279,-0.1851;4.4294,-0.1852;4.4297,-0.1853;4.4291,-0.1852;4.4281,-0.1852;4.4265,-0.1851;4.4243,-0.1849;4.4222,-0.1848;4.4214,-0.1847;4.4213,-0.1847;4.4213,-0.1847;4.4213,-0.1847;4.4213,-0.1847;4.4213,-0.1847;4.4213,-0.1847"
682fed39-be2a-4949-8d04-21529678ffca,13100000,3073,12,4.462,Slow down due to the lead vehicle stopped ahead,0.4217,0.9066,"0.1535,-0.0002;0.3069,-0.0007;0.4595,-0.0015;0.6108,-0.0025;0.7598,-0.0038;0.9055,-0.0052;1.0463,-0.0067;1.1809,-0.0082;1.3081,-0.0098;1.4269,-0.0113;1.5367,-0.0128;1.6370,-0.0142;1.7277,-0.0155;1.8091,-0.0166;1.8813,-0.0177;1.9449,-0.0186;2.0011,-0.0195;2.0510,-0.0203;2.0962,-0.0209;2.1376,-0.0216;2.1760,-0.0222;2.2117,-0.0227;2.2447,-0.0233;2.2748,-0.0237;2.3019,-0.0242;2.3256,-0.0246;2.3456,-0.0249;2.3617,-0.0251;2.3738,-0.0253;2.3822,-0.0255;2.3870,-0.0256;2.3882,-0.0256;2.3858,-0.0255;2.3799,-0.0254;2.3711,-0.0253;2.3602,-0.0251;2.3484,-0.0249;2.3361,-0.0247;2.3235,-0.0245;2.3106,-0.0243;2.2974,-0.0241;2.2841,-0.0239;2.2708,-0.0237;2.2576,-0.0235;2.2443,-0.0233;2.2311,-0.0230;2.2180,-0.0228;2.2048,-0.0226;2.1917,-0.0224;2.1786,-0.0222;2.1654,-0.0220;2.1523,-0.0218;2.1392,-0.0216;2.1261,-0.0214;2.1129,-0.0211;2.0998,-0.0209;2.0867,-0.0207;2.0737,-0.0205;2.0606,-0.0203;2.0477,-0.0201;2.0347,-0.0199;2.0218,-0.0197;2.0089,-0.0195;1.9960,-0.0193",0,-1,0.0,SKIPPED,,,,"0.1380,-0.0003;0.2881,-0.0010;0.4351,-0.0023;0.5782,-0.0039;0.7176,-0.0060;0.8527,-0.0083;0.9841,-0.0108;1.1115,-0.0134;1.2349,-0.0158;1.3534,-0.0183;1.4673,-0.0208;1.5768,-0.0231;1.6824,-0.0253;1.7839,-0.0274;1.8808,-0.0294;1.9729,-0.0313;2.0600,-0.0332;2.1422,-0.0349;2.2198,-0.0365;2.2917,-0.0379;2.3576,-0.0393;2.4167,-0.0406;2.4694,-0.0417;2.5159,-0.0426;2.5570,-0.0435;2.5949,-0.0443;2.6313,-0.0451;2.6665,-0.0458;2.7007,-0.0466;2.7340,-0.0474;2.7663,-0.0482;2.7971,-0.0490;2.8234,-0.0497;2.8454,-0.0503;2.8634,-0.0508;2.8777,-0.0512;2.8901,-0.0515;2.8998,-0.0518;2.9054,-0.0519;2.9087,-0.0520;2.9101,-0.0521;2.9104,-0.0521;2.9099,-0.0521;2.9088,-0.0521;2.9073,-0.0520;2.9051,-0.0520;2.9029,-0.0519;2.9022,-0.0519;2.9020,-0.0519;2.9020,-0.0519;2.9020,-0.0519;2.9020,-0.0519;2.9020,-0.0519;2.9020,-0.0519;2.9020,-0.0519;2.9020,-0.0519;2.9020,-0.0519;2.9020,-0.0519;2.9020,-0.0519;2.9020,-0.0519;2.9020,-0.0519;2.9020,-0.0519;2.9020,-0.0519;2.9020,-0.0519"
682fed39-be2a-4949-8d04-21529678ffca,14100000,3073,14,4.687,Keep distance to the lead vehicle since it is stopped ahead,0.0891,0.084,"0.1140,-0.0000;0.2237,-0.0001;0.3292,-0.0001;0.4304,-0.0002;0.5273,-0.0003;0.6197,-0.0003;0.7073,-0.0004;0.7901,-0.0005;0.8681,-0.0006;0.9413,-0.0006;1.0098,-0.0007;1.0737,-0.0007;1.1332,-0.0007;1.1886,-0.0007;1.2400,-0.0007;1.2880,-0.0007;1.3328,-0.0007;1.3749,-0.0006;1.4147,-0.0006;1.4523,-0.0005;1.4881,-0.0004;1.5222,-0.0003;1.5546,-0.0002;1.5853,-0.0001;1.6142,0.0001;1.6410,0.0002;1.6654,0.0004;1.6871,0.0005;1.7060,0.0006;1.7220,0.0007;1.7350,0.0008;1.7450,0.0009;1.7521,0.0010;1.7562,0.0010;1.7571,0.0010;1.7546,0.0010;1.7488,0.0010;1.7402,0.0009;1.7294,0.0008;1.7174,0.0007;1.7048,0.0006;1.6919,0.0005;1.6788,0.0004;1.6656,0.0003;1.6522,0.0002;1.6390,0.0001;1.6257,0.0001;1.6125,-0.0000;1.5993,-0.0001;1.5861,-0.0002;1.5729,-0.0003;1.5596,-0.0004;1.5464,-0.0004;1.5331,-0.0005;1.5199,-0.0006;1.5066,-0.0007;1.4934,-0.0008;1.4802,-0.0009;1.4670,-0.0009;1.4538,-0.0010;1.4406,-0.0011;1.4274,-0.0012;1.4142,-0.0013;1.4010,-0.0014",0,-1,0.0,SKIPPED,,,,"0.1027,-0.0001;0.2123,-0.0001;0.3179,-0.0001;0.4194,-0.0001;0.5163,-0.0000;0.6085,-0.0001;0.6955,-0.0001;0.7778,-0.0001;0.8554,-0.0001;0.9273,-0.0000;0.9932,-0.0000;1.0523,-0.0001;1.1050,-0.0000;1.1516,-0.0000;1.1927,0.0000;1.2306,-0.0000;1.2670,-0.0000;1.3022,-0.0001;1.3364,-0.0002;1.3697,-0.0003;1.4020,-0.0004;1.4328,-0.0006;1.4592,-0.0007;1.4812,-0.0008;1.4992,-0.0009;1.5134,-0.0010;1.5258,-0.0011;1.5356,-0.0011;1.5412,-0.0012;1.5444,-0.0012;1.5459,-0.0013;1.5462,-0.0013;1.5457,-0.0013;1.5446,-0.0013;1.5431,-0.0013;1.5408,-0.0013;1.5387,-0.0012;1.5379,-0.0012;1.5378,-0.0012;1.5378,-0.0012;1.5378,-0.0012;1.5378,-0.0012;1.5378,-0.0012;1.5378,-0.0012;1.5378,-0.0012;1.5378,-0.0012;1.5378,-0.0012;1.5378,-0.0012;1.5378,-0.0012;1.5378,-0.0012;1.5378,-0.0012;1.5378,-0.0012;1.5378,-0.0012;1.5378,-0.0012;1.5378,-0.0012;1.5378,-0.0012;1.5378,-0.0012;1.5378,-0.0012;1.5378,-0.0012;1.5378,-0.0012"
682fed39-be2a-4949-8d04-21529678ffca,15100000,3073,15,4.807,Keep distance to the lead vehicle since it is blocking the lane,0.0593,0.0165,"0.0663,0.0000;0.1267,0.0000;0.1810,0.0000;0.2293,0.0000;0.2719,0.0000;0.3092,0.0000;0.3421,0.0000;0.3716,0.0000;0.3988,0.0000;0.4245,0.0000;0.4494,0.0000;0.4738,0.0000;0.4980,0.0000;0.5221,0.0000;0.5461,0.0001;0.5699,0.0001;0.5934,0.0001;0.6164,0.0001;0.6386,0.0001;0.6597,0.0001;0.6795,0.0001;0.6979,0.0001;0.7146,0.0001;0.7293,0.0001;0.7418,0.0001;0.7518,0.0001;0.7587,0.0001;0.7624,0.0001;0.7625,0.0001;0.7591,0.0001;0.7529,0.0001;0.7448,0.0001;0.7359,0.0001;0.7267,0.0001;0.7178,0.0001;0.7090,0.0001;0.7002,0.0001;0.6915,0.0001;0.6828,0.0001;0.6742,0.0001;0.6655,0.0001;0.6569,0.0001;0.6482,0.0001;0.6396,0.0001;0.6309,0.0001;0.6223,0.0001;0.6136,0.0001;0.6049,0.0001;0.5961,0.0001;0.5874,0.0001;0.5787,0.0001;0.5700,0.0001;0.5612,0.0000;0.5525,0.0000;0.5437,0.0000;0.5350,0.0000;0.5262,0.0000;0.5174,0.0000;0.5087,0.0000;0.4999,0.0000;0.4912,0.0000;0.4824,0.0000;0.4737,0.0000;0.4651,0.0000",0,-1,0.0,SKIPPED,,,,"0.0593,-0.0000;0.1184,-0.0000;0.1711,-0.0000;0.2177,0.0000;0.2588,0.0000;0.2967,0.0000;0.3330,0.0000;0.3683,-0.0000;0.4025,-0.0001;0.4358,-0.0002;0.4681,-0.0003;0.4989,-0.0005;0.5253,-0.0006;0.5473,-0.0007;0.5653,-0.0008;0.5795,-0.0009;0.5919,-0.0010;0.6017,-0.0010;0.6073,-0.0011;0.6105,-0.0011;0.6120,-0.0012;0.6123,-0.0012;0.6118,-0.0012;0.6107,-0.0012;0.6092,-0.0012;0.6069,-0.0012;0.6048,-0.0011;0.6040,-0.0011;0.6039,-0.0011;0.6039,-0.0011;0.6039,-0.0011;0.6039,-0.0011;0.6039,-0.0011;0.6039,-0.0011;0.6039,-0.0011;0.6039,-0.0011;0.6039,-0.0011;0.6039,-0.0011;0.6039,-0.0011;0.6039,-0.0011;0.6039,-0.0011;0.6039,-0.0011;0.6039,-0.0011;0.6039,-0.0011;0.6039,-0.0011;0.6039,-0.0011;0.6039,-0.0011;0.6039,-0.0011;0.6039,-0.0011;0.6039,-0.0011"
682fed39-be2a-4949-8d04-21529678ffca,16100000,3073,16,4.906,Stop to keep distance to the stopped van ahead blocking our lane.,0.1131,0.1514,"0.0324,-0.0000;0.0641,-0.0000;0.0947,-0.0001;0.1241,-0.0001;0.1521,-0.0002;0.1783,-0.0002;0.2025,-0.0003;0.2245,-0.0004;0.2439,-0.0004;0.2607,-0.0005;0.2745,-0.0005;0.2854,-0.0005;0.2931,-0.0006;0.2978,-0.0006;0.3001,-0.0006;0.3008,-0.0006;0.3008,-0.0006;0.3007,-0.0006;0.3009,-0.0006;0.3015,-0.0006;0.3022,-0.0006;0.3029,-0.0006;0.3036,-0.0006;0.3044,-0.0006;0.3052,-0.0006;0.3060,-0.0006;0.3068,-0.0006;0.3076,-0.0006;0.3084,-0.0006;0.3092,-0.0006;0.3099,-0.0006;0.3107,-0.0006;0.3114,-0.0006;0.3121,-0.0006;0.3128,-0.0006;0.3135,-0.0007;0.3142,-0.0007;0.3149,-0.0007;0.3157,-0.0007;0.3164,-0.0007;0.3171,-0.0007;0.3178,-0.0007;0.3185,-0.0007;0.3192,-0.0007;0.3200,-0.0007;0.3208,-0.0007;0.3215,-0.0007;0.3224,-0.0007;0.3232,-0.0007;0.3241,-0.0007;0.3250,-0.0007;0.3258,-0.0007;0.3267,-0.0007;0.3276,-0.0007;0.3286,-0.0007;0.3295,-0.0007;0.3305,-0.0007;0.3315,-0.0007;0.3325,-0.0007;0.3335,-0.0007;0.3346,-0.0007;0.3357,-0.0007;0.3368,-0.0007;0.3379,-0.0007",0,-1,0.0,SKIPPED,,,,"0.0292,-0.0000;0.0600,-0.0001;0.0864,-0.0001;0.1084,-0.0002;0.1263,-0.0002;0.1406,-0.0002;0.1530,-0.0003;0.1628,-0.0003;0.1684,-0.0004;0.1716,-0.0004;0.1731,-0.0004;0.1734,-0.0004;0.1729,-0.0004;0.1718,-0.0004;0.1702,-0.0004;0.1680,-0.0004;0.1659,-0.0004;0.1651,-0.0004;0.1650,-0.0004;0.1650,-0.0004;0.1650,-0.0004;0.1650,-0.0004;0.1650,-0.0004;0.1650,-0.0004;0.1650,-0.0004;0.1650,-0.0004;0.1650,-0.0004;0.1650,-0.0004;0.1650,-0.0004;0.1650,-0.0004;0.1650,-0.0004;0.1650,-0.0004;0.1650,-0.0004;0.1650,-0.0004;0.1650,-0.0004;0.1650,-0.0004;0.1650,-0.0004;0.1650,-0.0004;0.1650,-0.0004;0.1650,-0.0004"
682fed39-be2a-4949-8d04-21529678ffca,17100000,3073,16,4.927,Nudge to the right to create clearance for the oncoming truck,0.0259,0.1117,"0.0012,-0.0000;0.0017,-0.0000;0.0019,-0.0000;0.0020,-0.0000;0.0022,-0.0000;0.0024,-0.0000;0.0028,-0.0000;0.0032,-0.0000;0.0036,-0.0000;0.0041,-0.0000;0.0046,-0.0000;0.0052,-0.0000;0.0059,-0.0000;0.0068,-0.0000;0.0078,-0.0000;0.0089,-0.0000;0.0100,-0.0000;0.0111,-0.0000;0.0123,-0.0000;0.0136,-0.0000;0.0157,-0.0000;0.0191,-0.0000;0.0240,-0.0000;0.0306,-0.0000;0.0387,-0.0000;0.0482,-0.0000;0.0593,-0.0000;0.0722,-0.0000;0.0873,-0.0000;0.1048,-0.0001;0.1248,-0.0001;0.1474,-0.0001;0.1726,-0.0002;0.2002,-0.0002;0.2304,-0.0003;0.2634,-0.0004;0.2991,-0.0005;0.3379,-0.0006;0.3796,-0.0008;0.4242,-0.0010;0.4716,-0.0012;0.5213,-0.0014;0.5729,-0.0015;0.6256,-0.0017;0.6786,-0.0019;0.7310,-0.0020;0.7818,-0.0020;0.8303,-0.0019;0.8757,-0.0018;0.9177,-0.0016;0.9556,-0.0014;0.9890,-0.0010;1.0176,-0.0007;1.0413,-0.0004;1.0600,-0.0001;1.0739,0.0001;1.0831,0.0003;1.0881,0.0004;1.0894,0.0004;1.0874,0.0004;1.0829,0.0003;1.0764,0.0002;1.0682,0.0000;1.0586,-0.0001",0,-1,0.0,SKIPPED,,,,"0.0013,-0.0000;0.0016,-0.0000;0.0010,-0.0000;-0.0001,-0.0000;-0.0016,-0.0000;-0.0038,-0.0001;-0.0060,-0.0000;-0.0067,-0.0000;-0.0069,-0.0001;-0.0069,-0.0001;-0.0069,-0.0001;-0.0069,-0.0001;-0.0069,-0.0001;-0.0069,-0.0001;-0.0069,-0.0001;-0.0069,-0.0001;-0.0069,-0.0001;-0.0069,-0.0001;-0.0069,-0.0001;-0.0069,-0.0001;-0.0069,-0.0001;-0.0069,-0.0001;-0.0069,-0.0001;-0.0069,-0.0001;-0.0069,-0.0001;-0.0069,-0.0001;-0.0069,-0.0001;-0.0069,-0.0001;-0.0069,-0.0001;-0.0069,-0.0001"
682fed39-be2a-4949-8d04-21529678ffca,18100000,3073,16,4.907,Stop to keep distance to the lead vehicle since it is stationary ahead,0.0004,0.0008,"0.0001,0.0000;0.0001,0.0000;0.0000,-0.0000;-0.0001,-0.0000;-0.0002,-0.0000;-0.0003,-0.0000;-0.0003,-0.0000;-0.0004,-0.0000;-0.0004,-0.0000;-0.0004,-0.0000;-0.0004,-0.0000;-0.0005,-0.0000;-0.0005,-0.0000;-0.0005,-0.0000;-0.0006,-0.0000;-0.0006,-0.0000;-0.0007,-0.0000;-0.0007,-0.0000;-0.0007,-0.0000;-0.0008,-0.0000;-0.0008,-0.0000;-0.0008,-0.0000;-0.0008,-0.0000;-0.0008,-0.0000;-0.0008,-0.0000;-0.0008,-0.0000;-0.0008,-0.0000;-0.0007,-0.0000;-0.0006,-0.0000;-0.0006,-0.0000;-0.0005,-0.0000;-0.0004,-0.0000;-0.0003,-0.0000;-0.0002,-0.0000;-0.0001,0.0000;0.0001,0.0000;0.0002,0.0000;0.0003,0.0000;0.0004,0.0000;0.0006,0.0000;0.0007,0.0000;0.0009,0.0000;0.0010,0.0000;0.0012,0.0000;0.0014,0.0000;0.0016,0.0000;0.0019,0.0000;0.0021,0.0000;0.0024,0.0000;0.0027,0.0000;0.0031,0.0000;0.0034,0.0000;0.0037,0.0000;0.0041,0.0000;0.0045,0.0000;0.0049,0.0000;0.0054,0.0000;0.0060,0.0000;0.0066,0.0000;0.0072,0.0000;0.0078,0.0000;0.0084,0.0000;0.0091,0.0000;0.0098,0.0000",0,-1,0.0,SKIPPED,,,,"0.0000,0.0000;0.0000,0.0000;0.0000,0.0000;0.0000,0.0000;0.0000,0.0000;0.0000,0.0000;0.0000,0.0000;0.0000,0.0000;0.0000,0.0000;0.0000,0.0000;0.0000,0.0000;0.0000,0.0000;0.0000,0.0000;0.0000,0.0000;0.0000,0.0000;0.0000,0.0000;0.0000,0.0000;0.0000,0.0000;0.0000,0.0000;0.0000,0.0000"
682fed39-be2a-4949-8d04-21529678ffca,19100000,3073,15,4.804,Stop to keep distance to the stopped lead vehicle blocking our lane,0.0006,0.0017,"0.0000,0.0000;0.0000,0.0000;0.0001,0.0000;0.0002,0.0000;0.0004,0.0000;0.0006,0.0000;0.0009,0.0000;0.0011,0.0000;0.0014,0.0000;0.0017,0.0000;0.0019,0.0000;0.0022,0.0000;0.0026,0.0000;0.0029,0.0000;0.0033,0.0000;0.0036,0.0000;0.0040,0.0000;0.0044,0.0000;0.0049,0.0000;0.0053,0.0000;0.0057,0.0000;0.0062,0.0000;0.0066,0.0000;0.0071,0.0000;0.0076,0.0000;0.0081,0.0000;0.0087,0.0000;0.0092,0.0000;0.0098,0.0000;0.0104,0.0000;0.0110,0.0000;0.0117,0.0000;0.0124,0.0000;0.0130,0.0000;0.0138,0.0000;0.0145,0.0000;0.0152,0.0000;0.0159,0.0000;0.0166,0.0000;0.0173,0.0000;0.0180,0.0000;0.0188,0.0000;0.0195,0.0000;0.0204,0.0000;0.0213,-0.0000;0.0223,-0.0000;0.0234,-0.0000;0.0247,-0.0000;0.0263,-0.0000;0.0282,-0.0000;0.0305,-0.0000;0.0334,-0.0000;0.0374,-0.0000;0.0435,-0.0000;0.0530,-0.0000;0.0670,-0.0000;0.0864,-0.0000;0.1115,-0.0001;0.1425,-0.0002;0.1794,-0.0003;0.2222,-0.0005;0.2706,-0.0007;0.3244,-0.0011;0.3833,-0.0015",0,-1,0.0,SKIPPED,,,,"0.0000,0.0000;0.0000,0.0000;0.0000,0.0000;0.0000,0.0000;0.0000,0.0000;0.0000,0.0000;0.0000,0.0000;0.0000,0.0000;0.0000,0.0000;0.0000,0.0000"
40a11a64-aed4-49c1-b747-b3befdcd708d,5100000,0,0,0.0,SKIPPED,,,,4580,10,19.512,Accelerate gently due to the lead vehicle increasing speed,12.5761,31.8675,"0.5325,-0.0001;1.0691,-0.0003;1.6102,-0.0007;2.1558,-0.0014;2.7061,-0.0022;3.2611,-0.0033;3.8207,-0.0047;4.3846,-0.0064;4.9529,-0.0083;5.5256,-0.0105;6.1027,-0.0131;6.6842,-0.0159;7.2697,-0.0190;7.8589,-0.0224;8.4513,-0.0262;9.0466,-0.0302;9.6449,-0.0346;10.2461,-0.0393;10.8503,-0.0444;11.4572,-0.0499;12.0666,-0.0557;12.6784,-0.0619;13.2925,-0.0685;13.9091,-0.0755;14.5286,-0.0828;15.1510,-0.0904;15.7763,-0.0984;16.4042,-0.1066;17.0345,-0.1152;17.6669,-0.1240;18.3015,-0.1330;18.9387,-0.1423;19.5788,-0.1519;20.2218,-0.1616;20.8675,-0.1715;21.5153,-0.1816;22.1644,-0.1918;22.8146,-0.2021;23.4657,-0.2126;24.1183,-0.2231;24.7730,-0.2338;25.4301,-0.2446;26.0894,-0.2555;26.7506,-0.2665;27.4131,-0.2776;28.0767,-0.2889;28.7416,-0.3003;29.4082,-0.3118;30.0768,-0.3234;30.7474,-0.3352;31.4196,-0.3472;32.0929,-0.3594;32.7669,-0.3717;33.4417,-0.3843;34.1175,-0.3970;34.7952,-0.4100;35.4751,-0.4233;36.1571,-0.4369;36.8402,-0.4509;37.5229,-0.4652;38.2039,-0.4799;38.8825,-0.4948;39.5585,-0.5100;40.2323,-0.5256","0.5170,-0.0012;1.0436,-0.0025;1.5584,-0.0045;2.0570,-0.0098;2.5393,-0.0167;3.0052,-0.0252;3.4523,-0.0358;3.8774,-0.0474;4.2801,-0.0580;4.6608,-0.0685;5.0206,-0.0795;5.3601,-0.0897;5.6774,-0.0997;5.9709,-0.1087;6.2407,-0.1163;6.4881,-0.1241;6.7123,-0.1316;6.9146,-0.1377;7.0961,-0.1434;7.2591,-0.1485;7.4075,-0.1532;7.5428,-0.1574;7.6652,-0.1613;7.7747,-0.1648;7.8716,-0.1679;7.9560,-0.1705;8.0277,-0.1728;8.0876,-0.1747;8.1378,-0.1763;8.1808,-0.1777;8.2185,-0.1789;8.2514,-0.1799;8.2796,-0.1808;8.3030,-0.1816;8.3227,-0.1822;8.3386,-0.1827;8.3510,-0.1831;8.3585,-0.1833;8.3610,-0.1834;8.3617,-0.1834;8.3638,-0.1835;8.3662,-0.1835;8.3662,-0.1835;8.3662,-0.1835;8.3662,-0.1835;8.3662,-0.1835;8.3662,-0.1835;8.3662,-0.1835;8.3662,-0.1835;8.3662,-0.1835;8.3662,-0.1835;8.3662,-0.1835;8.3662,-0.1835;8.3662,-0.1835;8.3662,-0.1835;8.3662,-0.1835;8.3662,-0.1835;8.3662,-0.1835;8.3662,-0.1835;8.3662,-0.1835;8.3662,-0.1835;8.3662,-0.1835;8.3662,-0.1835;8.3666,-0.1836"
40a11a64-aed4-49c1-b747-b3befdcd708d,6100000,0,0,0.0,SKIPPED,,,,4580,12,20.346,Stop to yield to the pedestrians crossing the crosswalk ahead.,1.8215,8.0861,"0.3578,-0.0002;0.6927,-0.0009;1.0039,-0.0019;1.2913,-0.0032;1.5554,-0.0046;1.7969,-0.0061;2.0169,-0.0076;2.2162,-0.0092;2.3956,-0.0107;2.5560,-0.0122;2.6983,-0.0135;2.8233,-0.0148;2.9324,-0.0159;3.0271,-0.0170;3.1093,-0.0179;3.1820,-0.0187;3.2482,-0.0195;3.3110,-0.0202;3.3723,-0.0210;3.4332,-0.0217;3.4936,-0.0225;3.5538,-0.0232;3.6136,-0.0240;3.6731,-0.0248;3.7321,-0.0255;3.7904,-0.0263;3.8479,-0.0271;3.9047,-0.0278;3.9618,-0.0286;4.0207,-0.0294;4.0837,-0.0303;4.1530,-0.0312;4.2305,-0.0323;4.3175,-0.0335;4.4151,-0.0348;4.5238,-0.0362;4.6441,-0.0378;4.7764,-0.0396;4.9206,-0.0414;5.0766,-0.0434;5.2440,-0.0455;5.4227,-0.0476;5.6123,-0.0498;5.8126,-0.0522;6.0231,-0.0546;6.2430,-0.0572;6.4714,-0.0599;6.7078,-0.0627;6.9522,-0.0658;7.2051,-0.0691;7.4673,-0.0727;7.7399,-0.0767;8.0236,-0.0812;8.3189,-0.0862;8.6259,-0.0919;8.9446,-0.0983;9.2744,-0.1055;9.6146,-0.1135;9.9642,-0.1224;10.3227,-0.1320;10.6897,-0.1425;11.0651,-0.1536;11.4490,-0.1654;11.8414,-0.1777","0.3521,-0.0006;0.6918,-0.0009;1.0092,-0.0016;1.3029,-0.0022;1.5728,-0.0019;1.8202,-0.0025;2.0446,-0.0035;2.2470,-0.0037;2.4285,-0.0042;2.5917,-0.0046;2.7401,-0.0049;2.8755,-0.0052;2.9980,-0.0055;3.1075,-0.0058;3.2044,-0.0062;3.2889,-0.0064;3.3606,-0.0066;3.4206,-0.0067;3.4708,-0.0068;3.5138,-0.0069;3.5515,-0.0070;3.5845,-0.0072;3.6127,-0.0072;3.6361,-0.0073;3.6558,-0.0073;3.6716,-0.0074;3.6841,-0.0074;3.6916,-0.0075;3.6941,-0.0075;3.6948,-0.0074;3.6969,-0.0074;3.6993,-0.0074;3.6993,-0.0074;3.6993,-0.0074;3.6993,-0.0074;3.6993,-0.0074;3.6993,-0.0074;3.6993,-0.0074;3.6993,-0.0074;3.6993,-0.0074;3.6993,-0.0074;3.6993,-0.0074;3.6993,-0.0074;3.6993,-0.0074;3.6993,-0.0074;3.6993,-0.0074;3.6993,-0.0074;3.6993,-0.0074;3.6993,-0.0074;3.6993,-0.0074;3.6993,-0.0074;3.6993,-0.0074;3.6993,-0.0074;3.6997,-0.0075;3.7014,-0.0075;3.7034,-0.0075;3.7059,-0.0075;3.7095,-0.0075;3.7144,-0.0075;3.7202,-0.0075;3.7265,-0.0075;3.7334,-0.0075;3.7425,-0.0076;3.7570,-0.0076"
40a11a64-aed4-49c1-b747-b3befdcd708d,7100000,0,0,0.0,SKIPPED,,,,4580,12,18.761,Stop to yield to the pedestrians crossing the crosswalk ahead.,0.2968,1.1817,"0.1434,-0.0000;0.2658,-0.0000;0.3687,-0.0000;0.4540,-0.0001;0.5244,-0.0001;0.5830,-0.0001;0.6322,-0.0001;0.6741,-0.0001;0.7100,-0.0001;0.7408,-0.0001;0.7667,-0.0001;0.7877,-0.0001;0.8031,-0.0001;0.8131,-0.0001;0.8182,-0.0001;0.8202,-0.0001;0.8207,-0.0001;0.8208,-0.0001;0.8204,-0.0001;0.8193,-0.0001;0.8173,-0.0001;0.8148,-0.0001;0.8122,-0.0001;0.8097,-0.0001;0.8073,-0.0001;0.8051,-0.0001;0.8029,-0.0001;0.8008,-0.0001;0.7988,-0.0001;0.7968,-0.0001;0.7949,-0.0001;0.7930,-0.0001;0.7911,-0.0001;0.7892,-0.0001;0.7874,-0.0001;0.7857,-0.0001;0.7844,-0.0001;0.7840,-0.0001;0.7846,-0.0001;0.7864,-0.0001;0.7898,-0.0001;0.7955,-0.0001;0.8043,-0.0001;0.8172,-0.0001;0.8353,-0.0001;0.8591,-0.0001;0.8892,-0.0002;0.9258,-0.0002;0.9694,-0.0002;1.0204,-0.0002;1.0795,-0.0003;1.1478,-0.0003;1.2263,-0.0004;1.3157,-0.0004;1.4163,-0.0005;1.5279,-0.0006;1.6501,-0.0008;1.7825,-0.0009;1.9245,-0.0010;2.0759,-0.0011;2.2367,-0.0012;2.4070,-0.0013;2.5873,-0.0013;2.7782,-0.0012","0.1451,-0.0000;0.2804,-0.0000;0.4029,-0.0001;0.5125,-0.0001;0.6094,-0.0002;0.6939,-0.0003;0.7656,-0.0003;0.8256,-0.0003;0.8758,-0.0003;0.9187,-0.0004;0.9565,-0.0004;0.9894,-0.0004;1.0176,-0.0004;1.0410,-0.0004;1.0608,-0.0004;1.0766,-0.0005;1.0891,-0.0005;1.0966,-0.0005;1.0991,-0.0005;1.0998,-0.0004;1.1019,-0.0005;1.1043,-0.0004;1.1043,-0.0004;1.1043,-0.0004;1.1043,-0.0004;1.1043,-0.0004;1.1043,-0.0004;1.1043,-0.0004;1.1043,-0.0004;1.1043,-0.0004;1.1043,-0.0004;1.1043,-0.0004;1.1043,-0.0004;1.1043,-0.0004;1.1043,-0.0004;1.1043,-0.0004;1.1043,-0.0004;1.1043,-0.0004;1.1043,-0.0004;1.1043,-0.0004;1.1043,-0.0004;1.1043,-0.0004;1.1043,-0.0004;1.1047,-0.0005;1.1064,-0.0005;1.1084,-0.0004;1.1109,-0.0005;1.1145,-0.0005;1.1193,-0.0005;1.1251,-0.0005;1.1315,-0.0005;1.1384,-0.0005;1.1475,-0.0005;1.1620,-0.0005;1.1822,-0.0005;1.2081,-0.0005;1.2389,-0.0005;1.2747,-0.0005;1.3152,-0.0005;1.3607,-0.0005;1.4115,-0.0005;1.4679,-0.0005;1.5297,-0.0005;1.5965,-0.0005"
40a11a64-aed4-49c1-b747-b3befdcd708d,8100000,0,0,0.0,SKIPPED,,,,4580,11,18.034,Stop to yield to the pedestrians crossing the road ahead.,1.2635,6.0672,"0.0344,-0.0000;0.0597,-0.0000;0.0781,-0.0000;0.0922,-0.0000;0.1037,-0.0000;0.1137,-0.0000;0.1222,-0.0000;0.1287,-0.0000;0.1332,-0.0000;0.1362,-0.0000;0.1384,-0.0000;0.1404,-0.0000;0.1424,-0.0000;0.1445,-0.0000;0.1467,-0.0000;0.1489,-0.0000;0.1512,-0.0000;0.1536,-0.0000;0.1561,-0.0000;0.1587,-0.0000;0.1614,-0.0000;0.1641,-0.0000;0.1669,-0.0000;0.1697,-0.0000;0.1729,-0.0000;0.1775,-0.0000;0.1847,-0.0000;0.1959,-0.0000;0.2125,-0.0000;0.2355,-0.0000;0.2661,-0.0000;0.3050,-0.0000;0.3529,-0.0000;0.4098,-0.0000;0.4762,-0.0000;0.5524,-0.0000;0.6387,-0.0000;0.7354,-0.0000;0.8430,-0.0000;0.9620,-0.0001;1.0931,-0.0001;1.2371,-0.0001;1.3945,-0.0001;1.5657,-0.0001;1.7508,-0.0001;1.9496,-0.0002;2.1623,-0.0002;2.3886,-0.0003;2.6286,-0.0004;2.8823,-0.0004;3.1498,-0.0005;3.4313,-0.0006;3.7268,-0.0007;4.0366,-0.0007;4.3606,-0.0008;4.6988,-0.0009;5.0511,-0.0010;5.4175,-0.0011;5.7978,-0.0012;6.1918,-0.0013;6.5994,-0.0015;7.0202,-0.0017;7.4541,-0.0019;7.9010,-0.0021","0.0369,-0.0000;0.0698,-0.0000;0.0980,-0.0000;0.1214,-0.0000;0.1411,-0.0000;0.1570,-0.0001;0.1694,-0.0001;0.1769,-0.0001;0.1794,-0.0001;0.1801,-0.0000;0.1822,-0.0000;0.1847,-0.0000;0.1847,-0.0000;0.1847,-0.0000;0.1847,-0.0000;0.1847,-0.0000;0.1847,-0.0000;0.1847,-0.0000;0.1847,-0.0000;0.1847,-0.0000;0.1847,-0.0000;0.1847,-0.0000;0.1847,-0.0000;0.1847,-0.0000;0.1847,-0.0000;0.1847,-0.0000;0.1847,-0.0000;0.1847,-0.0000;0.1847,-0.0000;0.1847,-0.0000;0.1847,-0.0000;0.1847,-0.0000;0.1847,-0.0000;0.1851,-0.0000;0.1867,-0.0000;0.1887,-0.0000;0.1913,-0.0000;0.1949,-0.0001;0.1997,-0.0001;0.2055,-0.0001;0.2118,-0.0000;0.2187,-0.0000;0.2278,-0.0001;0.2424,-0.0000;0.2626,-0.0000;0.2884,-0.0000;0.3193,-0.0000;0.3551,-0.0000;0.3956,-0.0000;0.4410,-0.0000;0.4919,0.0000;0.5483,0.0000;0.6100,0.0001;0.6769,0.0001;0.7497,0.0002;0.8290,0.0002;0.9163,0.0003;1.0134,0.0004;1.1208,0.0005;1.2393,0.0005;1.3687,0.0006;1.5101,0.0006;1.6650,0.0007;1.8338,0.0008"
40a11a64-aed4-49c1-b747-b3befdcd708d,9100000,0,0,0.0,SKIPPED,,,,4580,10,17.425,Yield due to pedestrians crossing the crosswalk ahead,0.626,3.9896,"0.0005,0.0000;0.0024,0.0000;0.0044,0.0000;0.0058,0.0000;0.0067,0.0000;0.0076,0.0000;0.0087,0.0000;0.0100,0.0000;0.0113,0.0000;0.0128,0.0000;0.0142,0.0000;0.0156,0.0000;0.0169,0.0000;0.0183,0.0000;0.0198,0.0000;0.0213,0.0000;0.0229,0.0000;0.0245,0.0000;0.0261,0.0000;0.0277,0.0000;0.0293,0.0000;0.0308,0.0000;0.0322,0.0000;0.0337,0.0000;0.0352,0.0000;0.0367,0.0000;0.0383,0.0000;0.0398,0.0000;0.0414,0.0000;0.0430,0.0000;0.0447,0.0000;0.0463,0.0000;0.0480,0.0000;0.0497,0.0000;0.0515,0.0000;0.0533,0.0000;0.0551,0.0000;0.0569,0.0000;0.0587,0.0000;0.0605,0.0000;0.0623,0.0000;0.0641,0.0000;0.0659,0.0000;0.0677,0.0000;0.0695,0.0000;0.0713,0.0000;0.0731,0.0000;0.0749,0.0000;0.0768,0.0000;0.0787,0.0000;0.0807,0.0000;0.0827,0.0000;0.0847,0.0000;0.0868,0.0000;0.0888,0.0000;0.0909,0.0000;0.0930,0.0000;0.0951,0.0000;0.0973,0.0000;0.0994,0.0000;0.1016,0.0000;0.1038,0.0000;0.1060,0.0000;0.1082,0.0000","0.0021,-0.0000;0.0045,-0.0000;0.0045,-0.0000;0.0045,-0.0000;0.0045,-0.0000;0.0045,-0.0000;0.0045,-0.0000;0.0045,-0.0000;0.0045,-0.0000;0.0045,-0.0000;0.0045,-0.0000;0.0045,-0.0000;0.0045,-0.0000;0.0045,-0.0000;0.0045,-0.0000;0.0045,-0.0000;0.0045,-0.0000;0.0045,-0.0000;0.0045,-0.0000;0.0045,-0.0000;0.0045,-0.0000;0.0045,-0.0000;0.0045,-0.0000;0.0049,-0.0000;0.0066,-0.0000;0.0086,-0.0000;0.0111,-0.0000;0.0147,-0.0001;0.0196,-0.0001;0.0253,-0.0001;0.0317,-0.0000;0.0386,-0.0000;0.0477,-0.0000;0.0622,-0.0000;0.0825,-0.0000;0.1083,-0.0000;0.1392,-0.0000;0.1749,-0.0000;0.2155,-0.0000;0.2609,-0.0000;0.3117,0.0000;0.3681,0.0000;0.4299,0.0001;0.4968,0.0001;0.5695,0.0001;0.6489,0.0002;0.7362,0.0002;0.8333,0.0003;0.9407,0.0004;1.0591,0.0004;1.1886,0.0005;1.3299,0.0005;1.4849,0.0006;1.6536,0.0006;1.8369,0.0007;2.0350,0.0006;2.2477,0.0004;2.4745,0.0005;2.7143,0.0005;2.9661,0.0003;3.2304,-0.0004;3.5069,-0.0009;3.7960,-0.0011;4.0978,-0.0012"
40a11a64-aed4-49c1-b747-b3befdcd708d,10100000,0,0,0.0,SKIPPED,,,,4580,9,16.909,Yield due to pedestrians crossing the crosswalk,0.2902,1.6558,"-0.0001,0.0000;-0.0002,0.0000;-0.0003,0.0000;-0.0004,0.0000;-0.0005,0.0000;-0.0006,0.0000;-0.0006,0.0000;-0.0006,0.0000;-0.0006,0.0000;-0.0006,0.0000;-0.0006,0.0000;-0.0007,-0.0000;-0.0008,-0.0000;-0.0008,-0.0000;-0.0006,-0.0000;-0.0000,-0.0000;0.0012,-0.0000;0.0032,-0.0000;0.0059,-0.0000;0.0093,-0.0000;0.0132,-0.0000;0.0178,-0.0000;0.0233,-0.0000;0.0298,-0.0000;0.0381,-0.0000;0.0488,-0.0000;0.0632,-0.0000;0.0827,-0.0000;0.1087,-0.0000;0.1425,-0.0000;0.1850,-0.0000;0.2367,-0.0001;0.2979,-0.0001;0.3688,-0.0002;0.4498,-0.0002;0.5414,-0.0003;0.6445,-0.0005;0.7600,-0.0006;0.8890,-0.0009;1.0327,-0.0011;1.1924,-0.0015;1.3691,-0.0019;1.5637,-0.0023;1.7764,-0.0029;2.0072,-0.0036;2.2559,-0.0043;2.5222,-0.0052;2.8056,-0.0061;3.1059,-0.0071;3.4227,-0.0081;3.7558,-0.0091;4.1047,-0.0101;4.4691,-0.0110;4.8484,-0.0118;5.2422,-0.0125;5.6501,-0.0130;6.0716,-0.0134;6.5064,-0.0137;6.9543,-0.0138;7.4153,-0.0137;7.8892,-0.0136;8.3760,-0.0132;8.8756,-0.0128;9.3877,-0.0121","0.0000,0.0000;0.0000,0.0000;0.0000,0.0000;0.0000,0.0000;0.0000,0.0000;0.0000,0.0000;0.0000,0.0000;0.0000,0.0000;0.0000,0.0000;0.0000,0.0000;0.0000,0.0000;0.0000,0.0000;0.0000,0.0000;0.0004,-0.0000;0.0021,-0.0000;0.0041,-0.0000;0.0066,-0.0000;0.0102,-0.0000;0.0151,-0.0001;0.0208,-0.0001;0.0272,-0.0000;0.0341,-0.0000;0.0432,-0.0000;0.0577,-0.0000;0.0779,-0.0000;0.1038,-0.0000;0.1347,-0.0000;0.1704,-0.0000;0.2109,-0.0000;0.2564,-0.0000;0.3072,-0.0000;0.3636,-0.0000;0.4254,0.0000;0.4922,0.0000;0.5650,0.0001;0.6444,0.0001;0.7317,0.0002;0.8287,0.0002;0.9362,0.0003;1.0546,0.0003;1.1841,0.0004;1.3254,0.0004;1.4804,0.0004;1.6491,0.0004;1.8323,0.0005;2.0305,0.0004;2.2432,0.0002;2.4700,0.0003;2.7098,0.0003;2.9616,0.0000;3.2259,-0.0007;3.5024,-0.0012;3.7914,-0.0015;4.0933,-0.0016;4.4072,-0.0027;4.7317,-0.0028;5.0670,-0.0035;5.4144,-0.0043;5.7735,-0.0047;6.1443,-0.0059;6.5261,-0.0060;6.9180,-0.0068;7.3196,-0.0070;7.7319,-0.0072"
40a11a64-aed4-49c1-b747-b3befdcd708d,11100000,0,0,0.0,SKIPPED,,,,4580,10,17.458,Yield due to pedestrians crossing the crosswalk ahead,1.1721,3.015,"-0.0000,-0.0000;-0.0001,-0.0000;-0.0001,-0.0000;-0.0002,-0.0000;-0.0002,-0.0000;-0.0003,0.0000;-0.0003,0.0000;-0.0004,0.0000;-0.0004,0.0000;-0.0005,0.0000;-0.0006,0.0000;-0.0007,0.0000;-0.0008,0.0000;-0.0008,0.0000;-0.0005,0.0000;-0.0000,0.0000;0.0008,0.0000;0.0018,0.0000;0.0030,0.0000;0.0043,0.0000;0.0057,0.0000;0.0079,0.0000;0.0113,0.0000;0.0168,0.0000;0.0253,0.0000;0.0378,0.0000;0.0554,0.0000;0.0798,0.0000;0.1122,0.0000;0.1539,0.0000;0.2058,0.0001;0.2685,0.0001;0.3432,0.0001;0.4309,0.0002;0.5331,0.0003;0.6515,0.0005;0.7872,0.0006;0.9411,0.0009;1.1134,0.0012;1.3038,0.0015;1.5118,0.0019;1.7365,0.0024;1.9770,0.0029;2.2323,0.0035;2.5014,0.0041;2.7834,0.0049;3.0775,0.0057;3.3829,0.0066;3.6989,0.0077;4.0252,0.0089;4.3611,0.0102;4.7064,0.0118;5.0607,0.0135;5.4236,0.0155;5.7945,0.0176;6.1725,0.0200;6.5565,0.0226;6.9451,0.0255;7.3370,0.0285;7.7310,0.0317;8.1263,0.0351;8.5226,0.0387;8.9200,0.0425;9.3189,0.0466","0.0000,0.0000;0.0000,0.0000;0.0000,0.0000;0.0004,-0.0000;0.0021,-0.0000;0.0041,-0.0000;0.0066,-0.0000;0.0102,-0.0000;0.0151,-0.0001;0.0208,-0.0001;0.0272,-0.0000;0.0341,-0.0000;0.0432,-0.0000;0.0577,-0.0000;0.0779,-0.0000;0.1038,-0.0000;0.1347,-0.0000;0.1704,-0.0000;0.2109,-0.0000;0.2564,-0.0000;0.3072,-0.0000;0.3636,-0.0000;0.4254,0.0000;0.4922,0.0000;0.5650,0.0001;0.6444,0.0001;0.7317,0.0002;0.8287,0.0002;0.9362,0.0003;1.0546,0.0003;1.1841,0.0004;1.3254,0.0004;1.4804,0.0004;1.6491,0.0004;1.8323,0.0005;2.0305,0.0004;2.2432,0.0002;2.4700,0.0003;2.7098,0.0003;2.9616,0.0000;3.2259,-0.0007;3.5024,-0.0012;3.7914,-0.0015;4.0933,-0.0016;4.4072,-0.0027;4.7317,-0.0028;5.0670,-0.0035;5.4144,-0.0043;5.7735,-0.0047;6.1443,-0.0059;6.5261,-0.0060;6.9180,-0.0068;7.3196,-0.0070;7.7319,-0.0072;8.1551,-0.0073;8.5874,-0.0072;9.0276,-0.0057;9.4753,-0.0049;9.9306,-0.0047;10.3934,-0.0030;10.8649,-0.0011;11.3453,0.0006;11.8350,0.0024;12.3336,0.0050"
40a11a64-aed4-49c1-b747-b3befdcd708d,12100000,0,0,0.0,SKIPPED,,,,4580,9,16.844,Stop to yield to the pedestrians crossing ahead.,5.7261,16.2144,"0.0085,-0.0000;0.0227,-0.0000;0.0456,-0.0000;0.0791,-0.0000;0.1243,-0.0000;0.1818,-0.0000;0.2522,-0.0000;0.3364,-0.0000;0.4357,-0.0001;0.5515,-0.0001;0.6850,-0.0001;0.8370,-0.0001;1.0079,-0.0000;1.1978,0.0001;1.4065,0.0003;1.6339,0.0006;1.8802,0.0012;2.1453,0.0019;2.4295,0.0029;2.7330,0.0044;3.0563,0.0063;3.3997,0.0089;3.7637,0.0121;4.1485,0.0163;4.5542,0.0214;4.9807,0.0277;5.4277,0.0352;5.8948,0.0441;6.3818,0.0545;6.8884,0.0666;7.4144,0.0803;7.9594,0.0958;8.5230,0.1132;9.1046,0.1324;9.7037,0.1535;10.3195,0.1764;10.9508,0.2011;11.5965,0.2274;12.2560,0.2552;12.9289,0.2843;13.6154,0.3146;14.3160,0.3461;15.0313,0.3785;15.7619,0.4120;16.5081,0.4464;17.2708,0.4817;18.0504,0.5178;18.8475,0.5547;19.6629,0.5925;20.4967,0.6310;21.3493,0.6703;22.2207,0.7102;23.1103,0.7507;24.0178,0.7917;24.9425,0.8329;25.8842,0.8742;26.8425,0.9156;27.8173,0.9568;28.8080,0.9979;29.8136,1.0389;30.8329,1.0796;31.8641,1.1203;32.9051,1.1609;33.9537,1.2013","0.0062,0.0000;0.0131,0.0000;0.0222,0.0000;0.0368,0.0000;0.0570,0.0000;0.0828,0.0000;0.1137,0.0000;0.1494,0.0000;0.1900,-0.0000;0.2354,-0.0000;0.2862,0.0000;0.3427,0.0000;0.4044,0.0001;0.4713,0.0001;0.5440,0.0001;0.6234,0.0002;0.7107,0.0002;0.8078,0.0003;0.9152,0.0003;1.0337,0.0003;1.1631,0.0004;1.3044,0.0004;1.4594,0.0005;1.6281,0.0005;1.8114,0.0005;2.0095,0.0004;2.2222,0.0003;2.4490,0.0003;2.6888,0.0003;2.9406,0.0000;3.2049,-0.0007;3.4815,-0.0012;3.7705,-0.0015;4.0723,-0.0016;4.3862,-0.0027;4.7107,-0.0028;5.0460,-0.0035;5.3934,-0.0043;5.7525,-0.0047;6.1233,-0.0059;6.5052,-0.0060;6.8971,-0.0068;7.2986,-0.0070;7.7109,-0.0072;8.1341,-0.0073;8.5664,-0.0072;9.0066,-0.0058;9.4544,-0.0049;9.9096,-0.0047;10.3725,-0.0031;10.8439,-0.0011;11.3243,0.0005;11.8140,0.0024;12.3127,0.0050;12.8199,0.0070;13.3354,0.0119;13.8600,0.0151;14.3935,0.0198;14.9370,0.0266;15.4902,0.0367;16.0525,0.0496;16.6217,0.0665;17.1956,0.0892;17.7757,0.1152"
40a11a64-aed4-49c1-b747-b3befdcd708d,13100000,0,0,0.0,SKIPPED,,,,4580,11,18.112,Stop to yield to the pedestrians crossing the road ahead.,0.5386,0.3253,"0.0505,-0.0000;0.1070,-0.0000;0.1711,-0.0000;0.2442,-0.0001;0.3274,-0.0001;0.4214,-0.0002;0.5269,-0.0002;0.6444,-0.0003;0.7746,-0.0004;0.9181,-0.0006;1.0754,-0.0007;1.2468,-0.0008;1.4327,-0.0009;1.6329,-0.0009;1.8472,-0.0008;2.0755,-0.0006;2.3171,-0.0000;2.5717,0.0008;2.8389,0.0021;3.1181,0.0040;3.4092,0.0065;3.7121,0.0097;4.0267,0.0138;4.3530,0.0186;4.6911,0.0243;5.0411,0.0310;5.4033,0.0385;5.7780,0.0470;6.1656,0.0564;6.5663,0.0667;6.9803,0.0779;7.4073,0.0900;7.8464,0.1029;8.2962,0.1166;8.7545,0.1311;9.2197,0.1462;9.6902,0.1620;10.1653,0.1783;10.6445,0.1952;11.1271,0.2125;11.6128,0.2303;12.1011,0.2484;12.5921,0.2667;13.0857,0.2854;13.5821,0.3043;14.0813,0.3234;14.5831,0.3427;15.0873,0.3621;15.5935,0.3815;16.1015,0.4010;16.6111,0.4205;17.1225,0.4398;17.6355,0.4591;18.1502,0.4781;18.6661,0.4968;19.1830,0.5152;19.7005,0.5331;20.2184,0.5506;20.7364,0.5675;21.2544,0.5838;21.7720,0.5994;22.2889,0.6143;22.8047,0.6285;23.3191,0.6419","0.0498,0.0000;0.1062,0.0000;0.1679,0.0001;0.2348,0.0000;0.3076,0.0001;0.3869,0.0001;0.4742,0.0001;0.5713,0.0002;0.6787,0.0002;0.7972,0.0003;0.9267,0.0003;1.0680,0.0003;1.2229,0.0003;1.3917,0.0003;1.5749,0.0003;1.7731,0.0003;1.9858,0.0000;2.2126,0.0001;2.4524,0.0000;2.7042,-0.0003;2.9685,-0.0010;3.2450,-0.0016;3.5340,-0.0019;3.8358,-0.0020;4.1498,-0.0032;4.4742,-0.0033;4.8096,-0.0040;5.1569,-0.0049;5.5161,-0.0053;5.8868,-0.0065;6.2687,-0.0067;6.6606,-0.0075;7.0622,-0.0078;7.4745,-0.0080;7.8977,-0.0082;8.3299,-0.0081;8.7702,-0.0067;9.2179,-0.0059;9.6732,-0.0058;10.1360,-0.0042;10.6075,-0.0023;11.0878,-0.0007;11.5776,0.0011;12.0762,0.0036;12.5834,0.0056;13.0989,0.0105;13.6236,0.0136;14.1571,0.0182;14.7006,0.0250;15.2537,0.0350;15.8160,0.0479;16.3852,0.0646;16.9591,0.0873;17.5393,0.1132;18.1250,0.1439;18.7155,0.1794;19.3107,0.2210;19.9102,0.2687;20.5142,0.3200;21.1276,0.3787;21.7493,0.4419;22.3761,0.5105;23.0076,0.5851;23.6435,0.6653"
40a11a64-aed4-49c1-b747-b3befdcd708d,14100000,0,0,0.0,SKIPPED,,,,4580,9,16.997,Stop to yield to the pedestrians crossing ahead.,0.9466,2.1149,"0.1294,-0.0000;0.2691,-0.0000;0.4192,-0.0001;0.5797,-0.0002;0.7506,-0.0003;0.9321,-0.0004;1.1239,-0.0006;1.3261,-0.0008;1.5387,-0.0010;1.7618,-0.0012;1.9956,-0.0014;2.2406,-0.0017;2.4972,-0.0018;2.7660,-0.0019;3.0475,-0.0019;3.3418,-0.0018;3.6487,-0.0014;3.9675,-0.0008;4.2970,-0.0000;4.6364,0.0011;4.9850,0.0026;5.3431,0.0046;5.7112,0.0070;6.0895,0.0099;6.4774,0.0135;6.8739,0.0177;7.2780,0.0227;7.6895,0.0286;8.1088,0.0356;8.5367,0.0437;8.9736,0.0533;9.4197,0.0645;9.8744,0.0775;10.3375,0.0927;10.8088,0.1103;11.2882,0.1305;11.7758,0.1536;12.2716,0.1800;12.7756,0.2097;13.2876,0.2430;13.8072,0.2802;14.3340,0.3211;14.8675,0.3660;15.4073,0.4147;15.9531,0.4673;16.5048,0.5238;17.0622,0.5842;17.6257,0.6485;18.1954,0.7168;18.7720,0.7891;19.3562,0.8654;19.9481,0.9453;20.5468,1.0283;21.1505,1.1136;21.7579,1.2002;22.3684,1.2873;22.9828,1.3745;23.6021,1.4612;24.2266,1.5471;24.8553,1.6316;25.4870,1.7140;26.1205,1.7940;26.7552,1.8710;27.3909,1.9450","0.1267,0.0000;0.2680,-0.0000;0.4230,-0.0000;0.5917,-0.0001;0.7750,-0.0001;0.9731,-0.0002;1.1858,-0.0005;1.4126,-0.0005;1.6524,-0.0006;1.9042,-0.0009;2.1685,-0.0017;2.4450,-0.0023;2.7340,-0.0027;3.0359,-0.0029;3.3498,-0.0041;3.6743,-0.0043;4.0096,-0.0051;4.3570,-0.0060;4.7161,-0.0066;5.0869,-0.0079;5.4687,-0.0081;5.8606,-0.0090;6.2622,-0.0094;6.6745,-0.0097;7.0977,-0.0099;7.5300,-0.0099;7.9702,-0.0087;8.4179,-0.0079;8.8732,-0.0079;9.3360,-0.0064;9.8075,-0.0046;10.2879,-0.0031;10.7776,-0.0014;11.2762,0.0010;11.7834,0.0028;12.2990,0.0077;12.8236,0.0106;13.3571,0.0151;13.9006,0.0218;14.4538,0.0317;15.0161,0.0445;15.5853,0.0611;16.1592,0.0836;16.7394,0.1094;17.3250,0.1400;17.9156,0.1754;18.5108,0.2169;19.1103,0.2644;19.7143,0.3156;20.3277,0.3742;20.9495,0.4372;21.5762,0.5057;22.2077,0.5802;22.8437,0.6602;23.4849,0.7463;24.1319,0.8370;24.7842,0.9323;25.4408,1.0300;26.1024,1.1300;26.7695,1.2321;27.4417,1.3356;28.1186,1.4409;28.8001,1.5468;29.4856,1.6532"
40a11a64-aed4-49c1-b747-b3befdcd708d,15100000,0,0,0.0,SKIPPED,,,,4580,10,17.656,Yield due to pedestrians crossing the crosswalk ahead,2.0598,5.541,"0.2643,-0.0000;0.5423,-0.0000;0.8339,-0.0000;1.1392,-0.0000;1.4582,0.0001;1.7909,0.0004;2.1372,0.0009;2.4972,0.0016;2.8710,0.0026;3.2584,0.0038;3.6594,0.0055;4.0738,0.0075;4.5015,0.0098;4.9426,0.0124;5.3972,0.0154;5.8656,0.0186;6.3479,0.0220;6.8442,0.0257;7.3544,0.0297;7.8787,0.0339;8.4173,0.0385;8.9703,0.0436;9.5378,0.0494;10.1194,0.0565;10.7148,0.0652;11.3236,0.0763;11.9456,0.0906;12.5803,0.1092;13.2276,0.1330;13.8867,0.1636;14.5568,0.2022;15.2367,0.2501;15.9254,0.3085;16.6216,0.3782;17.3244,0.4597;18.0334,0.5534;18.7483,0.6592;19.4689,0.7766;20.1951,0.9050;20.9266,1.0430;21.6629,1.1889;22.4037,1.3408;23.1493,1.4965;23.9002,1.6539;24.6569,1.8110;25.4194,1.9659;26.1874,2.1169;26.9609,2.2626;27.7398,2.4023;28.5250,2.5354;29.3172,2.6614;30.1168,2.7800;30.9235,2.8912;31.7367,2.9946;32.5560,3.0901;33.3810,3.1777;34.2118,3.2574;35.0482,3.3293;35.8902,3.3937;36.7376,3.4509;37.5903,3.5013;38.4487,3.5452;39.3130,3.5831;40.1837,3.6155","0.2586,-0.0005;0.5351,-0.0008;0.8241,-0.0008;1.1260,-0.0007;1.4399,-0.0016;1.7644,-0.0015;2.0997,-0.0019;2.4471,-0.0024;2.8062,-0.0026;3.1770,-0.0035;3.5588,-0.0033;3.9507,-0.0038;4.3523,-0.0037;4.7646,-0.0036;5.1878,-0.0033;5.6201,-0.0029;6.0603,-0.0011;6.5080,0.0001;6.9633,0.0006;7.4261,0.0026;7.8976,0.0049;8.3779,0.0069;8.8677,0.0091;9.3663,0.0121;9.8735,0.0145;10.3890,0.0199;10.9137,0.0234;11.4472,0.0285;11.9907,0.0357;12.5438,0.0463;13.1061,0.0596;13.6753,0.0769;14.2492,0.1000;14.8293,0.1264;15.4150,0.1577;16.0055,0.1936;16.6006,0.2358;17.2001,0.2840;17.8041,0.3358;18.4174,0.3951;19.0391,0.4588;19.6657,0.5279;20.2972,0.6031;20.9331,0.6839;21.5742,0.7706;22.2211,0.8621;22.8733,0.9580;23.5298,1.0564;24.1913,1.1572;24.8582,1.2599;25.5303,1.3642;26.2071,1.4703;26.8885,1.5769;27.5739,1.6840;28.2674,1.7920;28.9662,1.9003;29.6694,2.0089;30.3791,2.1166;31.0929,2.2226;31.8101,2.3262;32.5313,2.4259;33.2576,2.5205;33.9869,2.6115;34.7191,2.6988"
40a11a64-aed4-49c1-b747-b3befdcd708d,16100000,0,0,0.0,SKIPPED,,,,4580,16,20.888,Keep distance to the lead vehicle because it is directly ahead in the same lane.,3.0373,10.3533,"0.3811,0.0000;0.7710,0.0002;1.1697,0.0005;1.5772,0.0011;1.9935,0.0020;2.4183,0.0033;2.8515,0.0052;3.2926,0.0078;3.7415,0.0113;4.1980,0.0159;4.6618,0.0217;5.1328,0.0291;5.6110,0.0382;6.0959,0.0492;6.5872,0.0625;7.0838,0.0781;7.5847,0.0961;8.0885,0.1165;8.5943,0.1393;9.1011,0.1645;9.6080,0.1920;10.1141,0.2215;10.6186,0.2530;11.1208,0.2861;11.6205,0.3207;12.1172,0.3566;12.6105,0.3935;13.1003,0.4311;13.5859,0.4694;14.0672,0.5080;14.5438,0.5469;15.0155,0.5860;15.4826,0.6251;15.9450,0.6642;16.4029,0.7034;16.8561,0.7425;17.3040,0.7815;17.7464,0.8203;18.1829,0.8589;18.6138,0.8973;19.0392,0.9356;19.4591,0.9738;19.8738,1.0119;20.2835,1.0502;20.6889,1.0887;21.0905,1.1276;21.4893,1.1672;21.8860,1.2076;22.2814,1.2491;22.6765,1.2918;23.0724,1.3360;23.4703,1.3818;23.8713,1.4294;24.2762,1.4788;24.6858,1.5300;25.1010,1.5831;25.5225,1.6381;25.9511,1.6948;26.3873,1.7531;26.8319,1.8130;27.2852,1.8743;27.7481,1.9369;28.2211,2.0006;28.7047,2.0654","0.3735,0.0004;0.7654,0.0002;1.1670,0.0005;1.5793,0.0009;2.0025,0.0014;2.4348,0.0021;2.8750,0.0041;3.3227,0.0056;3.7780,0.0064;4.2408,0.0087;4.7123,0.0113;5.1926,0.0136;5.6824,0.0161;6.1810,0.0194;6.6882,0.0221;7.2037,0.0278;7.7284,0.0317;8.2619,0.0371;8.8053,0.0447;9.3585,0.0556;9.9207,0.0693;10.4899,0.0869;11.0638,0.1104;11.6439,0.1372;12.2296,0.1688;12.8200,0.2051;13.4152,0.2476;14.0146,0.2962;14.6185,0.3484;15.2318,0.4080;15.8535,0.4721;16.4801,0.5416;17.1115,0.6173;17.7473,0.6984;18.3884,0.7855;19.0352,0.8774;19.6874,0.9737;20.3438,1.0725;21.0053,1.1737;21.6721,1.2769;22.3442,1.3816;23.0209,1.4881;23.7022,1.5951;24.3875,1.7026;25.0809,1.8110;25.7797,1.9198;26.4828,2.0288;27.1925,2.1370;27.9062,2.2434;28.6234,2.3475;29.3445,2.4476;30.0707,2.5426;30.7999,2.6341;31.5321,2.7219;32.2677,2.8036;33.0055,2.8799;33.7452,2.9511;34.4870,3.0163;35.2317,3.0754;35.9790,3.1303;36.7290,3.1809;37.4820,3.2241;38.2339,3.2614;38.9850,3.2931"
40a11a64-aed4-49c1-b747-b3befdcd708d,17100000,0,0,0.0,SKIPPED,,,,4580,9,17.187,Nudge left to pass the lead vehicle ahead,2.9087,12.1596,"0.4709,0.0002;0.9503,0.0008;1.4381,0.0019;1.9339,0.0038;2.4375,0.0064;2.9485,0.0101;3.4668,0.0149;3.9921,0.0210;4.5239,0.0284;5.0620,0.0373;5.6056,0.0476;6.1546,0.0594;6.7088,0.0726;7.2683,0.0873;7.8331,0.1034;8.4029,0.1209;8.9774,0.1397;9.5562,0.1597;10.1395,0.1809;10.7273,0.2031;11.3194,0.2263;11.9148,0.2503;12.5121,0.2749;13.1103,0.3001;13.7088,0.3257;14.3081,0.3518;14.9088,0.3782;15.5113,0.4050;16.1154,0.4323;16.7202,0.4601;17.3245,0.4886;17.9272,0.5178;18.5269,0.5478;19.1220,0.5786;19.7102,0.6101;20.2891,0.6420;20.8563,0.6739;21.4103,0.7055;21.9500,0.7365;22.4750,0.7667;22.9850,0.7956;23.4796,0.8231;23.9583,0.8488;24.4205,0.8725;24.8659,0.8939;25.2946,0.9130;25.7069,0.9296;26.1028,0.9437;26.4820,0.9553;26.8438,0.9645;27.1876,0.9714;27.5133,0.9761;27.8211,0.9788;28.1115,0.9798;28.3851,0.9793;28.6419,0.9774;28.8822,0.9745;29.1061,0.9706;29.3143,0.9661;29.5077,0.9611;29.6870,0.9557;29.8529,0.9501;30.0056,0.9444;30.1453,0.9387","0.4610,0.0004;0.9413,0.0005;1.4311,0.0007;1.9297,0.0017;2.4369,0.0021;2.9524,0.0054;3.4771,0.0068;4.0106,0.0097;4.5541,0.0148;5.1073,0.0232;5.6696,0.0342;6.2389,0.0492;6.8129,0.0701;7.3931,0.0942;7.9789,0.1231;8.5695,0.1566;9.1649,0.1964;9.7645,0.2422;10.3687,0.2916;10.9822,0.3484;11.6042,0.4096;12.2311,0.4762;12.8628,0.5489;13.4991,0.6271;14.1405,0.7113;14.7878,0.8001;15.4403,0.8935;16.0972,0.9892;16.7591,1.0874;17.4265,1.1874;18.0990,1.2890;18.7762,1.3924;19.4580,1.4962;20.1438,1.6006;20.8377,1.7058;21.5370,1.8113;22.2406,1.9171;22.9508,2.0220;23.6650,2.1251;24.3826,2.2258;25.1042,2.3226;25.8308,2.4143;26.5605,2.5023;27.2930,2.5868;28.0290,2.6651;28.7672,2.7379;29.5072,2.8057;30.2493,2.8674;30.9942,2.9231;31.7418,2.9745;32.4920,3.0216;33.2452,3.0614;33.9973,3.0952;34.7485,3.1234;35.4987,3.1449;36.2470,3.1592;36.9930,3.1682;37.7361,3.1719;38.4738,3.1692;39.2081,3.1612;39.9398,3.1492;40.6691,3.1338;41.3935,3.1126;42.1135,3.0881"
40a11a64-aed4-49c1-b747-b3befdcd708d,18100000,0,0,0.0,SKIPPED,,,,4580,17,21.41,Keep distance to the lead vehicle because a van ahead is slowing in the same lane.,0.9167,2.4712,"0.5627,0.0018;1.1341,0.0072;1.7140,0.0168;2.3022,0.0307;2.8980,0.0491;3.5013,0.0721;4.1120,0.0998;4.7304,0.1322;5.3565,0.1695;5.9903,0.2116;6.6315,0.2590;7.2800,0.3118;7.9359,0.3705;8.5993,0.4353;9.2705,0.5065;9.9496,0.5841;10.6361,0.6682;11.3295,0.7584;12.0291,0.8542;12.7344,0.9551;13.4455,1.0603;14.1623,1.1689;14.8849,1.2802;15.6135,1.3932;16.3478,1.5071;17.0872,1.6208;17.8312,1.7334;18.5788,1.8436;19.3294,1.9503;20.0825,2.0523;20.8380,2.1486;21.5962,2.2384;22.3575,2.3208;23.1218,2.3953;23.8890,2.4613;24.6585,2.5184;25.4296,2.5664;26.2018,2.6051;26.9752,2.6345;27.7501,2.6547;28.5269,2.6657;29.3057,2.6679;30.0857,2.6615;30.8663,2.6473;31.6465,2.6258;32.4262,2.5978;33.2057,2.5640;33.9855,2.5251;34.7662,2.4818;35.5474,2.4348;36.3290,2.3845;37.1103,2.3316;37.8913,2.2765;38.6718,2.2195;39.4520,2.1610;40.2321,2.1011;41.0120,2.0400;41.7916,1.9778;42.5704,1.9148;43.3482,1.8510;44.1248,1.7866;44.9000,1.7218;45.6739,1.6566;46.4464,1.5911","0.5497,0.0010;1.1192,0.0057;1.6934,0.0163;2.2740,0.0299;2.8602,0.0483;3.4513,0.0713;4.0473,0.1004;4.6477,0.1354;5.2526,0.1740;5.8671,0.2197;6.4901,0.2698;7.1181,0.3251;7.7510,0.3864;8.3885,0.4531;9.0314,0.5258;9.6801,0.6030;10.3343,0.6846;10.9928,0.7686;11.6564,0.8548;12.3254,0.9429;12.9996,1.0323;13.6786,1.1235;14.3622,1.2151;15.0497,1.3072;15.7454,1.3999;16.4464,1.4928;17.1519,1.5859;17.8638,1.6781;18.5797,1.7683;19.2991,1.8561;20.0223,1.9400;20.7504,2.0186;21.4815,2.0935;22.2155,2.1648;22.9528,2.2298;23.6921,2.2894;24.4332,2.3440;25.1763,2.3923;25.9221,2.4346;26.6705,2.4726;27.4215,2.5062;28.1752,2.5325;28.9278,2.5527;29.6794,2.5675;30.4298,2.5755;31.1783,2.5763;31.9243,2.5719;32.6673,2.5623;33.4049,2.5464;34.1389,2.5251;34.8703,2.5000;35.5992,2.4715;36.3231,2.4373;37.0425,2.3999;37.7571,2.3592;38.4628,2.3126;39.1641,2.2635;39.8616,2.2121;40.5542,2.1552;41.2442,2.0953;41.9322,2.0328;42.6170,1.9641;43.3014,1.8925;43.9857,1.8183"
40a11a64-aed4-49c1-b747-b3befdcd708d,19100000,0,0,0.0,SKIPPED,,,,4580,12,18.873,Keep distance to the lead vehicle since it is slowing ahead.,1.407,2.913,"0.6239,0.0029;1.2532,0.0113;1.8864,0.0251;2.5220,0.0441;3.1585,0.0677;3.7951,0.0954;4.4317,0.1265;5.0687,0.1604;5.7070,0.1963;6.3466,0.2338;6.9874,0.2722;7.6283,0.3111;8.2689,0.3498;8.9094,0.3881;9.5513,0.4255;10.1964,0.4615;10.8462,0.4956;11.5012,0.5273;12.1611,0.5558;12.8251,0.5801;13.4925,0.5995;14.1632,0.6132;14.8372,0.6205;15.5148,0.6207;16.1957,0.6133;16.8798,0.5979;17.5665,0.5742;18.2552,0.5421;18.9456,0.5013;19.6374,0.4519;20.3303,0.3937;21.0233,0.3270;21.7156,0.2521;22.4063,0.1692;23.0955,0.0786;23.7837,-0.0193;24.4713,-0.1245;25.1587,-0.2364;25.8452,-0.3546;26.5297,-0.4784;27.2111,-0.6070;27.8888,-0.7398;28.5624,-0.8757;29.2323,-1.0139;29.8986,-1.1537;30.5618,-1.2942;31.2223,-1.4351;31.8804,-1.5758;32.5364,-1.7161;33.1903,-1.8559;33.8421,-1.9950;34.4916,-2.1335;35.1391,-2.2714;35.7848,-2.4089;36.4291,-2.5459;37.0723,-2.6826;37.7147,-2.8190;38.3563,-2.9550;38.9972,-3.0906;39.6379,-3.2259;40.2784,-3.3607;40.9191,-3.4952;41.5600,-3.6292;42.2010,-3.7625","0.6104,0.0006;1.2408,0.0061;1.8766,0.0172;2.5174,0.0333;3.1640,0.0548;3.8168,0.0805;4.4754,0.1101;5.1385,0.1417;5.8068,0.1752;6.4807,0.2100;7.1599,0.2459;7.8439,0.2831;8.5326,0.3203;9.2253,0.3577;9.9261,0.3950;10.6323,0.4323;11.3429,0.4693;12.0599,0.5048;12.7807,0.5381;13.5047,0.5688;14.2323,0.5952;14.9644,0.6159;15.6992,0.6328;16.4364,0.6457;17.1766,0.6523;17.9183,0.6532;18.6614,0.6489;19.4060,0.6383;20.1528,0.6215;20.9018,0.6002;21.6531,0.5743;22.4065,0.5408;23.1584,0.5015;23.9088,0.4567;24.6575,0.4053;25.4037,0.3470;26.1470,0.2836;26.8870,0.2152;27.6210,0.1410;28.3510,0.0617;29.0781,-0.0212;29.8025,-0.1072;30.5214,-0.1986;31.2356,-0.2928;31.9447,-0.3898;32.6446,-0.4921;33.3397,-0.5966;34.0310,-0.7030;34.7169,-0.8145;35.4000,-0.9288;36.0809,-1.0455;36.7581,-1.1682;37.4347,-1.2937;38.1110,-1.4218;38.7897,-1.5570;39.4706,-1.6955;40.1532,-1.8370;40.8376,-1.9819;41.5227,-2.1289;42.2086,-2.2776;42.8978,-2.4286;43.5894,-2.5809;44.2830,-2.7341;44.9793,-2.8868"
1de484ec-e29f-41ca-b4e8-4c91e0a1d66c,5100000,0,0,0.0,SKIPPED,,,,4580,10,16.03,Slow down due to the lead vehicle stopping ahead.,2.0699,4.6318,"0.3636,-0.0000;0.7245,-0.0000;1.0813,-0.0001;1.4329,-0.0001;1.7784,-0.0002;2.1174,-0.0004;2.4498,-0.0006;2.7756,-0.0008;3.0947,-0.0012;3.4068,-0.0016;3.7114,-0.0022;4.0080,-0.0028;4.2959,-0.0035;4.5744,-0.0044;4.8430,-0.0053;5.1015,-0.0062;5.3497,-0.0073;5.5878,-0.0083;5.8157,-0.0095;6.0335,-0.0106;6.2411,-0.0118;6.4384,-0.0130;6.6256,-0.0143;6.8031,-0.0155;6.9716,-0.0167;7.1321,-0.0180;7.2852,-0.0192;7.4313,-0.0205;7.5706,-0.0217;7.7034,-0.0230;7.8298,-0.0242;7.9500,-0.0253;8.0641,-0.0265;8.1720,-0.0276;8.2736,-0.0287;8.3688,-0.0297;8.4577,-0.0307;8.5407,-0.0316;8.6189,-0.0325;8.6933,-0.0333;8.7654,-0.0341;8.8363,-0.0350;8.9067,-0.0358;8.9769,-0.0366;9.0475,-0.0374;9.1185,-0.0383;9.1902,-0.0391;9.2624,-0.0400;9.3352,-0.0409;9.4086,-0.0418;9.4824,-0.0426;9.5568,-0.0435;9.6316,-0.0445;9.7068,-0.0454;9.7823,-0.0463;9.8582,-0.0472;9.9345,-0.0481;10.0110,-0.0491;10.0879,-0.0500;10.1650,-0.0509;10.2421,-0.0518;10.3193,-0.0528;10.3966,-0.0537;10.4739,-0.0546","0.3360,0.0001;0.6970,0.0006;1.0542,0.0012;1.4054,0.0015;1.7498,0.0017;2.0858,0.0023;2.4117,0.0026;2.7273,0.0034;3.0326,0.0045;3.3249,0.0048;3.6013,0.0041;3.8596,0.0050;4.1004,0.0052;4.3234,0.0046;4.5286,0.0046;4.7152,0.0048;4.8860,0.0046;5.0409,0.0048;5.1806,0.0050;5.3048,0.0051;5.4133,0.0052;5.5064,0.0053;5.5845,0.0054;5.6479,0.0055;5.6970,0.0055;5.7347,0.0056;5.7642,0.0056;5.7878,0.0056;5.8070,0.0056;5.8222,0.0056;5.8327,0.0056;5.8361,0.0056;5.8374,0.0056;5.8407,0.0056;5.8425,0.0056;5.8425,0.0056;5.8425,0.0056;5.8425,0.0056;5.8425,0.0056;5.8425,0.0056;5.8425,0.0056;5.8425,0.0056;5.8425,0.0056;5.8425,0.0056;5.8425,0.0056;5.8425,0.0056;5.8425,0.0056;5.8425,0.0056;5.8425,0.0056;5.8425,0.0056;5.8425,0.0056;5.8425,0.0056;5.8425,0.0056;5.8425,0.0056;5.8425,0.0056;5.8425,0.0056;5.8425,0.0056;5.8425,0.0056;5.8425,0.0056;5.8425,0.0056;5.8425,0.0056;5.8425,0.0056;5.8425,0.0056;5.8425,0.0056"
1de484ec-e29f-41ca-b4e8-4c91e0a1d66c,6100000,0,0,0.0,SKIPPED,,,,4580,10,17.017,Slow down due to the lead vehicle stopping ahead.,0.6145,0.387,"0.2794,-0.0000;0.5455,-0.0001;0.7987,-0.0002;1.0393,-0.0003;1.2676,-0.0004;1.4833,-0.0006;1.6866,-0.0007;1.8773,-0.0008;2.0556,-0.0009;2.2221,-0.0011;2.3773,-0.0011;2.5219,-0.0012;2.6560,-0.0013;2.7795,-0.0013;2.8921,-0.0013;2.9937,-0.0013;3.0842,-0.0013;3.1639,-0.0013;3.2331,-0.0013;3.2918,-0.0013;3.3405,-0.0013;3.3792,-0.0013;3.4083,-0.0013;3.4285,-0.0012;3.4407,-0.0012;3.4466,-0.0012;3.4480,-0.0012;3.4465,-0.0012;3.4434,-0.0012;3.4391,-0.0012;3.4332,-0.0012;3.4255,-0.0013;3.4158,-0.0013;3.4037,-0.0013;3.3893,-0.0013;3.3733,-0.0013;3.3565,-0.0013;3.3395,-0.0013;3.3224,-0.0013;3.3053,-0.0013;3.2882,-0.0013;3.2711,-0.0013;3.2542,-0.0013;3.2375,-0.0013;3.2209,-0.0013;3.2044,-0.0013;3.1880,-0.0013;3.1716,-0.0013;3.1551,-0.0013;3.1386,-0.0013;3.1219,-0.0013;3.1051,-0.0013;3.0884,-0.0013;3.0716,-0.0013;3.0549,-0.0013;3.0380,-0.0013;3.0211,-0.0013;3.0041,-0.0013;2.9869,-0.0013;2.9695,-0.0013;2.9521,-0.0013;2.9350,-0.0013;2.9182,-0.0013;2.9024,-0.0013","0.2545,-0.0013;0.5128,-0.0009;0.7535,-0.0014;0.9766,-0.0025;1.1818,-0.0029;1.3684,-0.0032;1.5391,-0.0037;1.6941,-0.0039;1.8337,-0.0040;1.9580,-0.0042;2.0665,-0.0043;2.1596,-0.0044;2.2377,-0.0045;2.3010,-0.0046;2.3501,-0.0047;2.3879,-0.0047;2.4174,-0.0048;2.4410,-0.0048;2.4601,-0.0048;2.4754,-0.0048;2.4858,-0.0049;2.4892,-0.0049;2.4905,-0.0049;2.4939,-0.0049;2.4957,-0.0049;2.4957,-0.0049;2.4957,-0.0049;2.4957,-0.0049;2.4957,-0.0049;2.4957,-0.0049;2.4957,-0.0049;2.4957,-0.0049;2.4957,-0.0049;2.4957,-0.0049;2.4957,-0.0049;2.4957,-0.0049;2.4957,-0.0049;2.4957,-0.0049;2.4957,-0.0049;2.4957,-0.0049;2.4957,-0.0049;2.4957,-0.0049;2.4957,-0.0049;2.4957,-0.0049;2.4957,-0.0049;2.4957,-0.0049;2.4957,-0.0049;2.4957,-0.0049;2.4957,-0.0049;2.4957,-0.0049;2.4957,-0.0049;2.4957,-0.0049;2.4957,-0.0049;2.4957,-0.0049;2.4957,-0.0049;2.4957,-0.0049;2.4957,-0.0049;2.4957,-0.0049;2.4957,-0.0049;2.4972,-0.0049;2.5010,-0.0049;2.5054,-0.0049;2.5104,-0.0049;2.5154,-0.0049"
1de484ec-e29f-41ca-b4e8-4c91e0a1d66c,7100000,0,0,0.0,SKIPPED,,,,4580,13,17.216,Stop to keep distance to the stopped lead vehicle blocking the lane.,0.2386,0.1621,"0.1089,-0.0000;0.2031,-0.0000;0.2845,-0.0000;0.3548,-0.0000;0.4156,-0.0000;0.4678,-0.0001;0.5123,-0.0001;0.5497,-0.0001;0.5806,-0.0001;0.6061,-0.0001;0.6273,-0.0001;0.6453,-0.0001;0.6607,-0.0001;0.6738,-0.0001;0.6847,-0.0001;0.6934,-0.0001;0.7005,-0.0001;0.7068,-0.0001;0.7130,-0.0001;0.7194,-0.0001;0.7262,-0.0001;0.7333,-0.0001;0.7408,-0.0001;0.7485,-0.0001;0.7565,-0.0001;0.7645,-0.0001;0.7724,-0.0001;0.7802,-0.0001;0.7879,-0.0001;0.7957,-0.0001;0.8035,-0.0001;0.8115,-0.0001;0.8196,-0.0001;0.8278,-0.0001;0.8360,-0.0001;0.8440,-0.0001;0.8517,-0.0001;0.8587,-0.0001;0.8644,-0.0001;0.8688,-0.0001;0.8720,-0.0001;0.8745,-0.0001;0.8768,-0.0001;0.8790,-0.0001;0.8814,-0.0001;0.8838,-0.0001;0.8863,-0.0001;0.8888,-0.0001;0.8912,-0.0001;0.8936,-0.0001;0.8960,-0.0001;0.8984,-0.0001;0.9009,-0.0001;0.9034,-0.0001;0.9060,-0.0001;0.9086,-0.0001;0.9114,-0.0001;0.9141,-0.0001;0.9169,-0.0001;0.9196,-0.0001;0.9221,-0.0001;0.9246,-0.0001;0.9270,-0.0001;0.9294,-0.0001","0.0996,-0.0000;0.1927,-0.0000;0.2708,-0.0000;0.3341,-0.0000;0.3833,-0.0000;0.4210,-0.0000;0.4505,-0.0000;0.4741,-0.0001;0.4933,-0.0001;0.5085,-0.0001;0.5190,-0.0001;0.5224,-0.0001;0.5237,-0.0001;0.5270,-0.0001;0.5288,-0.0001;0.5288,-0.0001;0.5288,-0.0001;0.5288,-0.0001;0.5288,-0.0001;0.5288,-0.0001;0.5288,-0.0001;0.5288,-0.0001;0.5288,-0.0001;0.5288,-0.0001;0.5288,-0.0001;0.5288,-0.0001;0.5288,-0.0001;0.5288,-0.0001;0.5288,-0.0001;0.5288,-0.0001;0.5288,-0.0001;0.5288,-0.0001;0.5288,-0.0001;0.5288,-0.0001;0.5288,-0.0001;0.5288,-0.0001;0.5288,-0.0001;0.5288,-0.0001;0.5288,-0.0001;0.5288,-0.0001;0.5288,-0.0001;0.5288,-0.0001;0.5288,-0.0001;0.5288,-0.0001;0.5288,-0.0001;0.5288,-0.0001;0.5288,-0.0001;0.5288,-0.0001;0.5288,-0.0001;0.5304,-0.0001;0.5341,-0.0001;0.5386,-0.0001;0.5435,-0.0001;0.5485,-0.0001;0.5537,-0.0001;0.5591,-0.0001;0.5680,-0.0001;0.5814,-0.0001;0.5993,-0.0001;0.6223,-0.0001;0.6508,-0.0001;0.6843,-0.0001;0.7232,-0.0000;0.7673,-0.0000"
1de484ec-e29f-41ca-b4e8-4c91e0a1d66c,8100000,0,0,0.0,SKIPPED,,,,4580,9,14.668,Stop to yield to the pedestrian crossing ahead.,0.5531,2.0523,"0.0114,0.0000;0.0187,0.0000;0.0232,0.0000;0.0263,0.0000;0.0285,0.0000;0.0299,0.0000;0.0307,0.0000;0.0308,0.0000;0.0308,0.0000;0.0307,0.0000;0.0307,0.0000;0.0308,0.0000;0.0309,0.0000;0.0311,0.0000;0.0312,0.0000;0.0313,0.0000;0.0314,0.0000;0.0314,0.0000;0.0315,0.0000;0.0316,0.0000;0.0317,0.0000;0.0319,0.0000;0.0320,0.0000;0.0321,0.0000;0.0322,0.0000;0.0324,0.0000;0.0326,0.0000;0.0330,0.0000;0.0341,0.0000;0.0361,0.0000;0.0390,0.0000;0.0430,0.0000;0.0487,0.0000;0.0573,0.0000;0.0704,0.0000;0.0903,0.0000;0.1189,0.0000;0.1579,-0.0000;0.2085,-0.0000;0.2712,-0.0000;0.3464,-0.0000;0.4334,-0.0001;0.5314,-0.0001;0.6394,-0.0002;0.7561,-0.0003;0.8801,-0.0004;1.0099,-0.0006;1.1441,-0.0009;1.2814,-0.0012;1.4206,-0.0015;1.5607,-0.0019;1.7007,-0.0024;1.8396,-0.0029;1.9763,-0.0034;2.1092,-0.0040;2.2369,-0.0046;2.3584,-0.0053;2.4729,-0.0059;2.5804,-0.0066;2.6806,-0.0072;2.7738,-0.0078;2.8599,-0.0084;2.9390,-0.0090;3.0109,-0.0095","0.0094,0.0000;0.0128,-0.0000;0.0141,-0.0000;0.0175,-0.0000;0.0193,-0.0000;0.0193,-0.0000;0.0193,-0.0000;0.0193,-0.0000;0.0193,-0.0000;0.0193,-0.0000;0.0193,-0.0000;0.0193,-0.0000;0.0193,-0.0000;0.0193,-0.0000;0.0193,-0.0000;0.0193,-0.0000;0.0193,-0.0000;0.0193,-0.0000;0.0193,-0.0000;0.0193,-0.0000;0.0193,-0.0000;0.0193,-0.0000;0.0193,-0.0000;0.0193,-0.0000;0.0193,-0.0000;0.0193,-0.0000;0.0193,-0.0000;0.0193,-0.0000;0.0193,-0.0000;0.0193,-0.0000;0.0193,-0.0000;0.0193,-0.0000;0.0193,-0.0000;0.0193,-0.0000;0.0193,-0.0000;0.0193,-0.0000;0.0193,-0.0000;0.0193,-0.0000;0.0193,-0.0000;0.0208,-0.0000;0.0246,-0.0000;0.0290,-0.0000;0.0340,-0.0000;0.0390,-0.0000;0.0441,-0.0000;0.0496,-0.0000;0.0585,-0.0000;0.0719,-0.0000;0.0898,-0.0000;0.1127,-0.0000;0.1413,0.0000;0.1748,0.0000;0.2137,0.0000;0.2577,0.0001;0.3068,0.0001;0.3608,0.0002;0.4198,0.0003;0.4836,0.0004;0.5521,0.0006;0.6252,0.0008;0.7026,0.0011;0.7836,0.0014;0.8688,0.0018;0.9587,0.0022"
1de484ec-e29f-41ca-b4e8-4c91e0a1d66c,9100000,0,0,0.0,SKIPPED,,,,4580,10,14.317,Yield by slowing due to the pedestrian crossing ahead,1.3261,2.591,"0.0007,-0.0000;0.0028,-0.0000;0.0065,-0.0000;0.0122,-0.0000;0.0201,-0.0000;0.0307,-0.0000;0.0441,0.0000;0.0603,0.0000;0.0794,0.0000;0.1013,0.0000;0.1259,0.0000;0.1530,0.0000;0.1825,0.0000;0.2143,0.0000;0.2484,0.0000;0.2848,0.0000;0.3235,0.0001;0.3646,0.0001;0.4079,0.0001;0.4532,0.0001;0.5005,0.0002;0.5501,0.0002;0.6023,0.0003;0.6576,0.0004;0.7163,0.0005;0.7785,0.0006;0.8441,0.0008;0.9129,0.0010;0.9849,0.0012;1.0602,0.0014;1.1387,0.0017;1.2205,0.0020;1.3057,0.0024;1.3941,0.0028;1.4852,0.0033;1.5787,0.0038;1.6743,0.0043;1.7718,0.0049;1.8711,0.0055;1.9723,0.0062;2.0752,0.0069;2.1798,0.0076;2.2861,0.0084;2.3940,0.0092;2.5035,0.0100;2.6145,0.0108;2.7268,0.0117;2.8403,0.0125;2.9549,0.0134;3.0705,0.0143;3.1872,0.0152;3.3052,0.0161;3.4245,0.0170;3.5450,0.0179;3.6665,0.0188;3.7886,0.0196;3.9113,0.0205;4.0342,0.0213;4.1572,0.0220;4.2805,0.0228;4.4039,0.0234;4.5276,0.0240;4.6515,0.0245;4.7757,0.0250","0.0000,0.0000;0.0000,0.0000;0.0000,0.0000;0.0000,0.0000;0.0000,0.0000;0.0000,0.0000;0.0000,0.0000;0.0000,0.0000;0.0000,0.0000;0.0000,0.0000;0.0000,0.0000;0.0000,0.0000;0.0000,0.0000;0.0000,0.0000;0.0000,0.0000;0.0000,0.0000;0.0000,0.0000;0.0000,0.0000;0.0000,0.0000;0.0000,0.0000;0.0000,0.0000;0.0000,0.0000;0.0000,0.0000;0.0000,0.0000;0.0000,0.0000;0.0000,0.0000;0.0000,0.0000;0.0000,0.0000;0.0000,0.0000;0.0015,-0.0000;0.0053,-0.0000;0.0098,0.0000;0.0147,-0.0000;0.0197,-0.0000;0.0248,-0.0000;0.0303,-0.0000;0.0392,0.0000;0.0526,-0.0000;0.0705,-0.0000;0.0935,0.0000;0.1220,0.0000;0.1555,0.0000;0.1944,0.0000;0.2384,0.0001;0.2875,0.0001;0.3415,0.0002;0.4005,0.0003;0.4643,0.0004;0.5328,0.0006;0.6060,0.0007;0.6833,0.0010;0.7643,0.0013;0.8495,0.0017;0.9394,0.0021;1.0344,0.0026;1.1346,0.0032;1.2404,0.0039;1.3518,0.0047;1.4696,0.0055;1.5946,0.0066;1.7278,0.0077;1.8703,0.0091;2.0226,0.0105;2.1848,0.0122"
1de484ec-e29f-41ca-b4e8-4c91e0a1d66c,10100000,0,0,0.0,SKIPPED,,,,4580,10,13.609,Yield due to a pedestrian exiting the vehicle ahead,0.8535,4.1857,"-0.0000,-0.0000;-0.0000,-0.0000;-0.0001,-0.0000;-0.0001,-0.0000;-0.0001,-0.0000;-0.0000,-0.0000;0.0000,0.0000;0.0001,0.0000;0.0002,0.0000;0.0003,0.0000;0.0005,0.0000;0.0006,0.0000;0.0009,0.0000;0.0011,0.0000;0.0013,0.0000;0.0016,0.0000;0.0019,0.0000;0.0021,0.0000;0.0024,0.0000;0.0026,0.0000;0.0029,0.0000;0.0031,0.0000;0.0034,0.0000;0.0036,0.0000;0.0038,0.0000;0.0041,-0.0000;0.0044,-0.0000;0.0047,-0.0000;0.0050,-0.0000;0.0053,-0.0000;0.0056,-0.0000;0.0060,-0.0000;0.0063,-0.0000;0.0067,-0.0000;0.0071,-0.0000;0.0075,-0.0000;0.0079,-0.0000;0.0083,-0.0000;0.0088,-0.0000;0.0092,-0.0000;0.0097,-0.0000;0.0101,-0.0000;0.0105,-0.0000;0.0109,-0.0000;0.0114,-0.0000;0.0119,-0.0000;0.0125,-0.0000;0.0130,-0.0000;0.0136,-0.0000;0.0141,-0.0000;0.0147,-0.0000;0.0153,-0.0000;0.0160,-0.0000;0.0166,-0.0000;0.0172,-0.0000;0.0178,-0.0000;0.0185,-0.0000;0.0192,-0.0000;0.0199,-0.0000;0.0206,-0.0000;0.0213,-0.0000;0.0220,-0.0000;0.0227,-0.0000;0.0233,-0.0000","0.0000,0.0000;0.0000,0.0000;0.0000,0.0000;0.0000,0.0000;0.0000,0.0000;0.0000,0.0000;0.0000,0.0000;0.0000,0.0000;0.0000,0.0000;0.0000,0.0000;0.0000,0.0000;0.0000,0.0000;0.0000,0.0000;0.0000,0.0000;0.0000,0.0000;0.0000,0.0000;0.0000,0.0000;0.0000,0.0000;0.0000,0.0000;0.0015,-0.0000;0.0053,-0.0000;0.0098,0.0000;0.0147,-0.0000;0.0197,-0.0000;0.0248,-0.0000;0.0303,-0.0000;0.0392,0.0000;0.0526,-0.0000;0.0705,-0.0000;0.0935,0.0000;0.1220,0.0000;0.1555,0.0000;0.1944,0.0000;0.2384,0.0001;0.2875,0.0001;0.3415,0.0002;0.4005,0.0003;0.4643,0.0004;0.5328,0.0006;0.6060,0.0007;0.6833,0.0010;0.7643,0.0013;0.8495,0.0017;0.9394,0.0021;1.0344,0.0026;1.1346,0.0032;1.2404,0.0039;1.3518,0.0047;1.4696,0.0055;1.5946,0.0066;1.7278,0.0077;1.8703,0.0091;2.0226,0.0105;2.1848,0.0122;2.3565,0.0140;2.5374,0.0159;2.7272,0.0180;2.9247,0.0205;3.1290,0.0230;3.3391,0.0256;3.5532,0.0286;3.7702,0.0310;3.9888,0.0339;4.2088,0.0364"
1de484ec-e29f-41ca-b4e8-4c91e0a1d66c,11100000,0,0,0.0,SKIPPED,,,,4580,6,10.566,Stop due to red traffic light,0.1977,0.6452,"-0.0000,0.0000;-0.0001,0.0000;-0.0001,0.0000;-0.0002,0.0000;-0.0003,0.0000;-0.0004,0.0000;-0.0005,0.0000;-0.0006,0.0000;-0.0008,-0.0000;-0.0009,-0.0000;-0.0012,-0.0000;-0.0014,-0.0000;-0.0016,-0.0000;-0.0018,-0.0000;-0.0019,-0.0000;-0.0018,-0.0000;-0.0014,-0.0000;-0.0007,-0.0000;0.0004,-0.0000;0.0022,-0.0000;0.0056,-0.0000;0.0118,-0.0000;0.0226,-0.0000;0.0395,-0.0000;0.0643,-0.0000;0.0983,-0.0000;0.1425,-0.0000;0.1977,-0.0001;0.2643,-0.0001;0.3424,-0.0002;0.4322,-0.0003;0.5334,-0.0004;0.6459,-0.0006;0.7694,-0.0008;0.9035,-0.0011;1.0478,-0.0015;1.2018,-0.0020;1.3652,-0.0025;1.5375,-0.0032;1.7182,-0.0039;1.9068,-0.0047;2.1026,-0.0057;2.3052,-0.0066;2.5143,-0.0077;2.7295,-0.0088;2.9501,-0.0100;3.1750,-0.0112;3.4020,-0.0124;3.6288,-0.0137;3.8523,-0.0149;4.0696,-0.0161;4.2779,-0.0173;4.4751,-0.0184;4.6596,-0.0194;4.8304,-0.0203;4.9870,-0.0211;5.1293,-0.0218;5.2573,-0.0224;5.3709,-0.0230;5.4704,-0.0235;5.5569,-0.0239;5.6324,-0.0243;5.6998,-0.0246;5.7626,-0.0248","0.0000,0.0000;0.0000,0.0000;0.0000,0.0000;0.0000,0.0000;0.0000,0.0000;0.0000,0.0000;0.0000,0.0000;0.0000,0.0000;0.0000,0.0000;0.0015,-0.0000;0.0053,-0.0000;0.0098,0.0000;0.0147,-0.0000;0.0197,-0.0000;0.0248,-0.0000;0.0303,-0.0000;0.0392,0.0000;0.0526,-0.0000;0.0705,-0.0000;0.0935,0.0000;0.1220,0.0000;0.1555,0.0000;0.1944,0.0000;0.2384,0.0001;0.2875,0.0001;0.3415,0.0002;0.4005,0.0003;0.4643,0.0004;0.5328,0.0006;0.6060,0.0007;0.6833,0.0010;0.7643,0.0013;0.8495,0.0017;0.9394,0.0021;1.0344,0.0026;1.1346,0.0032;1.2404,0.0039;1.3518,0.0047;1.4696,0.0055;1.5946,0.0066;1.7278,0.0077;1.8703,0.0091;2.0226,0.0105;2.1848,0.0122;2.3565,0.0140;2.5374,0.0159;2.7272,0.0180;2.9247,0.0205;3.1290,0.0230;3.3391,0.0256;3.5532,0.0286;3.7702,0.0310;3.9888,0.0339;4.2088,0.0364;4.4300,0.0391;4.6514,0.0418;4.8729,0.0442;5.0939,0.0468;5.3142,0.0495;5.5337,0.0521;5.7524,0.0544;5.9703,0.0567;6.1868,0.0584;6.4021,0.0608"
1de484ec-e29f-41ca-b4e8-4c91e0a1d66c,12100000,0,0,0.0,SKIPPED,,,,4580,13,12.893,Keep distance to the lead vehicle because it is moving slowly ahead.,2.2077,3.85,"0.0031,0.0000;0.0074,0.0000;0.0125,0.0000;0.0189,0.0000;0.0285,0.0000;0.0443,0.0000;0.0689,0.0001;0.1042,0.0002;0.1513,0.0003;0.2109,0.0005;0.2835,0.0009;0.3690,0.0013;0.4676,0.0019;0.5788,0.0026;0.7022,0.0034;0.8375,0.0042;0.9844,0.0051;1.1427,0.0060;1.3122,0.0068;1.4929,0.0076;1.6847,0.0083;1.8875,0.0089;2.1013,0.0093;2.3257,0.0096;2.5604,0.0099;2.8052,0.0100;3.0595,0.0102;3.3227,0.0104;3.5940,0.0106;3.8726,0.0111;4.1571,0.0117;4.4463,0.0126;4.7388,0.0139;5.0335,0.0155;5.3293,0.0175;5.6258,0.0200;5.9222,0.0230;6.2177,0.0266;6.5111,0.0308;6.8009,0.0357;7.0853,0.0414;7.3623,0.0477;7.6309,0.0547;7.8904,0.0623;8.1406,0.0703;8.3823,0.0788;8.6165,0.0875;8.8445,0.0965;9.0679,0.1054;9.2885,0.1144;9.5077,0.1232;9.7262,0.1317;9.9447,0.1397;10.1633,0.1471;10.3819,0.1538;10.6004,0.1595;10.8188,0.1643;11.0372,0.1678;11.2556,0.1701;11.4739,0.1711;11.6918,0.1706;11.9091,0.1688;12.1256,0.1654;12.3416,0.1606","0.0035,-0.0000;0.0079,0.0000;0.0129,0.0000;0.0179,0.0000;0.0230,0.0000;0.0285,0.0000;0.0374,0.0000;0.0507,0.0000;0.0686,0.0000;0.0916,0.0000;0.1202,0.0000;0.1537,0.0000;0.1926,0.0000;0.2366,0.0001;0.2856,0.0001;0.3397,0.0002;0.3986,0.0003;0.4625,0.0004;0.5310,0.0005;0.6041,0.0007;0.6814,0.0010;0.7624,0.0013;0.8477,0.0017;0.9376,0.0021;1.0325,0.0026;1.1328,0.0032;1.2385,0.0039;1.3499,0.0046;1.4678,0.0055;1.5927,0.0065;1.7259,0.0077;1.8684,0.0090;2.0207,0.0105;2.1829,0.0121;2.3547,0.0140;2.5356,0.0158;2.7254,0.0180;2.9229,0.0204;3.1272,0.0230;3.3373,0.0255;3.5514,0.0285;3.7683,0.0310;3.9870,0.0338;4.2070,0.0363;4.4281,0.0390;4.6496,0.0417;4.8711,0.0441;5.0920,0.0467;5.3124,0.0493;5.5319,0.0519;5.7505,0.0542;5.9685,0.0565;6.1850,0.0583;6.4003,0.0606;6.6147,0.0628;6.8285,0.0649;7.0409,0.0666;7.2520,0.0689;7.4621,0.0709;7.6712,0.0730;7.8790,0.0748;8.0850,0.0766;8.2893,0.0785;8.4924,0.0804"
1de484ec-e29f-41ca-b4e8-4c91e0a1d66c,13100000,0,0,0.0,SKIPPED,,,,4580,11,12.052,Yield due to a pedestrian crossing the crosswalk ahead,3.4418,7.6206,"0.0276,0.0000;0.0589,0.0000;0.0935,0.0000;0.1306,0.0000;0.1689,0.0000;0.2071,0.0000;0.2436,0.0000;0.2772,0.0001;0.3073,0.0001;0.3334,0.0001;0.3554,0.0001;0.3735,0.0001;0.3878,0.0001;0.3989,0.0001;0.4072,0.0001;0.4131,0.0001;0.4174,0.0001;0.4209,0.0001;0.4242,0.0001;0.4278,0.0002;0.4321,0.0002;0.4369,0.0002;0.4422,0.0002;0.4478,0.0002;0.4537,0.0002;0.4597,0.0002;0.4657,0.0002;0.4716,0.0002;0.4777,0.0002;0.4845,0.0002;0.4927,0.0002;0.5032,0.0002;0.5166,0.0002;0.5329,0.0002;0.5517,0.0003;0.5732,0.0003;0.5977,0.0003;0.6259,0.0003;0.6580,0.0004;0.6942,0.0004;0.7344,0.0005;0.7786,0.0005;0.8268,0.0006;0.8788,0.0006;0.9348,0.0007;0.9949,0.0008;1.0591,0.0009;1.1275,0.0010;1.2000,0.0011;1.2767,0.0012;1.3574,0.0013;1.4422,0.0014;1.5310,0.0016;1.6236,0.0017;1.7200,0.0018;1.8200,0.0019;1.9234,0.0021;2.0299,0.0022;2.1391,0.0023;2.2510,0.0025;2.3652,0.0026;2.4817,0.0027;2.6002,0.0028;2.7208,0.0029","0.0265,0.0000;0.0600,0.0000;0.0989,0.0000;0.1430,0.0000;0.1920,0.0001;0.2460,0.0001;0.3050,0.0002;0.3689,0.0004;0.4373,0.0005;0.5105,0.0007;0.5878,0.0009;0.6688,0.0012;0.7540,0.0016;0.8439,0.0020;0.9389,0.0025;1.0391,0.0031;1.1449,0.0037;1.2563,0.0045;1.3741,0.0054;1.4991,0.0064;1.6323,0.0075;1.7748,0.0088;1.9271,0.0103;2.0893,0.0119;2.2610,0.0137;2.4420,0.0156;2.6317,0.0177;2.8293,0.0201;3.0336,0.0227;3.2437,0.0252;3.4578,0.0282;3.6747,0.0306;3.8934,0.0334;4.1133,0.0359;4.3345,0.0386;4.5560,0.0412;4.7775,0.0436;4.9984,0.0462;5.2188,0.0488;5.4382,0.0514;5.6569,0.0537;5.8749,0.0559;6.0914,0.0577;6.3067,0.0600;6.5211,0.0621;6.7349,0.0642;6.9473,0.0659;7.1584,0.0681;7.3685,0.0702;7.5776,0.0722;7.7853,0.0740;7.9914,0.0758;8.1957,0.0776;8.3988,0.0796;8.6006,0.0815;8.8017,0.0832;9.0019,0.0851;9.1998,0.0855;9.3955,0.0890;9.5898,0.0914;9.7820,0.0923;9.9711,0.0944;10.1575,0.0954;10.3408,0.0962"
1de484ec-e29f-41ca-b4e8-4c91e0a1d66c,14100000,0,0,0.0,SKIPPED,,,,4580,9,11.7,Accelerate due to the lead vehicle moving ahead,0.8382,1.4387,"0.0776,0.0000;0.1593,0.0000;0.2448,0.0001;0.3341,0.0002;0.4270,0.0003;0.5234,0.0004;0.6232,0.0006;0.7265,0.0007;0.8332,0.0009;0.9433,0.0011;1.0568,0.0014;1.1737,0.0016;1.2941,0.0019;1.4180,0.0022;1.5455,0.0026;1.6765,0.0030;1.8110,0.0034;1.9491,0.0039;2.0908,0.0045;2.2361,0.0051;2.3851,0.0057;2.5376,0.0064;2.6938,0.0071;2.8536,0.0079;3.0169,0.0086;3.1839,0.0093;3.3544,0.0100;3.5285,0.0107;3.7059,0.0113;3.8867,0.0117;4.0705,0.0121;4.2573,0.0123;4.4465,0.0124;4.6377,0.0123;4.8301,0.0120;5.0234,0.0115;5.2171,0.0107;5.4106,0.0098;5.6038,0.0086;5.7965,0.0072;5.9884,0.0056;6.1796,0.0039;6.3699,0.0019;6.5593,-0.0002;6.7479,-0.0025;6.9356,-0.0049;7.1220,-0.0075;7.3072,-0.0101;7.4910,-0.0129;7.6736,-0.0157;7.8552,-0.0187;8.0356,-0.0217;8.2148,-0.0248;8.3929,-0.0280;8.5701,-0.0312;8.7468,-0.0346;8.9234,-0.0380;9.0997,-0.0414;9.2758,-0.0449;9.4517,-0.0485;9.6274,-0.0522;9.8029,-0.0559;9.9784,-0.0597;10.1537,-0.0635","0.0714,0.0000;0.1525,0.0001;0.2377,0.0002;0.3276,0.0004;0.4226,0.0006;0.5228,0.0009;0.6285,0.0013;0.7400,0.0018;0.8578,0.0023;0.9827,0.0030;1.1160,0.0038;1.2585,0.0047;1.4108,0.0057;1.5730,0.0069;1.7447,0.0083;1.9256,0.0096;2.1154,0.0112;2.3130,0.0131;2.5173,0.0151;2.7274,0.0170;2.9415,0.0194;3.1584,0.0212;3.3771,0.0235;3.5971,0.0253;3.8182,0.0274;4.0397,0.0294;4.2612,0.0312;4.4822,0.0332;4.7025,0.0352;4.9220,0.0372;5.1407,0.0389;5.3586,0.0405;5.5751,0.0417;5.7905,0.0434;6.0049,0.0449;6.2186,0.0464;6.4311,0.0476;6.6422,0.0492;6.8523,0.0507;7.0614,0.0521;7.2691,0.0533;7.4752,0.0546;7.6795,0.0559;7.8826,0.0573;8.0845,0.0587;8.2855,0.0598;8.4858,0.0611;8.6837,0.0609;8.8793,0.0640;9.0737,0.0658;9.2658,0.0662;9.4550,0.0677;9.6414,0.0683;9.8247,0.0685;10.0058,0.0684;10.1845,0.0693;10.3610,0.0694;10.5361,0.0698;10.7108,0.0698;10.8855,0.0700"
1de484ec-e29f-41ca-b4e8-4c91e0a1d66c,15100000,0,0,0.0,SKIPPED,,,,4580,13,12.738,Yield due to a pedestrian in the crosswalk requiring speed reduction,0.706,2.1543,"0.1337,0.0000;0.2771,0.0001;0.4300,0.0003;0.5918,0.0005;0.7620,0.0008;0.9398,0.0011;1.1240,0.0015;1.3136,0.0018;1.5073,0.0020;1.7038,0.0022;1.9022,0.0022;2.1015,0.0020;2.3010,0.0016;2.5006,0.0010;2.6999,0.0001;2.8990,-0.0010;3.0979,-0.0023;3.2967,-0.0039;3.4954,-0.0057;3.6936,-0.0077;3.8912,-0.0099;4.0875,-0.0122;4.2816,-0.0146;4.4719,-0.0171;4.6566,-0.0196;4.8336,-0.0221;5.0014,-0.0244;5.1591,-0.0267;5.3064,-0.0288;5.4441,-0.0308;5.5737,-0.0327;5.6973,-0.0346;5.8168,-0.0363;5.9337,-0.0381;6.0489,-0.0398;6.1626,-0.0415;6.2750,-0.0432;6.3862,-0.0448;6.4962,-0.0465;6.6050,-0.0481;6.7130,-0.0497;6.8202,-0.0514;6.9272,-0.0530;7.0344,-0.0546;7.1426,-0.0562;7.2527,-0.0579;7.3660,-0.0597;7.4841,-0.0615;7.6083,-0.0634;7.7400,-0.0654;7.8797,-0.0676;8.0280,-0.0699;8.1850,-0.0724;8.3506,-0.0750;8.5248,-0.0778;8.7073,-0.0806;8.8977,-0.0837;9.0954,-0.0868;9.2995,-0.0901;9.5091,-0.0934;9.7231,-0.0968;9.9406,-0.1002;10.1607,-0.1036;10.3827,-0.1070","0.1232,0.0000;0.2657,0.0001;0.4180,0.0003;0.5802,0.0006;0.7519,0.0010;0.9329,0.0013;1.1227,0.0018;1.3202,0.0026;1.5245,0.0035;1.7346,0.0042;1.9488,0.0054;2.1657,0.0060;2.3844,0.0070;2.6044,0.0076;2.8255,0.0085;3.0470,0.0093;3.2685,0.0098;3.4895,0.0105;3.7099,0.0113;3.9293,0.0121;4.1480,0.0125;4.3660,0.0129;4.5825,0.0129;4.7978,0.0134;5.0123,0.0137;5.2260,0.0140;5.4385,0.0140;5.6496,0.0144;5.8597,0.0147;6.0688,0.0150;6.2765,0.0150;6.4826,0.0151;6.6869,0.0152;6.8900,0.0155;7.0919,0.0158;7.2930,0.0158;7.4932,0.0159;7.6911,0.0147;7.8867,0.0166;8.0811,0.0173;8.2733,0.0167;8.4624,0.0171;8.6488,0.0166;8.8321,0.0158;9.0132,0.0147;9.1919,0.0146;9.3684,0.0137;9.5436,0.0132;9.7183,0.0121;9.8930,0.0114"
1de484ec-e29f-41ca-b4e8-4c91e0a1d66c,16100000,0,0,0.0,SKIPPED,,,,4580,9,11.43,Yield due to the lead vehicle ahead slowing,0.7217,2.0783,"0.2146,-0.0000;0.4323,-0.0001;0.6523,-0.0002;0.8734,-0.0005;1.0945,-0.0010;1.3145,-0.0018;1.5323,-0.0028;1.7470,-0.0042;1.9581,-0.0059;2.1649,-0.0079;2.3665,-0.0101;2.5624,-0.0125;2.7518,-0.0152;2.9341,-0.0179;3.1090,-0.0208;3.2763,-0.0237;3.4357,-0.0266;3.5873,-0.0296;3.7310,-0.0324;3.8668,-0.0353;3.9954,-0.0380;4.1178,-0.0407;4.2356,-0.0433;4.3505,-0.0459;4.4636,-0.0485;4.5755,-0.0511;4.6865,-0.0537;4.7966,-0.0563;4.9062,-0.0589;5.0153,-0.0616;5.1238,-0.0642;5.2315,-0.0669;5.3384,-0.0695;5.4443,-0.0722;5.5493,-0.0748;5.6535,-0.0774;5.7569,-0.0800;5.8597,-0.0826;5.9621,-0.0852;6.0643,-0.0878;6.1663,-0.0904;6.2681,-0.0930;6.3699,-0.0956;6.4719,-0.0982;6.5749,-0.1008;6.6801,-0.1035;6.7885,-0.1063;6.9010,-0.1091;7.0178,-0.1121;7.1385,-0.1152;7.2628,-0.1184;7.3900,-0.1216;7.5193,-0.1249;7.6498,-0.1283;7.7808,-0.1316;7.9116,-0.1349;8.0415,-0.1383;8.1700,-0.1415;8.2959,-0.1447;8.4174,-0.1478;8.5330,-0.1507;8.6419,-0.1535;8.7444,-0.1561;8.8410,-0.1585","0.1974,0.0004;0.4143,0.0002;0.6330,0.0003;0.8530,0.0002;1.0742,0.0002;1.2957,0.0001;1.5172,-0.0002;1.7381,-0.0003;1.9585,-0.0003;2.1780,-0.0004;2.3967,-0.0008;2.6146,-0.0011;2.8311,-0.0020;3.0465,-0.0023;3.2609,-0.0028;3.4747,-0.0033;3.6871,-0.0041;3.8982,-0.0044;4.1083,-0.0049;4.3174,-0.0054;4.5252,-0.0062;4.7313,-0.0068;4.9356,-0.0075;5.1387,-0.0080;5.3405,-0.0085;5.5416,-0.0092;5.7418,-0.0098;5.9397,-0.0118;6.1354,-0.0106;6.3298,-0.0106;6.5219,-0.0120;6.7110,-0.0122;6.8974,-0.0134;7.0808,-0.0149;7.2618,-0.0167;7.4405,-0.0175;7.6170,-0.0191;7.7922,-0.0202;7.9669,-0.0220;8.1416,-0.0234"
1de484ec-e29f-41ca-b4e8-4c91e0a1d66c,17100000,0,0,0.0,SKIPPED,,,,4580,12,12.183,Yield by slowing due to pedestrians in the crosswalk.,0.3463,1.6426,"0.2188,-0.0000;0.4368,-0.0001;0.6540,-0.0001;0.8701,-0.0002;1.0849,-0.0004;1.2983,-0.0007;1.5101,-0.0010;1.7200,-0.0013;1.9279,-0.0018;2.1337,-0.0023;2.3370,-0.0029;2.5371,-0.0037;2.7331,-0.0045;2.9237,-0.0053;3.1074,-0.0062;3.2830,-0.0072;3.4486,-0.0082;3.6026,-0.0092;3.7431,-0.0101;3.8684,-0.0110;3.9773,-0.0118;4.0694,-0.0124;4.1442,-0.0130;4.2020,-0.0135;4.2437,-0.0138;4.2715,-0.0140;4.2884,-0.0141;4.2978,-0.0142;4.3024,-0.0142;4.3039,-0.0143;4.3029,-0.0143;4.2998,-0.0142;4.2951,-0.0142;4.2891,-0.0141;4.2824,-0.0141;4.2754,-0.0140;4.2683,-0.0140;4.2612,-0.0139;4.2541,-0.0139;4.2471,-0.0138;4.2400,-0.0138;4.2331,-0.0137;4.2261,-0.0136;4.2191,-0.0136;4.2121,-0.0135;4.2052,-0.0135;4.1982,-0.0134;4.1913,-0.0134;4.1843,-0.0133;4.1773,-0.0133;4.1704,-0.0132;4.1634,-0.0131;4.1564,-0.0131;4.1494,-0.0130;4.1424,-0.0130;4.1353,-0.0129;4.1283,-0.0129;4.1213,-0.0128;4.1144,-0.0128;4.1075,-0.0127;4.1006,-0.0127;4.0937,-0.0126;4.0869,-0.0125;4.0800,-0.0125","0.2016,-0.0002;0.4195,-0.0003;0.6360,-0.0010;0.8514,-0.0011;1.0658,-0.0014;1.2795,-0.0017;1.4920,-0.0023;1.7031,-0.0025;1.9132,-0.0027;2.1223,-0.0030;2.3301,-0.0036;2.5362,-0.0041;2.7405,-0.0045;2.9436,-0.0048;3.1454,-0.0051;3.3465,-0.0057;3.5467,-0.0061;3.7446,-0.0079;3.9403,-0.0065;4.1346,-0.0063;4.3268,-0.0075;4.5159,-0.0076;4.7023,-0.0086;4.8856,-0.0099;5.0667,-0.0116;5.2454,-0.0122;5.4219,-0.0136;5.5971,-0.0146;5.7718,-0.0162;5.9465,-0.0174"
1de484ec-e29f-41ca-b4e8-4c91e0a1d66c,18100000,0,0,0.0,SKIPPED,,,,4580,13,12.482,Keep distance to the lead vehicle because it is turning right ahead.,0.07,0.1901,"0.2083,-0.0000;0.4157,-0.0001;0.6219,-0.0001;0.8265,-0.0002;1.0297,-0.0004;1.2316,-0.0005;1.4326,-0.0008;1.6333,-0.0010;1.8340,-0.0013;2.0349,-0.0016;2.2359,-0.0020;2.4366,-0.0023;2.6364,-0.0027;2.8349,-0.0031;3.0321,-0.0034;3.2278,-0.0038;3.4224,-0.0042;3.6157,-0.0046;3.8076,-0.0051;3.9979,-0.0056;4.1869,-0.0063;4.3748,-0.0071;4.5624,-0.0082;4.7506,-0.0097;4.9403,-0.0116;5.1330,-0.0142;5.3301,-0.0176;5.5328,-0.0221;5.7415,-0.0280;5.9549,-0.0356;6.1704,-0.0449;6.3851,-0.0562;6.5974,-0.0693;6.8072,-0.0845;7.0155,-0.1019;7.2228,-0.1217;7.4288,-0.1441;7.6330,-0.1693;7.8347,-0.1973;8.0340,-0.2284;8.2312,-0.2629;8.4264,-0.3010;8.6195,-0.3428;8.8104,-0.3885;8.9994,-0.4383;9.1868,-0.4923;9.3731,-0.5509;9.5584,-0.6140;9.7428,-0.6819;9.9261,-0.7545;10.1082,-0.8319;10.2889,-0.9140;10.4683,-1.0008;10.6463,-1.0923;10.8227,-1.1884;10.9973,-1.2887;11.1700,-1.3931;11.3406,-1.5012;11.5092,-1.6130;11.6760,-1.7283;11.8408,-1.8468;12.0034,-1.9682;12.1632,-2.0920;12.3198,-2.2173","0.1914,-0.0003;0.3975,-0.0004;0.6018,-0.0005;0.8049,-0.0005;1.0067,-0.0005;1.2078,-0.0008;1.4080,-0.0009;1.6060,-0.0024;1.8016,-0.0007;1.9960,-0.0002;2.1881,-0.0011;2.3773,-0.0009;2.5637,-0.0016;2.7470,-0.0026;2.9281,-0.0040;3.1068,-0.0043;3.2833,-0.0055;3.4584,-0.0062;3.6331,-0.0075;3.8078,-0.0084"
1de484ec-e29f-41ca-b4e8-4c91e0a1d66c,19100000,0,0,0.0,SKIPPED,,,,4580,13,12.474,Keep distance to the lead vehicle because it is turning right ahead.,0.0216,0.03,"0.1923,-0.0000;0.3820,-0.0002;0.5690,-0.0005;0.7536,-0.0009;0.9361,-0.0014;1.1168,-0.0022;1.2962,-0.0031;1.4741,-0.0043;1.6508,-0.0058;1.8266,-0.0075;2.0021,-0.0096;2.1777,-0.0121;2.3531,-0.0150;2.5276,-0.0183;2.7002,-0.0221;2.8702,-0.0262;3.0377,-0.0308;3.2031,-0.0358;3.3670,-0.0413;3.5294,-0.0471;3.6903,-0.0535;3.8501,-0.0602;4.0096,-0.0675;4.1697,-0.0753;4.3313,-0.0837;4.4949,-0.0928;4.6606,-0.1025;4.8283,-0.1130;4.9973,-0.1242;5.1664,-0.1360;5.3341,-0.1485;5.4989,-0.1614;5.6600,-0.1746;5.8173,-0.1882;5.9714,-0.2023;6.1234,-0.2167;6.2740,-0.2317;6.4233,-0.2473;6.5713,-0.2635;6.7177,-0.2803;6.8624,-0.2976;7.0055,-0.3155;7.1470,-0.3341;7.2873,-0.3534;7.4270,-0.3735;7.5670,-0.3946;7.7090,-0.4172;7.8551,-0.4416;8.0079,-0.4685;8.1704,-0.4989;8.3452,-0.5337;8.5341,-0.5740;8.7380,-0.6208;8.9560,-0.6750;9.1869,-0.7373;9.4286,-0.8084;9.6797,-0.8889;9.9384,-0.9797;10.2029,-1.0814;10.4712,-1.1942;10.7407,-1.3184;11.0096,-1.4539;11.2766,-1.6012;11.5413,-1.7609","0.1769,-0.0004;0.3661,0.0001;0.5525,-0.0004;0.7358,-0.0011;0.9169,-0.0021;1.0956,-0.0021;1.2721,-0.0030;1.4473,-0.0034;1.6219,-0.0044;1.7967,-0.0051"
13f0af4c-2565-4a4d-b765-7f397f1d1684,5100000,0,0,0.0,SKIPPED,,,,4580,11,11.923,Yield to the pedestrian crossing the crosswalk ahead.,1.5388,4.5374,"0.8102,0.0001;1.6214,0.0004;2.4330,0.0007;3.2451,0.0012;4.0577,0.0017;4.8709,0.0022;5.6847,0.0026;6.4990,0.0029;7.3132,0.0033;8.1265,0.0037;8.9377,0.0041;9.7451,0.0044;10.5465,0.0046;11.3396,0.0048;12.1225,0.0050;12.8935,0.0051;13.6508,0.0052;14.3924,0.0054;15.1161,0.0055;15.8203,0.0055;16.5043,0.0055;17.1685,0.0054;17.8147,0.0052;18.4457,0.0050;19.0644,0.0046;19.6732,0.0041;20.2738,0.0035;20.8671,0.0028;21.4538,0.0021;22.0346,0.0013;22.6100,0.0005;23.1804,-0.0004;23.7467,-0.0013;24.3096,-0.0023;24.8699,-0.0033;25.4288,-0.0043;25.9872,-0.0053;26.5457,-0.0062;27.1054,-0.0072;27.6670,-0.0082;28.2315,-0.0091;28.7996,-0.0101;29.3722,-0.0109;29.9494,-0.0118;30.5312,-0.0126;31.1174,-0.0135;31.7080,-0.0143;32.3028,-0.0151;32.9023,-0.0158;33.5066,-0.0165;34.1158,-0.0172;34.7301,-0.0178;35.3493,-0.0183;35.9733,-0.0188;36.6022,-0.0191;37.2360,-0.0193;37.8748,-0.0194;38.5188,-0.0195;39.1680,-0.0194;39.8223,-0.0192;40.4817,-0.0190;41.1465,-0.0186;41.8167,-0.0180;42.4929,-0.0173","0.7643,-0.0009;1.5701,-0.0019;2.3731,-0.0016;3.1744,-0.0007;3.9743,0.0008;4.7729,0.0012;5.5698,0.0017;6.3638,0.0019;7.1547,0.0018;7.9413,0.0019;8.7228,0.0009;9.4976,0.0002;10.2666,0.0004;11.0304,0.0010;11.7909,0.0013;12.5484,0.0023;13.3017,0.0027;14.0489,0.0030;14.7897,0.0034;15.5248,0.0045;16.2542,0.0052;16.9781,0.0055;17.6957,0.0065;18.4071,0.0059;19.1128,0.0051;19.8126,0.0040;20.5085,0.0058;21.2002,0.0066;21.8877,0.0082;22.5706,0.0098;23.2468,0.0115;23.9203,0.0130;24.5932,0.0154;25.2659,0.0178;25.9395,0.0197;26.6144,0.0219;27.2931,0.0243;27.9774,0.0268;28.6686,0.0297;29.3672,0.0330;30.0731,0.0360;30.7857,0.0398;31.5048,0.0439;32.2297,0.0481;32.9589,0.0525;33.6914,0.0574;34.4263,0.0614;35.1627,0.0660;35.9005,0.0708;36.6395,0.0745;37.3801,0.0789;38.1224,0.0839;38.8664,0.0886;39.6110,0.0932;40.3564,0.0980;41.1027,0.1024;41.8496,0.1066;42.5965,0.1114;43.3412,0.1151;44.0830,0.1194;44.8228,0.1242;45.5609,0.1285;46.2959,0.1331;47.0277,0.1373"
13f0af4c-2565-4a4d-b765-7f397f1d1684,6100000,0,0,0.0,SKIPPED,,,,4580,10,11.515,Yield due to a pedestrian crossing the road ahead,3.8345,8.0672,"0.7795,-0.0000;1.5495,-0.0000;2.3100,-0.0000;3.0613,-0.0001;3.8033,-0.0002;4.5360,-0.0004;5.2590,-0.0005;5.9718,-0.0008;6.6741,-0.0011;7.3652,-0.0016;8.0439,-0.0021;8.7084,-0.0028;9.3566,-0.0037;9.9874,-0.0047;10.6002,-0.0059;11.1950,-0.0072;11.7718,-0.0087;12.3304,-0.0103;12.8708,-0.0122;13.3945,-0.0143;13.9044,-0.0168;14.4044,-0.0197;14.8979,-0.0230;15.3872,-0.0269;15.8731,-0.0314;16.3559,-0.0364;16.8360,-0.0418;17.3134,-0.0477;17.7886,-0.0540;18.2620,-0.0605;18.7341,-0.0673;19.2058,-0.0741;19.6783,-0.0810;20.1532,-0.0880;20.6326,-0.0950;21.1186,-0.1020;21.6131,-0.1090;22.1175,-0.1160;22.6330,-0.1230;23.1599,-0.1300;23.6982,-0.1369;24.2476,-0.1438;24.8075,-0.1508;25.3778,-0.1577;25.9581,-0.1647;26.5485,-0.1717;27.1489,-0.1787;27.7592,-0.1859;28.3790,-0.1931;29.0080,-0.2004;29.6459,-0.2078;30.2917,-0.2152;30.9440,-0.2228;31.6006,-0.2303;32.2593,-0.2380;32.9179,-0.2457;33.5752,-0.2535;34.2304,-0.2614;34.8833,-0.2695;35.5338,-0.2778;36.1813,-0.2862;36.8252,-0.2948;37.4643,-0.3036;38.0976,-0.3125","0.7391,-0.0017;1.5140,-0.0032;2.2829,-0.0037;3.0467,-0.0040;3.8072,-0.0043;4.5647,-0.0042;5.3180,-0.0045;6.0652,-0.0050;6.8061,-0.0053;7.5411,-0.0049;8.2705,-0.0049;8.9944,-0.0054;9.7120,-0.0052;10.4234,-0.0065;11.1291,-0.0079;11.8289,-0.0098;12.5248,-0.0086;13.2165,-0.0086;13.9040,-0.0076;14.5869,-0.0068;15.2631,-0.0057;15.9366,-0.0050;16.6095,-0.0032;17.2823,-0.0014;17.9558,-0.0003;18.6308,0.0012;19.3094,0.0030;19.9938,0.0048;20.6849,0.0070;21.3835,0.0096;22.0894,0.0119;22.8020,0.0149;23.5212,0.0183;24.2460,0.0218;24.9753,0.0255;25.7077,0.0297;26.4427,0.0329;27.1791,0.0368;27.9169,0.0408;28.6559,0.0438;29.3965,0.0474;30.1388,0.0516;30.8828,0.0556;31.6273,0.0595;32.3728,0.0635;33.1191,0.0672;33.8660,0.0706;34.6129,0.0746;35.3576,0.0776;36.0994,0.0812;36.8392,0.0852;37.5774,0.0887;38.3123,0.0926;39.0441,0.0961;39.7724,0.0991;40.4975,0.1018;41.2194,0.1049;41.9379,0.1073;42.6528,0.1107;43.3631,0.1141;44.0685,0.1168;44.7685,0.1203;45.4629,0.1245;46.1530,0.1246"
13f0af4c-2565-4a4d-b765-7f397f1d1684,7100000,0,0,0.0,SKIPPED,,,,4580,10,11.469,Yield due to a pedestrian crossing the road ahead,0.4424,1.6238,"0.7298,-0.0001;1.4555,-0.0003;2.1767,-0.0008;2.8934,-0.0016;3.6055,-0.0025;4.3136,-0.0037;5.0181,-0.0049;5.7196,-0.0061;6.4188,-0.0073;7.1163,-0.0082;7.8130,-0.0087;8.5092,-0.0089;9.2051,-0.0087;9.9008,-0.0080;10.5963,-0.0070;11.2918,-0.0058;11.9879,-0.0043;12.6851,-0.0027;13.3843,-0.0011;14.0858,0.0005;14.7903,0.0021;15.4981,0.0036;16.2098,0.0051;16.9263,0.0065;17.6482,0.0078;18.3756,0.0091;19.1078,0.0104;19.8440,0.0117;20.5836,0.0130;21.3260,0.0143;22.0711,0.0156;22.8186,0.0169;23.5680,0.0182;24.3185,0.0195;25.0693,0.0209;25.8199,0.0223;26.5705,0.0237;27.3215,0.0252;28.0732,0.0268;28.8262,0.0286;29.5808,0.0305;30.3368,0.0327;31.0942,0.0350;31.8525,0.0376;32.6113,0.0404;33.3703,0.0434;34.1292,0.0467;34.8878,0.0500;35.6458,0.0535;36.4031,0.0569;37.1594,0.0603;37.9140,0.0636;38.6668,0.0666;39.4175,0.0693;40.1663,0.0718;40.9139,0.0738;41.6608,0.0754;42.4075,0.0766;43.1541,0.0774;43.9003,0.0778;44.6461,0.0778;45.3913,0.0774;46.1365,0.0767;46.8824,0.0757","0.6896,-0.0003;1.4135,-0.0009;2.1311,-0.0008;2.8425,-0.0023;3.5482,-0.0039;4.2480,-0.0059;4.9439,-0.0049;5.6356,-0.0050;6.3231,-0.0042;7.0060,-0.0035;7.6822,-0.0026;8.3557,-0.0020;9.0286,-0.0003;9.7014,0.0012;10.3749,0.0023;11.0499,0.0036;11.7285,0.0053;12.4129,0.0068;13.1040,0.0089;13.8026,0.0113;14.5085,0.0135;15.2211,0.0164;15.9403,0.0196;16.6651,0.0230;17.3944,0.0265;18.1268,0.0305;18.8618,0.0335;19.5982,0.0372;20.3360,0.0411;21.0750,0.0439;21.8156,0.0474;22.5579,0.0515;23.3019,0.0552;24.0464,0.0590;24.7919,0.0629;25.5382,0.0663;26.2851,0.0696;27.0320,0.0734;27.7767,0.0762;28.5185,0.0797;29.2583,0.0835;29.9965,0.0869;30.7314,0.0906;31.4632,0.0939;32.1915,0.0967;32.9167,0.0993;33.6385,0.1022;34.3570,0.1045;35.0719,0.1077;35.7822,0.1109;36.4876,0.1135;37.1876,0.1168;37.8820,0.1209;38.5721,0.1208;39.2578,0.1224;39.9403,0.1237;40.6200,0.1261;41.2969,0.1289;41.9687,0.1312;42.6352,0.1325;43.2968,0.1340;43.9541,0.1360;44.6086,0.1373;45.2598,0.1381"
13f0af4c-2565-4a4d-b765-7f397f1d1684,8100000,0,0,0.0,SKIPPED,,,,4580,10,11.503,Yield due to the pedestrian crossing the road ahead,1.8875,7.6885,"0.6777,0.0001;1.3505,0.0004;2.0199,0.0008;2.6872,0.0015;3.3536,0.0025;4.0203,0.0038;4.6890,0.0055;5.3614,0.0077;6.0386,0.0105;6.7216,0.0140;7.4104,0.0182;8.1052,0.0231;8.8060,0.0287;9.5129,0.0350;10.2262,0.0418;10.9460,0.0491;11.6721,0.0568;12.4046,0.0649;13.1435,0.0732;13.8888,0.0816;14.6407,0.0901;15.3995,0.0985;16.1653,0.1067;16.9382,0.1146;17.7184,0.1221;18.5060,0.1292;19.3013,0.1358;20.1045,0.1420;20.9155,0.1476;21.7343,0.1526;22.5606,0.1571;23.3940,0.1610;24.2343,0.1644;25.0814,0.1671;25.9352,0.1692;26.7960,0.1708;27.6636,0.1719;28.5377,0.1728;29.4176,0.1735;30.3025,0.1741;31.1920,0.1747;32.0858,0.1755;32.9841,0.1767;33.8869,0.1785;34.7943,0.1812;35.7060,0.1850;36.6217,0.1902;37.5406,0.1972;38.4617,0.2061;39.3843,0.2170;40.3075,0.2303;41.2307,0.2458;42.1531,0.2633;43.0737,0.2826;43.9916,0.3035;44.9057,0.3255;45.8153,0.3484;46.7202,0.3721;47.6207,0.3964;48.5170,0.4210;49.4094,0.4457;50.2979,0.4704;51.1820,0.4945;52.0611,0.5179","0.6394,-0.0001;1.3128,-0.0004;1.9857,0.0002;2.6585,0.0009;3.3320,0.0009;4.0070,0.0013;4.6857,0.0020;5.3700,0.0026;6.0611,0.0037;6.7598,0.0051;7.4657,0.0063;8.1783,0.0081;8.8974,0.0103;9.6223,0.0126;10.3515,0.0151;11.0840,0.0181;11.8190,0.0200;12.5554,0.0227;13.2931,0.0255;14.0322,0.0273;14.7728,0.0297;15.5151,0.0327;16.2591,0.0354;17.0036,0.0381;17.7491,0.0409;18.4954,0.0433;19.2423,0.0456;19.9892,0.0483;20.7339,0.0500;21.4758,0.0524;22.2156,0.0552;22.9537,0.0575;23.6887,0.0602;24.4205,0.0624;25.1487,0.0642;25.8739,0.0658;26.5958,0.0676;27.3143,0.0689;28.0291,0.0711;28.7394,0.0733;29.4448,0.0749;30.1449,0.0772;30.8393,0.0802;31.5294,0.0792;32.2150,0.0798;32.8976,0.0801;33.5773,0.0815;34.2542,0.0834;34.9260,0.0848;35.5924,0.0851;36.2540,0.0856;36.9114,0.0867;37.5659,0.0871;38.2171,0.0870;38.8643,0.0871;39.5078,0.0870;40.1476,0.0865;40.7820,0.0877;41.4089,0.0880;42.0263,0.0879;42.6323,0.0887;43.2272,0.0879;43.8112,0.0890;44.3846,0.0882"
13f0af4c-2565-4a4d-b765-7f397f1d1684,9100000,0,0,0.0,SKIPPED,,,,4580,10,11.606,Yield due to a pedestrian crossing the road ahead,1.3958,6.5141,"0.7057,0.0001;1.4169,0.0004;2.1331,0.0010;2.8536,0.0019;3.5773,0.0031;4.3030,0.0047;5.0300,0.0067;5.7571,0.0090;6.4836,0.0117;7.2084,0.0147;7.9305,0.0182;8.6489,0.0220;9.3632,0.0262;10.0733,0.0307;10.7799,0.0355;11.4844,0.0405;12.1883,0.0458;12.8934,0.0511;13.6015,0.0566;14.3143,0.0622;15.0333,0.0679;15.7599,0.0735;16.4951,0.0792;17.2391,0.0847;17.9919,0.0900;18.7530,0.0951;19.5213,0.0996;20.2955,0.1036;21.0742,0.1068;21.8559,0.1090;22.6393,0.1100;23.4229,0.1097;24.2057,0.1080;24.9870,0.1048;25.7663,0.1001;26.5440,0.0938;27.3204,0.0860;28.0962,0.0766;28.8718,0.0658;29.6481,0.0534;30.4259,0.0395;31.2067,0.0241;31.9921,0.0071;32.7839,-0.0115;33.5831,-0.0317;34.3897,-0.0536;35.2032,-0.0772;36.0225,-0.1023;36.8468,-0.1290;37.6758,-0.1572;38.5089,-0.1868;39.3459,-0.2177;40.1856,-0.2498;41.0270,-0.2826;41.8682,-0.3161;42.7077,-0.3500;43.5444,-0.3842;44.3777,-0.4186;45.2077,-0.4531;46.0346,-0.4876;46.8583,-0.5221;47.6786,-0.5565;48.4951,-0.5907;49.3072,-0.6246","0.6675,-0.0005;1.3801,-0.0004;2.0992,0.0000;2.8241,0.0006;3.5533,0.0013;4.2858,0.0025;5.0208,0.0027;5.7572,0.0036;6.4950,0.0046;7.2340,0.0046;7.9746,0.0052;8.7169,0.0064;9.4609,0.0073;10.2055,0.0082;10.9509,0.0092;11.6973,0.0098;12.4441,0.0102;13.1911,0.0111;13.9357,0.0111;14.6776,0.0116;15.4174,0.0126;16.1556,0.0132;16.8905,0.0141;17.6223,0.0145;18.3506,0.0146;19.0758,0.0143;19.7976,0.0145;20.5162,0.0140;21.2310,0.0145;21.9413,0.0149;22.6467,0.0148;23.3468,0.0154;24.0412,0.0168;24.7312,0.0141;25.4169,0.0130;26.0995,0.0117;26.7792,0.0114;27.4561,0.0116;28.1279,0.0114;28.7943,0.0102;29.4559,0.0090;30.1132,0.0085;30.7678,0.0074;31.4190,0.0056;32.0662,0.0042;32.7097,0.0026;33.3494,0.0005;33.9839,0.0001;34.6108,-0.0011;35.2282,-0.0027;35.8341,-0.0033;36.4290,-0.0055;37.0131,-0.0059;37.5865,-0.0081;38.1489,-0.0081;38.7011,-0.0086;39.2423,-0.0095;39.7732,-0.0090;40.2953,-0.0084;40.8100,-0.0062;41.3213,-0.0041;41.8273,-0.0007;42.3278,0.0034;42.8240,0.0090"
13f0af4c-2565-4a4d-b765-7f397f1d1684,10100000,0,0,0.0,SKIPPED,,,,4580,12,12.279,Keep speed through the intersection since the traffic light is green.,3.122,10.2921,"0.7407,-0.0001;1.4835,-0.0002;2.2282,-0.0005;2.9747,-0.0008;3.7231,-0.0012;4.4735,-0.0018;5.2261,-0.0025;5.9811,-0.0033;6.7385,-0.0042;7.4985,-0.0053;8.2611,-0.0066;9.0263,-0.0080;9.7940,-0.0096;10.5642,-0.0114;11.3370,-0.0133;12.1122,-0.0154;12.8900,-0.0177;13.6702,-0.0201;14.4530,-0.0226;15.2384,-0.0253;16.0265,-0.0280;16.8169,-0.0308;17.6091,-0.0337;18.4022,-0.0366;19.1959,-0.0396;19.9903,-0.0427;20.7861,-0.0458;21.5838,-0.0489;22.3839,-0.0520;23.1860,-0.0552;23.9896,-0.0582;24.7939,-0.0613;25.5983,-0.0642;26.4029,-0.0672;27.2080,-0.0701;28.0138,-0.0729;28.8203,-0.0756;29.6274,-0.0783;30.4346,-0.0809;31.2418,-0.0834;32.0489,-0.0858;32.8562,-0.0881;33.6636,-0.0903;34.4709,-0.0924;35.2780,-0.0943;36.0847,-0.0961;36.8909,-0.0977;37.6970,-0.0991;38.5032,-0.1003;39.3098,-0.1012;40.1168,-0.1019;40.9240,-0.1023;41.7312,-0.1025;42.5384,-0.1025;43.3458,-0.1023;44.1536,-0.1020;44.9621,-0.1015;45.7713,-0.1009;46.5811,-0.1002;47.3914,-0.0995;48.2021,-0.0989;49.0131,-0.0984;49.8247,-0.0979;50.6371,-0.0976","0.7006,-0.0001;1.4429,0.0002;2.1868,0.0003;2.9314,0.0004;3.6769,0.0005;4.4232,0.0003;5.1701,-0.0001;5.9170,0.0000;6.6617,-0.0009;7.4036,-0.0011;8.1434,-0.0010;8.8815,-0.0012;9.6165,-0.0011;10.3483,-0.0015;11.0766,-0.0023;11.8017,-0.0033;12.5236,-0.0040;13.2421,-0.0052;13.9570,-0.0056;14.6673,-0.0059;15.3727,-0.0068;16.0727,-0.0069;16.7672,-0.0063;17.4572,-0.0098;18.1429,-0.0117;18.8254,-0.0137;19.5052,-0.0147;20.1820,-0.0153;20.8538,-0.0162;21.5203,-0.0182;22.1819,-0.0201;22.8392,-0.0213;23.4937,-0.0232;24.1449,-0.0257;24.7921,-0.0278;25.4356,-0.0301;26.0754,-0.0329;26.7099,-0.0340;27.3367,-0.0359;27.9541,-0.0382;28.5601,-0.0395;29.1550,-0.0424;29.7390,-0.0434;30.3124,-0.0462;30.8748,-0.0469;31.4270,-0.0479;31.9682,-0.0495;32.4991,-0.0495;33.0212,-0.0495;33.5359,-0.0479;34.0472,-0.0464;34.5532,-0.0435;35.0537,-0.0399;35.5499,-0.0349;36.0428,-0.0299;36.5316,-0.0235;37.0156,-0.0159;37.4948,-0.0071;37.9693,0.0028;38.4410,0.0130;38.9122,0.0257;39.3847,0.0398;39.8625,0.0554;40.3464,0.0717"
13f0af4c-2565-4a4d-b765-7f397f1d1684,11100000,0,0,0.0,SKIPPED,,,,4580,12,12.108,Keep speed through the intersection since the traffic light is green.,1.6073,3.5597,"0.7389,0.0000;1.4756,0.0001;2.2094,0.0001;2.9400,0.0003;3.6672,0.0004;4.3910,0.0005;5.1118,0.0007;5.8302,0.0008;6.5470,0.0009;7.2627,0.0009;7.9781,0.0009;8.6937,0.0008;9.4097,0.0006;10.1265,0.0003;10.8439,-0.0001;11.5617,-0.0007;12.2796,-0.0014;12.9973,-0.0024;13.7144,-0.0035;14.4308,-0.0048;15.1464,-0.0063;15.8614,-0.0081;16.5753,-0.0101;17.2875,-0.0124;17.9973,-0.0150;18.7038,-0.0179;19.4065,-0.0209;20.1049,-0.0241;20.7989,-0.0273;21.4883,-0.0306;22.1726,-0.0338;22.8515,-0.0370;23.5247,-0.0402;24.1923,-0.0433;24.8547,-0.0464;25.5124,-0.0496;26.1660,-0.0527;26.8159,-0.0559;27.4623,-0.0592;28.1049,-0.0625;28.7432,-0.0660;29.3766,-0.0696;30.0048,-0.0733;30.6282,-0.0771;31.2468,-0.0811;31.8609,-0.0853;32.4704,-0.0897;33.0752,-0.0942;33.6753,-0.0990;34.2702,-0.1039;34.8595,-0.1091;35.4420,-0.1146;36.0163,-0.1204;36.5817,-0.1264;37.1381,-0.1329;37.6864,-0.1398;38.2275,-0.1474;38.7626,-0.1556;39.2922,-0.1646;39.8163,-0.1745;40.3344,-0.1851;40.8452,-0.1966;41.3477,-0.2087;41.8406,-0.2212","0.6994,0.0005;1.4375,0.0005;2.1725,0.0009;2.9043,0.0009;3.6326,0.0004;4.3577,-0.0003;5.0796,-0.0007;5.7981,-0.0016;6.5130,-0.0016;7.2233,-0.0016;7.9287,-0.0023;8.6287,-0.0021;9.3232,-0.0012;10.0132,-0.0044;10.6989,-0.0059;11.3814,-0.0077;12.0612,-0.0084;12.7380,-0.0086;13.4098,-0.0093;14.0763,-0.0110;14.7379,-0.0126;15.3952,-0.0136;16.0497,-0.0152;16.7009,-0.0173;17.3482,-0.0192;17.9916,-0.0212;18.6314,-0.0238;19.2659,-0.0246;19.8927,-0.0262;20.5101,-0.0282;21.1161,-0.0293;21.7110,-0.0319;22.2950,-0.0326;22.8684,-0.0352;23.4308,-0.0356;23.9830,-0.0365;24.5243,-0.0378;25.0552,-0.0376;25.5772,-0.0374;26.0920,-0.0355;26.6032,-0.0338;27.1092,-0.0307;27.6097,-0.0269;28.1059,-0.0216;28.5988,-0.0164;29.0876,-0.0098;29.5716,-0.0020;30.0508,0.0070;30.5253,0.0171;30.9970,0.0275;31.4681,0.0404;31.9407,0.0547;32.4185,0.0705;32.9024,0.0870;33.3942,0.1052;33.8960,0.1260;34.4094,0.1487;34.9354,0.1724;35.4728,0.1984;36.0218,0.2268;36.5821,0.2561;37.1532,0.2886;37.7348,0.3227;38.3284,0.3586"
13f0af4c-2565-4a4d-b765-7f397f1d1684,12100000,0,0,0.0,SKIPPED,,,,4580,10,11.651,Slow down due to pedestrians crossing the crosswalk ahead,1.9297,5.9907,"0.7064,-0.0000;1.4093,-0.0001;2.1084,-0.0002;2.8036,-0.0002;3.4946,-0.0003;4.1812,-0.0004;4.8631,-0.0006;5.5402,-0.0008;6.2124,-0.0011;6.8796,-0.0014;7.5413,-0.0018;8.1975,-0.0022;8.8482,-0.0026;9.4937,-0.0030;10.1342,-0.0034;10.7702,-0.0038;11.4018,-0.0042;12.0289,-0.0046;12.6511,-0.0049;13.2687,-0.0052;13.8823,-0.0055;14.4927,-0.0057;15.1011,-0.0059;15.7085,-0.0060;16.3158,-0.0061;16.9240,-0.0062;17.5342,-0.0061;18.1477,-0.0061;18.7651,-0.0059;19.3869,-0.0057;20.0133,-0.0054;20.6444,-0.0050;21.2805,-0.0046;21.9218,-0.0042;22.5683,-0.0038;23.2201,-0.0034;23.8772,-0.0032;24.5397,-0.0030;25.2076,-0.0029;25.8809,-0.0030;26.5597,-0.0032;27.2441,-0.0035;27.9338,-0.0041;28.6291,-0.0049;29.3301,-0.0061;30.0373,-0.0077;30.7510,-0.0098;31.4716,-0.0124;32.1987,-0.0158;32.9317,-0.0199;33.6696,-0.0249;34.4113,-0.0307;35.1559,-0.0376;35.9025,-0.0455;36.6504,-0.0545;37.3989,-0.0649;38.1470,-0.0766;38.8944,-0.0895;39.6404,-0.1037;40.3849,-0.1192;41.1274,-0.1358;41.8680,-0.1535;42.6065,-0.1722;43.3433,-0.1918","0.6669,-0.0001;1.3669,0.0006;2.0614,0.0020;2.7514,-0.0007;3.4371,-0.0017;4.1196,-0.0029;4.7994,-0.0031;5.4762,-0.0029;6.1480,-0.0030;6.8145,-0.0042;7.4761,-0.0053;8.1334,-0.0058;8.7879,-0.0069;9.4391,-0.0085;10.0864,-0.0099;10.7299,-0.0115;11.3696,-0.0135;12.0041,-0.0139;12.6309,-0.0150;13.2484,-0.0166;13.8543,-0.0172;14.4492,-0.0193;15.0333,-0.0196;15.6066,-0.0218;16.1691,-0.0218;16.7212,-0.0222;17.2625,-0.0231;17.7934,-0.0225;18.3155,-0.0219;18.8302,-0.0196;19.3414,-0.0175;19.8475,-0.0141;20.3479,-0.0099;20.8441,-0.0042;21.3371,0.0013;21.8259,0.0083;22.3098,0.0165;22.7890,0.0259;23.2635,0.0363;23.7352,0.0471;24.2063,0.0603;24.6789,0.0750;25.1566,0.0912;25.6405,0.1080;26.1323,0.1266;26.6341,0.1478;27.1475,0.1709;27.6735,0.1950;28.2108,0.2213;28.7598,0.2502;29.3202,0.2799;29.8912,0.3128;30.4728,0.3474;31.0663,0.3837;31.6709,0.4235;32.2840,0.4637;32.9043,0.5061;33.5319,0.5514;34.1668,0.5988;34.8095,0.6480;35.4591,0.6991;36.1148,0.7531;36.7773,0.8078;37.4463,0.8637"
13f0af4c-2565-4a4d-b765-7f397f1d1684,13100000,0,0,0.0,SKIPPED,,,,4580,11,11.863,Yield due to a pedestrian walking across the crosswalk,1.0869,1.4246,"0.6612,-0.0001;1.3185,-0.0004;1.9718,-0.0008;2.6210,-0.0015;3.2660,-0.0023;3.9065,-0.0033;4.5426,-0.0044;5.1742,-0.0056;5.8012,-0.0069;6.4237,-0.0084;7.0415,-0.0101;7.6546,-0.0119;8.2629,-0.0138;8.8663,-0.0160;9.4649,-0.0183;10.0587,-0.0208;10.6477,-0.0234;11.2319,-0.0261;11.8116,-0.0290;12.3873,-0.0320;12.9599,-0.0352;13.5302,-0.0384;14.0989,-0.0418;14.6667,-0.0452;15.2342,-0.0487;15.8016,-0.0523;16.3693,-0.0558;16.9376,-0.0593;17.5069,-0.0628;18.0775,-0.0662;18.6496,-0.0694;19.2229,-0.0725;19.7975,-0.0755;20.3733,-0.0782;20.9502,-0.0807;21.5284,-0.0830;22.1078,-0.0849;22.6885,-0.0865;23.2704,-0.0878;23.8533,-0.0886;24.4372,-0.0891;25.0222,-0.0892;25.6084,-0.0888;26.1957,-0.0881;26.7839,-0.0868;27.3724,-0.0851;27.9604,-0.0830;28.5472,-0.0804;29.1325,-0.0772;29.7163,-0.0736;30.2988,-0.0694;30.8803,-0.0645;31.4607,-0.0591;32.0400,-0.0529;32.6184,-0.0459;33.1962,-0.0381;33.7741,-0.0291;34.3530,-0.0190;34.9337,-0.0076;35.5173,0.0054;36.1045,0.0199;36.6962,0.0361;37.2927,0.0541;37.8940,0.0739","0.6255,-0.0002;1.2828,0.0001;1.9373,-0.0003;2.5885,-0.0011;3.2358,-0.0017;3.8793,-0.0026;4.5190,-0.0038;5.1535,-0.0034;5.7804,-0.0039;6.3978,-0.0047;7.0037,-0.0046;7.5986,-0.0060;8.1827,-0.0056;8.7561,-0.0071;9.3185,-0.0064;9.8707,-0.0062;10.4119,-0.0065;10.9428,-0.0052;11.4649,-0.0040;11.9796,-0.0012;12.4909,0.0016;12.9969,0.0056;13.4973,0.0104;13.9935,0.0166;14.4865,0.0228;14.9752,0.0303;15.4592,0.0390;15.9384,0.0490;16.4128,0.0600;16.8845,0.0713;17.3556,0.0851;17.8282,0.1003;18.3059,0.1171;18.7898,0.1345;19.2816,0.1537;19.7834,0.1755;20.2967,0.1992;20.8226,0.2239;21.3600,0.2509;21.9089,0.2804;22.4692,0.3108;23.0402,0.3443;23.6218,0.3796;24.2153,0.4166;24.8198,0.4571;25.4328,0.4980;26.0530,0.5411;26.6807,0.5872;27.3155,0.6354;27.9581,0.6853;28.6076,0.7372;29.2633,0.7919;29.9257,0.8474;30.5947,0.9041;31.2708,0.9627;31.9542,1.0219;32.6452,1.0817;33.3435,1.1411;34.0496,1.2011;34.7617,1.2597;35.4777,1.3170;36.1972,1.3734;36.9197,1.4268;37.6467,1.4768"
13f0af4c-2565-4a4d-b765-7f397f1d1684,14100000,0,0,0.0,SKIPPED,,,,4580,12,12.176,Yield by slowing due to a pedestrian in the crosswalk,1.6179,6.2109,"0.6070,0.0000;1.2040,0.0001;1.7915,0.0001;2.3697,0.0002;2.9386,0.0004;3.4984,0.0006;4.0489,0.0008;4.5905,0.0011;5.1235,0.0014;5.6488,0.0016;6.1671,0.0020;6.6792,0.0023;7.1857,0.0027;7.6872,0.0032;8.1841,0.0037;8.6769,0.0043;9.1659,0.0050;9.6516,0.0058;10.1350,0.0066;10.6165,0.0076;11.0968,0.0087;11.5763,0.0099;12.0554,0.0111;12.5345,0.0125;13.0141,0.0139;13.4946,0.0154;13.9762,0.0169;14.4590,0.0185;14.9429,0.0201;15.4279,0.0217;15.9140,0.0233;16.4010,0.0249;16.8890,0.0264;17.3777,0.0279;17.8671,0.0294;18.3568,0.0308;18.8471,0.0320;19.3379,0.0332;19.8292,0.0342;20.3212,0.0350;20.8136,0.0356;21.3066,0.0361;21.8005,0.0364;22.2955,0.0367;22.7924,0.0368;23.2918,0.0368;23.7942,0.0368;24.2996,0.0367;24.8080,0.0364;25.3193,0.0361;25.8335,0.0358;26.3509,0.0354;26.8716,0.0351;27.3958,0.0347;27.9232,0.0344;28.4535,0.0341;28.9864,0.0340;29.5220,0.0339;30.0605,0.0340;30.6025,0.0342;31.1482,0.0346;31.6979,0.0351;32.2509,0.0360;32.8069,0.0371","0.5722,0.0005;1.1671,-0.0004;1.7512,0.0004;2.3246,-0.0006;2.8870,0.0005;3.4392,0.0012;3.9804,0.0014;4.5113,0.0030;5.0334,0.0047;5.5481,0.0079;6.0593,0.0111;6.5654,0.0155;7.0658,0.0207;7.5620,0.0273;8.0549,0.0339;8.5437,0.0418;9.0276,0.0509;9.5068,0.0613;9.9813,0.0726;10.4530,0.0843;10.9241,0.0985;11.3966,0.1141;11.8743,0.1313;12.3582,0.1490;12.8499,0.1686;13.3517,0.1908;13.8650,0.2149;14.3909,0.2400;14.9282,0.2675;15.4772,0.2974;16.0375,0.3283;16.6084,0.3623;17.1900,0.3980;17.7834,0.4355;18.3879,0.4765;19.0009,0.5179;19.6211,0.5615;20.2487,0.6081;20.8835,0.6568;21.5261,0.7072;22.1755,0.7596;22.8311,0.8148;23.4935,0.8709;24.1624,0.9281;24.8385,0.9872;25.5219,1.0470;26.2128,1.1074;26.9111,1.1673;27.6172,1.2278;28.3291,1.2870;29.0452,1.3449;29.7646,1.4019;30.4871,1.4559;31.2140,1.5065;31.9469,1.5542;32.6853,1.5987;33.4278,1.6404;34.1738,1.6785;34.9235,1.7144;35.6779,1.7480;36.4384,1.7771;37.2057,1.8024;37.9763,1.8244;38.7494,1.8432"
13f0af4c-2565-4a4d-b765-7f397f1d1684,15100000,0,0,0.0,SKIPPED,,,,4580,14,12.77,Yield due to a pedestrian in the crosswalk requiring speed reduction.,0.9994,2.7725,"0.5091,0.0004;1.0137,0.0014;1.5136,0.0032;2.0091,0.0057;2.5004,0.0088;2.9878,0.0126;3.4716,0.0169;3.9518,0.0216;4.4288,0.0266;4.9035,0.0319;5.3772,0.0373;5.8517,0.0429;6.3290,0.0484;6.8108,0.0539;7.2983,0.0593;7.7919,0.0646;8.2916,0.0696;8.7974,0.0744;9.3091,0.0788;9.8268,0.0829;10.3510,0.0867;10.8823,0.0902;11.4223,0.0933;11.9726,0.0961;12.5344,0.0985;13.1083,0.1006;13.6942,0.1023;14.2913,0.1036;14.8991,0.1044;15.5173,0.1048;16.1456,0.1048;16.7832,0.1044;17.4289,0.1037;18.0810,0.1026;18.7382,0.1012;19.4000,0.0995;20.0662,0.0975;20.7371,0.0953;21.4127,0.0927;22.0932,0.0898;22.7786,0.0864;23.4685,0.0826;24.1625,0.0784;24.8592,0.0737;25.5576,0.0685;26.2563,0.0626;26.9544,0.0561;27.6514,0.0488;28.3472,0.0407;29.0417,0.0319;29.7352,0.0225;30.4277,0.0127;31.1195,0.0026;31.8106,-0.0077;32.5018,-0.0181;33.1941,-0.0284;33.8885,-0.0385;34.5862,-0.0484;35.2877,-0.0580;35.9935,-0.0673;36.7037,-0.0762;37.4190,-0.0846;38.1401,-0.0925;38.8679,-0.0998","0.4832,-0.0001;0.9892,0.0012;1.4897,0.0033;1.9860,0.0068;2.4789,0.0103;2.9677,0.0152;3.4517,0.0212;3.9309,0.0286;4.4054,0.0370;4.8772,0.0457;5.3484,0.0570;5.8210,0.0696;6.2988,0.0838;6.7828,0.0985;7.2746,0.1150;7.7765,0.1341;8.2900,0.1550;8.8160,0.1768;9.3535,0.2009;9.9026,0.2274;10.4631,0.2548;11.0343,0.2852;11.6160,0.3173;12.2097,0.3511;12.8145,0.3883;13.4277,0.4259;14.0481,0.4656;14.6760,0.5083;15.3111,0.5530;15.9539,0.5994;16.6037,0.6477;17.2597,0.6989;17.9224,0.7508;18.5917,0.8038;19.2681,0.8587;19.9518,0.9142;20.6431,0.9703;21.3417,1.0259;22.0482,1.0820;22.7605,1.1367;23.4769,1.1901;24.1966,1.2426;24.9195,1.2921;25.6467,1.3381;26.3799,1.3813;27.1186,1.4211;27.8613,1.4582;28.6075,1.4916;29.3574,1.5229;30.1120,1.5518;30.8727,1.5761;31.6401,1.5966;32.4109,1.6138;33.1840,1.6278;33.9583,1.6391;34.7339,1.6499;35.5117,1.6593;36.2915,1.6684;37.0729,1.6773;37.8539,1.6845;38.6326,1.6919;39.4106,1.6982;40.1890,1.7037;40.9692,1.7089"
13f0af4c-2565-4a4d-b765-7f397f1d1684,16100000,0,0,0.0,SKIPPED,,,,4580,14,12.857,Yield due to a pedestrian in the crosswalk requiring reduced speed.,2.7768,4.8878,"0.4686,0.0006;0.9336,0.0023;1.3949,0.0051;1.8525,0.0087;2.3065,0.0130;2.7574,0.0179;3.2059,0.0234;3.6532,0.0295;4.1004,0.0360;4.5486,0.0432;4.9990,0.0511;5.4525,0.0599;5.9107,0.0697;6.3746,0.0807;6.8453,0.0932;7.3235,0.1075;7.8097,0.1236;8.3042,0.1418;8.8074,0.1624;9.3192,0.1855;9.8400,0.2113;10.3699,0.2400;10.9089,0.2718;11.4573,0.3068;12.0154,0.3451;12.5833,0.3866;13.1612,0.4313;13.7488,0.4790;14.3460,0.5294;14.9528,0.5823;15.5687,0.6370;16.1939,0.6930;16.8279,0.7498;17.4704,0.8066;18.1205,0.8626;18.7775,0.9170;19.4411,0.9691;20.1108,1.0178;20.7866,1.0624;21.4684,1.1020;22.1563,1.1360;22.8500,1.1637;23.5497,1.1846;24.2553,1.1983;24.9668,1.2046;25.6840,1.2032;26.4065,1.1943;27.1336,1.1779;27.8645,1.1543;28.5986,1.1241;29.3357,1.0877;30.0760,1.0460;30.8194,0.9996;31.5659,0.9493;32.3150,0.8958;33.0659,0.8398;33.8177,0.7817;34.5696,0.7219;35.3211,0.6607;36.0715,0.5981;36.8202,0.5344;37.5666,0.4697;38.3101,0.4041;39.0503,0.3379","0.4453,0.0006;0.9181,0.0026;1.3961,0.0059;1.8803,0.0097;2.3724,0.0151;2.8746,0.0228;3.3884,0.0321;3.9148,0.0420;4.4527,0.0539;5.0023,0.0680;5.5632,0.0827;6.1349,0.1002;6.7173,0.1191;7.3116,0.1395;7.9170,0.1630;8.5309,0.1867;9.1521,0.2124;9.7808,0.2409;10.4167,0.2712;11.0605,0.3031;11.7112,0.3367;12.3681,0.3730;13.0318,0.4099;13.7021,0.4478;14.3796,0.4873;15.0644,0.5273;15.7568,0.5678;16.4565,0.6076;17.1641,0.6477;17.8775,0.6863;18.5948,0.7235;19.3156,0.7596;20.0394,0.7928;20.7674,0.8224;21.5014,0.8489;22.2408,0.8721;22.9842,0.8924;23.7310,0.9089;24.4814,0.9232;25.2364,0.9350;25.9975,0.9421;26.7652,0.9452;27.5362,0.9450;28.3094,0.9415;29.0837,0.9353;29.8594,0.9285;30.6372,0.9204;31.4170,0.9118;32.1984,0.9030;32.9794,0.8926;33.7580,0.8824;34.5360,0.8711;35.3143,0.8590;36.0944,0.8465;36.8764,0.8335;37.6590,0.8202;38.4415,0.8063;39.2239,0.7917;40.0073,0.7764;40.7915,0.7612;41.5758,0.7457;42.3598,0.7299;43.1428,0.7142;43.9248,0.6979"
13f0af4c-2565-4a4d-b765-7f397f1d1684,17100000,0,0,0.0,SKIPPED,,,,4580,10,11.476,Yield due to pedestrians in the crosswalk.,0.8392,1.6368,"0.5618,0.0006;1.1361,0.0024;1.7224,0.0054;2.3203,0.0094;2.9296,0.0142;3.5500,0.0197;4.1809,0.0256;4.8218,0.0314;5.4719,0.0367;6.1307,0.0410;6.7981,0.0436;7.4736,0.0442;8.1569,0.0421;8.8472,0.0372;9.5437,0.0292;10.2459,0.0181;10.9531,0.0039;11.6649,-0.0133;12.3806,-0.0331;13.0995,-0.0553;13.8213,-0.0797;14.5460,-0.1058;15.2740,-0.1337;16.0057,-0.1631;16.7413,-0.1942;17.4807,-0.2271;18.2235,-0.2620;18.9692,-0.2990;19.7176,-0.3384;20.4684,-0.3806;21.2217,-0.4258;21.9774,-0.4741;22.7356,-0.5259;23.4962,-0.5812;24.2592,-0.6402;25.0244,-0.7030;25.7917,-0.7696;26.5607,-0.8399;27.3316,-0.9134;28.1043,-0.9896;28.8790,-1.0680;29.6557,-1.1476;30.4341,-1.2275;31.2137,-1.3071;31.9944,-1.3856;32.7762,-1.4625;33.5593,-1.5373;34.3437,-1.6097;35.1291,-1.6793;35.9147,-1.7461;36.6998,-1.8097;37.4838,-1.8703;38.2668,-1.9279;39.0489,-1.9826;39.8305,-2.0348;40.6116,-2.0846;41.3921,-2.1324;42.1717,-2.1784;42.9502,-2.2227;43.7271,-2.2656;44.5018,-2.3074;45.2738,-2.3483;46.0429,-2.3886;46.8090,-2.4284","0.5306,-0.0004;1.1026,0.0017;1.6852,0.0049;2.2799,0.0093;2.8857,0.0165;3.5001,0.0237;4.1217,0.0326;4.7509,0.0441;5.3875,0.0573;6.0318,0.0718;6.6832,0.0879;7.3409,0.1065;8.0053,0.1256;8.6764,0.1454;9.3547,0.1666;10.0404,0.1882;10.7336,0.2100;11.4341,0.2309;12.1425,0.2519;12.8567,0.2713;13.5748,0.2892;14.2963,0.3059;15.0207,0.3196;15.7492,0.3296;16.4837,0.3363;17.2235,0.3396;17.9671,0.3398;18.7141,0.3362;19.4646,0.3303;20.2197,0.3217;20.9806,0.3083;21.7482,0.2908;22.5188,0.2698;23.2917,0.2455;24.0656,0.2185;24.8408,0.1908;25.6181,0.1617;26.3974,0.1321;27.1783,0.1023;27.9587,0.0709;28.7367,0.0396;29.5141,0.0075;30.2918,-0.0256;31.0713,-0.0591;31.8527,-0.0932;32.6346,-0.1276;33.4165,-0.1625;34.1982,-0.1982;34.9809,-0.2346;35.7644,-0.2709;36.5480,-0.3075;37.3313,-0.3444;38.1136,-0.3812;38.8949,-0.4185;39.6762,-0.4559;40.4576,-0.4932;41.2395,-0.5303;42.0223,-0.5673;42.8047,-0.6040;43.5871,-0.6410;44.3696,-0.6789;45.1525,-0.7172;45.9363,-0.7555;46.7205,-0.7940"
13f0af4c-2565-4a4d-b765-7f397f1d1684,18100000,0,0,0.0,SKIPPED,,,,4580,12,12.164,Keep speed through the intersection since the traffic light is green.,0.3684,1.1034,"0.6508,0.0008;1.3065,0.0033;1.9671,0.0073;2.6329,0.0128;3.3038,0.0194;3.9799,0.0269;4.6613,0.0350;5.3480,0.0432;6.0399,0.0510;6.7371,0.0580;7.4396,0.0635;8.1473,0.0671;8.8602,0.0683;9.5782,0.0668;10.3012,0.0623;11.0291,0.0547;11.7617,0.0436;12.4986,0.0291;13.2397,0.0112;13.9846,-0.0103;14.7329,-0.0353;15.4846,-0.0638;16.2394,-0.0957;16.9975,-0.1309;17.7585,-0.1695;18.5221,-0.2113;19.2876,-0.2560;20.0543,-0.3037;20.8218,-0.3540;21.5903,-0.4068;22.3600,-0.4619;23.1315,-0.5191;23.9047,-0.5782;24.6791,-0.6388;25.4540,-0.7008;26.2287,-0.7638;27.0027,-0.8276;27.7760,-0.8921;28.5487,-0.9572;29.3207,-1.0228;30.0917,-1.0888;30.8614,-1.1552;31.6297,-1.2218;32.3963,-1.2886;33.1615,-1.3557;33.9250,-1.4229;34.6869,-1.4903;35.4468,-1.5578;36.2048,-1.6254;36.9606,-1.6930;37.7144,-1.7607;38.4665,-1.8284;39.2168,-1.8963;39.9656,-1.9643;40.7129,-2.0324;41.4586,-2.1007;42.2028,-2.1692;42.9453,-2.2381;43.6864,-2.3073;44.4259,-2.3771;45.1639,-2.4474;45.9007,-2.5185;46.6361,-2.5903;47.3703,-2.6629","0.6158,-0.0002;1.2737,0.0019;1.9384,0.0042;2.6098,0.0072;3.2884,0.0114;3.9744,0.0158;4.6680,0.0201;5.3688,0.0235;6.0775,0.0267;6.7919,0.0282;7.5103,0.0280;8.2319,0.0266;8.9564,0.0221;9.6850,0.0138;10.4194,0.0021;11.1590,-0.0132;11.9025,-0.0316;12.6491,-0.0540;13.3992,-0.0787;14.1538,-0.1062;14.9142,-0.1387;15.6811,-0.1755;16.4510,-0.2158;17.2230,-0.2595;17.9960,-0.3060;18.7702,-0.3531;19.5465,-0.4017;20.3249,-0.4508;21.1047,-0.5002;21.8841,-0.5512;22.6612,-0.6020;23.4375,-0.6537;24.2141,-0.7063;24.9925,-0.7593;25.7728,-0.8130;26.5536,-0.8670;27.3344,-0.9215;28.1149,-0.9768;28.8965,-1.0328;29.6788,-1.0888;30.4613,-1.1451;31.2434,-1.2017;32.0245,-1.2581;32.8046,-1.3150;33.5847,-1.3720;34.3650,-1.4289;35.1457,-1.4856;35.9273,-1.5422;36.7086,-1.5985;37.4898,-1.6551;38.2710,-1.7127;39.0527,-1.7706;39.8354,-1.8286;40.6183,-1.8868;41.4012,-1.9454;42.1845,-2.0049;42.9680,-2.0656;43.7519,-2.1274;44.5363,-2.1901;45.3212,-2.2535;46.1064,-2.3170;46.8919,-2.3813;47.6776,-2.4461;48.4631,-2.5107"
13f0af4c-2565-4a4d-b765-7f397f1d1684,19100000,0,0,0.0,SKIPPED,,,,4580,12,12.138,Nudge left to avoid the traffic island on the right.,0.7052,0.5629,"0.7213,-0.0011;1.4493,-0.0045;2.1838,-0.0104;2.9244,-0.0191;3.6709,-0.0309;4.4235,-0.0457;5.1827,-0.0637;5.9488,-0.0847;6.7214,-0.1088;7.4996,-0.1359;8.2829,-0.1659;9.0709,-0.1985;9.8637,-0.2336;10.6618,-0.2712;11.4651,-0.3111;12.2729,-0.3533;13.0843,-0.3977;13.8985,-0.4442;14.7149,-0.4929;15.5331,-0.5437;16.3528,-0.5966;17.1737,-0.6514;17.9956,-0.7081;18.8183,-0.7665;19.6411,-0.8265;20.4637,-0.8879;21.2856,-0.9505;22.1063,-1.0142;22.9257,-1.0788;23.7434,-1.1441;24.5589,-1.2101;25.3718,-1.2764;26.1818,-1.3431;26.9892,-1.4101;27.7944,-1.4772;28.5974,-1.5445;29.3982,-1.6119;30.1964,-1.6793;30.9917,-1.7466;31.7839,-1.8138;32.5731,-1.8808;33.3595,-1.9475;34.1434,-2.0139;34.9250,-2.0801;35.7046,-2.1459;36.4819,-2.2114;37.2569,-2.2766;38.0292,-2.3414;38.7988,-2.4058;39.5658,-2.4698;40.3304,-2.5335;41.0926,-2.5968;41.8528,-2.6598;42.6108,-2.7225;43.3668,-2.7849;44.1205,-2.8471;44.8716,-2.9089;45.6196,-2.9705;46.3640,-3.0318;47.1044,-3.0927;47.8408,-3.1533;48.5736,-3.2136;49.3033,-3.2736;50.0305,-3.3334","0.6788,-0.0011;1.4004,-0.0035;2.1249,-0.0090;2.8535,-0.0183;3.5879,-0.0310;4.3275,-0.0473;5.0709,-0.0668;5.8175,-0.0902;6.5676,-0.1159;7.3221,-0.1444;8.0825,-0.1780;8.8493,-0.2158;9.6191,-0.2572;10.3911,-0.3020;11.1640,-0.3494;11.9382,-0.3976;12.7144,-0.4473;13.4927,-0.4975;14.2725,-0.5480;15.0518,-0.6000;15.8288,-0.6518;16.6050,-0.7046;17.3816,-0.7583;18.1599,-0.8123;18.9402,-0.8671;19.7208,-0.9221;20.5016,-0.9778;21.2820,-1.0341;22.0635,-1.0912;22.8458,-1.1483;23.6282,-1.2056;24.4102,-1.2632;25.1912,-1.3207;25.9713,-1.3787;26.7513,-1.4367;27.5315,-1.4947;28.3121,-1.5525;29.0936,-1.6101;29.8748,-1.6675;30.6559,-1.7252;31.4371,-1.7838;32.2187,-1.8428;33.0013,-1.9019;33.7842,-1.9612;34.5670,-2.0208;35.3502,-2.0815;36.1336,-2.1432;36.9174,-2.2061;37.7018,-2.2699;38.4865,-2.3343;39.2716,-2.3989;40.0571,-2.4643;40.8427,-2.5301;41.6281,-2.5958;42.4133,-2.6610;43.1988,-2.7261;43.9844,-2.7910;44.7702,-2.8558;45.5573,-2.9204;46.3444,-2.9841;47.1305,-3.0473;47.9151,-3.1098;48.6975,-3.1716;49.4767,-3.2323"
868a46b4-c9ad-4413-820a-e5b63b50ad39,5100000,0,0,0.0,SKIPPED,,,,4580,8,10.95,Slow down due to the lead vehicle ahead,2.9129,5.7867,"0.6361,0.0002;1.2672,0.0006;1.8932,0.0013;2.5142,0.0023;3.1304,0.0034;3.7418,0.0047;4.3485,0.0062;4.9505,0.0077;5.5477,0.0094;6.1402,0.0111;6.7283,0.0129;7.3121,0.0148;7.8917,0.0166;8.4671,0.0185;9.0387,0.0204;9.6067,0.0223;10.1717,0.0242;10.7343,0.0261;11.2951,0.0281;11.8547,0.0300;12.4135,0.0321;12.9718,0.0342;13.5299,0.0365;14.0879,0.0389;14.6456,0.0415;15.2029,0.0442;15.7593,0.0471;16.3144,0.0502;16.8677,0.0535;17.4187,0.0569;17.9667,0.0604;18.5114,0.0640;19.0521,0.0676;19.5888,0.0712;20.1213,0.0748;20.6498,0.0784;21.1743,0.0820;21.6948,0.0854;22.2115,0.0888;22.7246,0.0921;23.2342,0.0952;23.7407,0.0983;24.2442,0.1012;24.7451,0.1039;25.2437,0.1065;25.7406,0.1090;26.2360,0.1114;26.7305,0.1137;27.2246,0.1158;27.7185,0.1179;28.2126,0.1200;28.7067,0.1220;29.2007,0.1240;29.6940,0.1259;30.1862,0.1278;30.6770,0.1297;31.1663,0.1315;31.6540,0.1333;32.1399,0.1350;32.6239,0.1368;33.1054,0.1384;33.5843,0.1401;34.0602,0.1417;34.5333,0.1433","0.6167,-0.0000;1.2485,0.0002;1.8763,0.0008;2.5014,0.0017;3.1240,0.0030;3.7441,0.0045;4.3636,0.0063;4.9823,0.0083;5.6006,0.0103;6.2213,0.0130;6.8470,0.0154;7.4787,0.0183;8.1159,0.0212;8.7586,0.0244;9.4067,0.0277;10.0614,0.0312;10.7231,0.0354;11.3914,0.0395;12.0656,0.0431;12.7454,0.0474;13.4311,0.0523;14.1223,0.0565;14.8191,0.0609;15.5212,0.0660;16.2277,0.0709;16.9377,0.0757;17.6506,0.0805;18.3646,0.0857;19.0782,0.0912;19.7907,0.0969;20.5020,0.1031;21.2115,0.1099;21.9200,0.1151;22.6265,0.1208;23.3293,0.1267;24.0281,0.1331;24.7229,0.1390;25.4139,0.1456;26.1018,0.1516;26.7859,0.1583;27.4660,0.1655;28.1416,0.1728;28.8117,0.1796;29.4747,0.1867;30.1305,0.1938;30.7781,0.2011;31.4167,0.2076;32.0450,0.2150;32.6637,0.2232;33.2725,0.2297;33.8699,0.2366;34.4554,0.2438;35.0278,0.2509;35.5853,0.2560;36.1281,0.2620;36.6572,0.2683;37.1722,0.2733;37.6714,0.2787;38.1541,0.2837;38.6209,0.2890;39.0716,0.2936;39.5049,0.2982;39.9203,0.3024;40.3177,0.3067"
868a46b4-c9ad-4413-820a-e5b63b50ad39,6100000,0,0,0.0,SKIPPED,,,,4580,10,11.649,Slow down due to the lead vehicle reducing speed ahead,0.6803,2.4611,"0.6212,0.0001;1.2421,0.0005;1.8636,0.0011;2.4869,0.0019;3.1128,0.0027;3.7418,0.0036;4.3742,0.0046;5.0098,0.0055;5.6482,0.0065;6.2893,0.0074;6.9333,0.0083;7.5807,0.0092;8.2320,0.0101;8.8875,0.0110;9.5472,0.0119;10.2110,0.0129;10.8785,0.0138;11.5494,0.0147;12.2233,0.0157;12.8999,0.0167;13.5792,0.0176;14.2610,0.0186;14.9446,0.0196;15.6292,0.0206;16.3134,0.0215;16.9957,0.0225;17.6751,0.0234;18.3509,0.0243;19.0225,0.0252;19.6898,0.0261;20.3526,0.0270;21.0106,0.0279;21.6637,0.0289;22.3117,0.0298;22.9546,0.0308;23.5928,0.0318;24.2263,0.0329;24.8552,0.0340;25.4793,0.0351;26.0984,0.0362;26.7122,0.0374;27.3209,0.0385;27.9245,0.0397;28.5232,0.0408;29.1173,0.0420;29.7072,0.0432;30.2928,0.0443;30.8740,0.0454;31.4505,0.0465;32.0220,0.0476;32.5885,0.0487;33.1501,0.0497;33.7073,0.0507;34.2602,0.0516;34.8091,0.0526;35.3537,0.0535;35.8942,0.0544;36.4304,0.0552;36.9623,0.0560;37.4900,0.0568;38.0138,0.0576;38.5337,0.0584;39.0498,0.0591;39.5622,0.0598","0.6071,-0.0004;1.2389,-0.0003;1.8760,-0.0002;2.5188,0.0001;3.1669,0.0005;3.8215,0.0011;4.4832,0.0023;5.1516,0.0034;5.8258,0.0041;6.5056,0.0054;7.1913,0.0072;7.8825,0.0083;8.5793,0.0096;9.2814,0.0115;9.9879,0.0133;10.6980,0.0150;11.4109,0.0166;12.1250,0.0186;12.8385,0.0209;13.5511,0.0235;14.2623,0.0265;14.9719,0.0302;15.6804,0.0322;16.3869,0.0347;17.0897,0.0375;17.7886,0.0408;18.4834,0.0436;19.1744,0.0472;19.8623,0.0501;20.5465,0.0537;21.2265,0.0579;21.9022,0.0621;22.5724,0.0660;23.2354,0.0702;23.8911,0.0743;24.5388,0.0788;25.1774,0.0823;25.8058,0.0870;26.4245,0.0924;27.0333,0.0962;27.6307,0.1004;28.2162,0.1051;28.7887,0.1096;29.3462,0.1122;29.8890,0.1158;30.4181,0.1197;30.9332,0.1225;31.4324,0.1256;31.9151,0.1285;32.3819,0.1317;32.8327,0.1343;33.2659,0.1370;33.6813,0.1393;34.0788,0.1419;34.4589,0.1441;34.8233,0.1463;35.1703,0.1483;35.4981,0.1503;35.8086,0.1523;36.1036,0.1538;36.3809,0.1555;36.6395,0.1573;36.8799,0.1586;37.1031,0.1597"
868a46b4-c9ad-4413-820a-e5b63b50ad39,7100000,0,0,0.0,SKIPPED,,,,4580,10,11.615,Slow down due to the lead vehicle reducing speed ahead,1.6917,8.559,"0.6845,0.0000;1.3722,0.0002;2.0616,0.0005;2.7512,0.0009;3.4397,0.0015;4.1265,0.0022;4.8111,0.0031;5.4931,0.0041;6.1724,0.0053;6.8486,0.0066;7.5219,0.0080;8.1921,0.0097;8.8593,0.0115;9.5233,0.0135;10.1841,0.0156;10.8418,0.0178;11.4969,0.0202;12.1502,0.0227;12.8025,0.0254;13.4544,0.0282;14.1064,0.0311;14.7584,0.0342;15.4103,0.0372;16.0620,0.0404;16.7133,0.0437;17.3641,0.0470;18.0142,0.0503;18.6637,0.0537;19.3123,0.0570;19.9599,0.0604;20.6061,0.0638;21.2508,0.0672;21.8938,0.0705;22.5350,0.0739;23.1738,0.0773;23.8097,0.0806;24.4419,0.0839;25.0699,0.0871;25.6934,0.0903;26.3126,0.0935;26.9279,0.0967;27.5395,0.0998;28.1477,0.1030;28.7526,0.1061;29.3544,0.1092;29.9532,0.1123;30.5491,0.1154;31.1425,0.1185;31.7338,0.1215;32.3234,0.1246;32.9117,0.1277;33.4989,0.1309;34.0850,0.1340;34.6701,0.1372;35.2544,0.1404;35.8383,0.1435;36.4224,0.1466;37.0069,0.1497;37.5921,0.1528;38.1780,0.1558;38.7646,0.1588;39.3522,0.1616;39.9411,0.1644;40.5318,0.1670","0.6652,0.0002;1.3564,-0.0003;2.0532,-0.0006;2.7553,-0.0003;3.4618,-0.0002;4.1719,-0.0002;4.8848,-0.0003;5.5988,0.0000;6.3124,0.0007;7.0250,0.0016;7.7362,0.0030;8.4458,0.0049;9.1543,0.0053;9.8608,0.0062;10.5636,0.0073;11.2625,0.0090;11.9573,0.0101;12.6483,0.0121;13.3363,0.0134;14.0204,0.0154;14.7005,0.0180;15.3762,0.0207;16.0463,0.0230;16.7094,0.0256;17.3651,0.0282;18.0128,0.0311;18.6514,0.0332;19.2798,0.0363;19.8985,0.0403;20.5073,0.0427;21.1048,0.0455;21.6903,0.0488;22.2628,0.0520;22.8202,0.0533;23.3631,0.0556;23.8922,0.0582;24.4072,0.0598;24.9065,0.0618;25.3892,0.0635;25.8560,0.0656;26.3068,0.0672;26.7400,0.0688;27.1555,0.0702;27.5529,0.0718;27.9330,0.0732;28.2974,0.0745;28.6445,0.0757;28.9722,0.0769;29.2827,0.0782;29.5777,0.0791;29.8550,0.0801;30.1136,0.0812;30.3541,0.0819;30.5773,0.0826;30.7821,0.0833;30.9687,0.0839;31.1378,0.0846;31.2901,0.0851;31.4272,0.0856;31.5520,0.0861;31.6672,0.0865;31.7742,0.0868;31.8754,0.0872;31.9732,0.0876"
868a46b4-c9ad-4413-820a-e5b63b50ad39,8100000,0,0,0.0,SKIPPED,,,,4580,8,10.942,Slow down due to the lead vehicle ahead,1.1567,5.7374,"0.7107,0.0001;1.4197,0.0002;2.1265,0.0006;2.8308,0.0010;3.5320,0.0016;4.2302,0.0023;4.9250,0.0031;5.6163,0.0041;6.3039,0.0052;6.9873,0.0065;7.6661,0.0078;8.3395,0.0093;9.0070,0.0108;9.6676,0.0124;10.3202,0.0141;10.9629,0.0158;11.5936,0.0175;12.2102,0.0192;12.8108,0.0209;13.3940,0.0225;13.9591,0.0241;14.5060,0.0255;15.0353,0.0269;15.5491,0.0281;16.0500,0.0293;16.5405,0.0303;17.0227,0.0313;17.4977,0.0322;17.9663,0.0330;18.4288,0.0338;18.8857,0.0345;19.3371,0.0352;19.7833,0.0358;20.2241,0.0365;20.6599,0.0371;21.0907,0.0377;21.5168,0.0383;21.9382,0.0389;22.3550,0.0396;22.7673,0.0402;23.1749,0.0409;23.5780,0.0416;23.9767,0.0423;24.3711,0.0431;24.7615,0.0438;25.1480,0.0447;25.5308,0.0455;25.9100,0.0464;26.2857,0.0474;26.6577,0.0483;27.0262,0.0494;27.3910,0.0504;27.7521,0.0515;28.1096,0.0526;28.4637,0.0538;28.8145,0.0550;29.1624,0.0563;29.5080,0.0575;29.8519,0.0589;30.1951,0.0602;30.5390,0.0616;30.8848,0.0631;31.2338,0.0646;31.5871,0.0662","0.6894,0.0005;1.3991,0.0016;2.1075,0.0010;2.8140,0.0010;3.5169,0.0013;4.2158,0.0021;4.9105,0.0024;5.6015,0.0035;6.2895,0.0040;6.9737,0.0051;7.6537,0.0069;8.3294,0.0087;8.9996,0.0102;9.6626,0.0120;10.3184,0.0138;10.9661,0.0159;11.6047,0.0172;12.2330,0.0196;12.8518,0.0228;13.4606,0.0244;14.0580,0.0265;14.6435,0.0291;15.2160,0.0315;15.7735,0.0321;16.3164,0.0337;16.8454,0.0358;17.3605,0.0367;17.8597,0.0381;18.3425,0.0392;18.8093,0.0407;19.2600,0.0417;19.6933,0.0428;20.1087,0.0437;20.5062,0.0448;20.8863,0.0457;21.2507,0.0466;21.5977,0.0474;21.9255,0.0482;22.2360,0.0490;22.5310,0.0495;22.8083,0.0503;23.0669,0.0511;23.3073,0.0515;23.5305,0.0518;23.7354,0.0523;23.9220,0.0526;24.0911,0.0532;24.2434,0.0535;24.3805,0.0538;24.5053,0.0541;24.6205,0.0544;24.7275,0.0546;24.8287,0.0549;24.9265,0.0551;25.0221,0.0554;25.1161,0.0556;25.2095,0.0559;25.3021,0.0561;25.3944,0.0564;25.4861,0.0566;25.5772,0.0569;25.6682,0.0572;25.7590,0.0575;25.8497,0.0578"
868a46b4-c9ad-4413-820a-e5b63b50ad39,9100000,0,0,0.0,SKIPPED,,,,4580,9,11.303,Slow down due to the lead vehicle ahead.,0.6944,0.8638,"0.6804,0.0001;1.3566,0.0003;2.0289,0.0008;2.6972,0.0013;3.3613,0.0019;4.0201,0.0026;4.6722,0.0033;5.3155,0.0042;5.9484,0.0053;6.5693,0.0065;7.1768,0.0079;7.7695,0.0095;8.3460,0.0113;8.9057,0.0132;9.4481,0.0152;9.9730,0.0172;10.4807,0.0193;10.9720,0.0213;11.4484,0.0232;11.9117,0.0251;12.3634,0.0270;12.8044,0.0289;13.2351,0.0307;13.6548,0.0325;14.0625,0.0342;14.4577,0.0359;14.8402,0.0376;15.2102,0.0391;15.5679,0.0407;15.9132,0.0421;16.2461,0.0435;16.5665,0.0448;16.8742,0.0461;17.1694,0.0473;17.4522,0.0484;17.7227,0.0495;17.9807,0.0506;18.2260,0.0516;18.4584,0.0526;18.6774,0.0535;18.8827,0.0544;19.0740,0.0552;19.2510,0.0560;19.4139,0.0567;19.5628,0.0574;19.6979,0.0580;19.8196,0.0585;19.9283,0.0590;20.0245,0.0595;20.1090,0.0599;20.1826,0.0602;20.2464,0.0605;20.3018,0.0608;20.3499,0.0610;20.3918,0.0612;20.4284,0.0614;20.4606,0.0616;20.4895,0.0617;20.5164,0.0619;20.5420,0.0620;20.5662,0.0621;20.5882,0.0623;20.6069,0.0624;20.6216,0.0624","0.6595,0.0006;1.3352,0.0013;2.0053,0.0016;2.6684,0.0023;3.3241,0.0029;3.9718,0.0040;4.6104,0.0041;5.2388,0.0054;5.8575,0.0076;6.4663,0.0082;7.0638,0.0092;7.6493,0.0108;8.2218,0.0123;8.7793,0.0120;9.3222,0.0126;9.8512,0.0138;10.3663,0.0138;10.8655,0.0143;11.3482,0.0146;11.8151,0.0153;12.2658,0.0156;12.6991,0.0160;13.1145,0.0161;13.5119,0.0165;13.8921,0.0168;14.2565,0.0170;14.6035,0.0172;14.9313,0.0175;15.2418,0.0178;15.5368,0.0178;15.8141,0.0181;16.0727,0.0184;16.3131,0.0184;16.5363,0.0184;16.7412,0.0185;16.9278,0.0185;17.0969,0.0188;17.2492,0.0188;17.3863,0.0189;17.5111,0.0190;17.6263,0.0191;17.7333,0.0191;17.8345,0.0192;17.9323,0.0193;18.0279,0.0194;18.1219,0.0195;18.2153,0.0195;18.3079,0.0196;18.4002,0.0197;18.4919,0.0199;18.5830,0.0200;18.6740,0.0201;18.7648,0.0202;18.8555,0.0203;18.9457,0.0205;19.0358,0.0206;19.1263,0.0207;19.2167,0.0208;19.3069,0.0210;19.3967,0.0211;19.4866,0.0212;19.5768,0.0213;19.6677,0.0213;19.7588,0.0214"
868a46b4-c9ad-4413-820a-e5b63b50ad39,10100000,0,0,0.0,SKIPPED,,,,4580,8,10.793,Slow down due to the lead vehicle ahead,2.131,8.5579,"0.5958,-0.0000;1.1739,0.0000;1.7311,0.0000;2.2648,-0.0000;2.7733,-0.0000;3.2559,-0.0001;3.7128,-0.0001;4.1454,-0.0001;4.5556,-0.0002;4.9456,-0.0002;5.3169,-0.0002;5.6708,-0.0002;6.0081,-0.0003;6.3302,-0.0003;6.6387,-0.0003;6.9358,-0.0003;7.2237,-0.0003;7.5047,-0.0004;7.7804,-0.0004;8.0519,-0.0004;8.3198,-0.0004;8.5842,-0.0004;8.8453,-0.0004;9.1031,-0.0004;9.3579,-0.0003;9.6101,-0.0003;9.8599,-0.0003;10.1073,-0.0002;10.3524,-0.0002;10.5955,-0.0001;10.8371,0.0000;11.0787,0.0001;11.3219,0.0002;11.5689,0.0004;11.8212,0.0005;12.0804,0.0007;12.3474,0.0009;12.6236,0.0011;12.9100,0.0014;13.2076,0.0016;13.5171,0.0019;13.8388,0.0022;14.1724,0.0026;14.5174,0.0029;14.8726,0.0033;15.2367,0.0037;15.6081,0.0041;15.9856,0.0045;16.3684,0.0049;16.7561,0.0054;17.1490,0.0057;17.5479,0.0061;17.9536,0.0064;18.3671,0.0067;18.7895,0.0070;19.2218,0.0072;19.6646,0.0074;20.1180,0.0075;20.5811,0.0076;21.0521,0.0077;21.5284,0.0078;22.0075,0.0078;22.4874,0.0078;22.9668,0.0078","0.5792,0.0002;1.1647,0.0009;1.7372,0.0016;2.2947,0.0004;2.8376,0.0003;3.3666,0.0007;3.8817,-0.0000;4.3809,-0.0003;4.8636,-0.0007;5.3305,-0.0006;5.7812,-0.0010;6.2145,-0.0013;6.6299,-0.0017;7.0274,-0.0019;7.4075,-0.0021;7.7719,-0.0025;8.1189,-0.0028;8.4467,-0.0030;8.7572,-0.0031;9.0522,-0.0035;9.3295,-0.0037;9.5881,-0.0037;9.8285,-0.0040;10.0518,-0.0044;10.2566,-0.0046;10.4432,-0.0048;10.6123,-0.0048;10.7646,-0.0050;10.9017,-0.0051;11.0265,-0.0052;11.1417,-0.0053;11.2487,-0.0054;11.3499,-0.0055;11.4477,-0.0055;11.5433,-0.0056;11.6373,-0.0056;11.7307,-0.0057;11.8233,-0.0057;11.9156,-0.0057;12.0073,-0.0058;12.0984,-0.0058;12.1895,-0.0058;12.2802,-0.0058;12.3709,-0.0058;12.4611,-0.0058;12.5512,-0.0058;12.6417,-0.0058;12.7321,-0.0058;12.8223,-0.0058;12.9121,-0.0059;13.0020,-0.0059;13.0922,-0.0059;13.1831,-0.0060;13.2742,-0.0060;13.3657,-0.0061;13.4583,-0.0061;13.5536,-0.0062;13.6524,-0.0062;13.7563,-0.0063;13.8670,-0.0064;13.9861,-0.0065;14.1154,-0.0066;14.2556,-0.0067;14.4090,-0.0069"
868a46b4-c9ad-4413-820a-e5b63b50ad39,11100000,0,0,0.0,SKIPPED,,,,4580,8,10.797,Stop due to the lead vehicle stopping ahead,1.6145,5.4026,"0.4485,-0.0000;0.8768,-0.0000;1.2849,-0.0000;1.6723,-0.0000;2.0390,-0.0001;2.3849,-0.0001;2.7102,-0.0001;3.0150,-0.0001;3.2996,-0.0002;3.5639,-0.0003;3.8082,-0.0003;4.0325,-0.0004;4.2373,-0.0005;4.4231,-0.0006;4.5908,-0.0007;4.7408,-0.0008;4.8735,-0.0009;4.9891,-0.0010;5.0884,-0.0011;5.1728,-0.0011;5.2444,-0.0012;5.3061,-0.0013;5.3605,-0.0013;5.4097,-0.0014;5.4548,-0.0014;5.4966,-0.0015;5.5351,-0.0015;5.5701,-0.0015;5.6007,-0.0016;5.6263,-0.0016;5.6465,-0.0016;5.6622,-0.0016;5.6749,-0.0017;5.6864,-0.0017;5.6977,-0.0017;5.7091,-0.0017;5.7206,-0.0017;5.7318,-0.0017;5.7429,-0.0017;5.7540,-0.0018;5.7651,-0.0018;5.7761,-0.0018;5.7872,-0.0018;5.7983,-0.0018;5.8095,-0.0018;5.8206,-0.0018;5.8318,-0.0018;5.8430,-0.0019;5.8542,-0.0019;5.8654,-0.0019;5.8765,-0.0019;5.8877,-0.0019;5.8988,-0.0019;5.9100,-0.0019;5.9211,-0.0019;5.9322,-0.0020;5.9433,-0.0020;5.9545,-0.0020;5.9656,-0.0020;5.9767,-0.0020;5.9879,-0.0020;5.9990,-0.0020;6.0101,-0.0020;6.0212,-0.0021","0.4368,0.0001;0.8701,0.0003;1.2855,0.0003;1.6830,0.0006;2.0631,0.0007;2.4275,0.0008;2.7745,0.0008;3.1023,0.0010;3.4128,0.0012;3.7078,0.0011;3.9851,0.0012;4.2437,0.0015;4.4842,0.0014;4.7074,0.0013;4.9122,0.0013;5.0988,0.0013;5.2679,0.0014;5.4202,0.0015;5.5573,0.0015;5.6821,0.0015;5.7973,0.0015;5.9043,0.0016;6.0055,0.0016;6.1033,0.0016;6.1989,0.0017;6.2930,0.0017;6.3863,0.0018;6.4789,0.0019;6.5712,0.0019;6.6629,0.0020;6.7540,0.0021;6.8451,0.0022;6.9358,0.0023;7.0265,0.0024;7.1167,0.0025;7.2068,0.0026;7.2973,0.0026;7.3877,0.0027;7.4779,0.0028;7.5677,0.0029;7.6576,0.0029;7.7479,0.0030;7.8387,0.0031;7.9298,0.0031;8.0213,0.0032;8.1140,0.0032;8.2092,0.0033;8.3080,0.0033;8.4119,0.0033;8.5226,0.0034;8.6417,0.0034;8.7710,0.0034;8.9112,0.0035;9.0646,0.0035;9.2325,0.0033;9.4144,0.0035;9.6105,0.0038;9.8213,0.0033;10.0473,0.0030;10.2886,0.0028;10.5457,0.0027;10.8200,0.0024;11.1125,0.0019;11.4238,0.0016"
868a46b4-c9ad-4413-820a-e5b63b50ad39,12100000,0,0,0.0,SKIPPED,,,,4580,9,11.285,Stop to keep distance to the lead vehicle.,2.3654,9.1381,"0.2778,-0.0000;0.5367,-0.0000;0.7767,-0.0001;0.9980,-0.0001;1.2008,-0.0001;1.3857,-0.0002;1.5528,-0.0002;1.7024,-0.0002;1.8346,-0.0002;1.9494,-0.0002;2.0474,-0.0002;2.1296,-0.0002;2.1973,-0.0002;2.2527,-0.0002;2.2983,-0.0002;2.3365,-0.0002;2.3688,-0.0002;2.3958,-0.0002;2.4170,-0.0002;2.4326,-0.0002;2.4437,-0.0002;2.4524,-0.0002;2.4605,-0.0002;2.4686,-0.0002;2.4762,-0.0002;2.4829,-0.0002;2.4885,-0.0002;2.4937,-0.0002;2.4987,-0.0002;2.5038,-0.0002;2.5091,-0.0002;2.5144,-0.0002;2.5198,-0.0002;2.5251,-0.0002;2.5305,-0.0002;2.5359,-0.0002;2.5412,-0.0002;2.5466,-0.0002;2.5519,-0.0002;2.5573,-0.0002;2.5627,-0.0002;2.5681,-0.0002;2.5735,-0.0002;2.5789,-0.0002;2.5844,-0.0002;2.5898,-0.0002;2.5953,-0.0002;2.6007,-0.0002;2.6062,-0.0002;2.6117,-0.0002;2.6171,-0.0002;2.6226,-0.0002;2.6281,-0.0002;2.6335,-0.0002;2.6390,-0.0002;2.6445,-0.0002;2.6500,-0.0002;2.6555,-0.0002;2.6610,-0.0002;2.6665,-0.0002;2.6720,-0.0002;2.6775,-0.0002;2.6829,-0.0002;2.6884,-0.0002","0.2685,0.0002;0.5271,0.0005;0.7675,0.0005;0.9908,0.0005;1.1956,0.0005;1.3822,0.0006;1.5513,0.0008;1.7036,0.0008;1.8407,0.0009;1.9655,0.0009;2.0807,0.0010;2.1877,0.0010;2.2889,0.0011;2.3867,0.0012;2.4823,0.0012;2.5763,0.0013;2.6697,0.0014;2.7623,0.0015;2.8546,0.0016;2.9463,0.0017;3.0374,0.0018;3.1285,0.0019;3.2192,0.0020;3.3099,0.0021;3.4001,0.0022;3.4902,0.0024;3.5807,0.0025;3.6711,0.0026;3.7613,0.0027;3.8511,0.0028;3.9410,0.0029;4.0312,0.0029;4.1221,0.0030;4.2132,0.0031;4.3047,0.0032;4.3973,0.0033;4.4926,0.0033;4.5914,0.0034;4.6953,0.0034;4.8060,0.0035;4.9251,0.0036;5.0544,0.0036;5.1946,0.0037;5.3480,0.0038;5.5159,0.0036;5.6978,0.0039;5.8939,0.0042;6.1047,0.0037;6.3307,0.0035;6.5720,0.0034;6.8291,0.0033;7.1034,0.0031;7.3959,0.0027;7.7072,0.0025;8.0386,0.0020;8.3902,0.0020;8.7614,0.0014;9.1508,0.0012;9.5575,0.0004;9.9813,0.0001;10.4215,-0.0005;10.8768,-0.0013;11.3458,-0.0018;11.8265,-0.0028"
868a46b4-c9ad-4413-820a-e5b63b50ad39,13100000,0,0,0.0,SKIPPED,,,,4580,16,13.447,Keep distance to the lead vehicle because it is directly ahead in the same lane.,1.2578,1.259,"0.1114,-0.0000;0.2087,-0.0000;0.2943,-0.0000;0.3711,-0.0000;0.4426,-0.0001;0.5117,-0.0001;0.5804,-0.0001;0.6498,-0.0002;0.7207,-0.0002;0.7939,-0.0002;0.8704,-0.0003;0.9509,-0.0004;1.0366,-0.0004;1.1283,-0.0005;1.2265,-0.0006;1.3318,-0.0007;1.4449,-0.0008;1.5666,-0.0010;1.6980,-0.0011;1.8407,-0.0013;1.9958,-0.0014;2.1644,-0.0016;2.3463,-0.0017;2.5408,-0.0019;2.7460,-0.0020;2.9599,-0.0020;3.1807,-0.0020;3.4075,-0.0020;3.6405,-0.0019;3.8807,-0.0017;4.1293,-0.0015;4.3878,-0.0011;4.6572,-0.0005;4.9383,0.0002;5.2320,0.0011;5.5390,0.0023;5.8595,0.0037;6.1933,0.0054;6.5397,0.0075;6.8974,0.0098;7.2650,0.0125;7.6407,0.0155;8.0227,0.0188;8.4092,0.0222;8.7985,0.0259;9.1898,0.0298;9.5826,0.0337;9.9765,0.0378;10.3709,0.0419;10.7651,0.0460;11.1585,0.0501;11.5509,0.0542;11.9421,0.0583;12.3319,0.0624;12.7197,0.0665;13.1051,0.0706;13.4870,0.0746;13.8646,0.0787;14.2368,0.0827;14.6027,0.0868;14.9617,0.0908;15.3132,0.0948;15.6563,0.0987;15.9906,0.1026","0.1116,-0.0000;0.2186,0.0000;0.3198,0.0000;0.4176,0.0001;0.5132,0.0001;0.6073,0.0001;0.7006,0.0002;0.7932,0.0002;0.8855,0.0003;0.9772,0.0003;1.0683,0.0004;1.1594,0.0005;1.2501,0.0006;1.3408,0.0006;1.4310,0.0007;1.5211,0.0008;1.6116,0.0009;1.7021,0.0009;1.7922,0.0010;1.8820,0.0011;1.9719,0.0011;2.0622,0.0011;2.1530,0.0012;2.2441,0.0012;2.3356,0.0013;2.4283,0.0013;2.5235,0.0013;2.6223,0.0014;2.7262,0.0014;2.8369,0.0014;2.9560,0.0014;3.0853,0.0014;3.2256,0.0014;3.3789,0.0014;3.5468,0.0012;3.7287,0.0014;3.9248,0.0016;4.1356,0.0011;4.3616,0.0007;4.6029,0.0005;4.8600,0.0004;5.1343,0.0000;5.4268,-0.0005;5.7381,-0.0008;6.0696,-0.0014;6.4211,-0.0016;6.7923,-0.0024;7.1817,-0.0027;7.5884,-0.0037;8.0122,-0.0041;8.4524,-0.0050;8.9077,-0.0059;9.3767,-0.0067;9.8574,-0.0078;10.3471,-0.0090;10.8420,-0.0103;11.3366,-0.0113;11.8297,-0.0129;12.3214,-0.0139;12.8121,-0.0154;13.2995,-0.0167;13.7825,-0.0179;14.2619,-0.0197;14.7377,-0.0211"
868a46b4-c9ad-4413-820a-e5b63b50ad39,14100000,0,0,0.0,SKIPPED,,,,4580,9,11.193,Accelerate due to the lead vehicle moving ahead,1.4336,5.4749,"0.0914,0.0000;0.1825,0.0000;0.2734,0.0000;0.3644,0.0001;0.4557,0.0001;0.5485,0.0002;0.6440,0.0003;0.7440,0.0004;0.8504,0.0005;0.9649,0.0006;1.0891,0.0008;1.2242,0.0009;1.3708,0.0011;1.5293,0.0014;1.6999,0.0017;1.8821,0.0020;2.0754,0.0023;2.2794,0.0027;2.4932,0.0031;2.7163,0.0036;2.9479,0.0040;3.1870,0.0045;3.4325,0.0050;3.6832,0.0055;3.9378,0.0060;4.1948,0.0066;4.4532,0.0072;4.7119,0.0078;4.9704,0.0084;5.2285,0.0091;5.4858,0.0098;5.7421,0.0106;5.9971,0.0114;6.2504,0.0123;6.5020,0.0132;6.7518,0.0141;6.9999,0.0151;7.2462,0.0161;7.4906,0.0172;7.7329,0.0183;7.9729,0.0195;8.2105,0.0207;8.4458,0.0219;8.6789,0.0232;8.9096,0.0245;9.1381,0.0259;9.3643,0.0273;9.5883,0.0287;9.8102,0.0302;10.0298,0.0317;10.2472,0.0333;10.4623,0.0348;10.6750,0.0364;10.8853,0.0381;11.0933,0.0397;11.2992,0.0413;11.5030,0.0429;11.7049,0.0446;11.9050,0.0462;12.1034,0.0479;12.3003,0.0495;12.4960,0.0512;12.6905,0.0529;12.8842,0.0546","0.0883,0.0000;0.1793,0.0000;0.2701,0.0000;0.3607,0.0000;0.4509,0.0000;0.5410,0.0001;0.6315,0.0001;0.7220,0.0001;0.8121,0.0001;0.9019,0.0001;0.9918,0.0000;1.0821,0.0000;1.1729,-0.0000;1.2641,-0.0000;1.3555,-0.0001;1.4482,-0.0001;1.5435,-0.0001;1.6422,-0.0002;1.7462,-0.0003;1.8569,-0.0003;1.9760,-0.0004;2.1052,-0.0005;2.2455,-0.0005;2.3988,-0.0007;2.5668,-0.0010;2.7486,-0.0010;2.9448,-0.0009;3.1556,-0.0016;3.3816,-0.0021;3.6228,-0.0025;3.8800,-0.0028;4.1542,-0.0034;4.4468,-0.0041;4.7581,-0.0047;5.0895,-0.0055;5.4410,-0.0059;5.8122,-0.0070;6.2016,-0.0076;6.6083,-0.0089;7.0321,-0.0097;7.4723,-0.0108;7.9277,-0.0121;8.3966,-0.0132;8.8774,-0.0147;9.3671,-0.0163;9.8620,-0.0179;10.3565,-0.0193;10.8496,-0.0212;11.3413,-0.0227;11.8320,-0.0245;12.3194,-0.0262;12.8024,-0.0277;13.2818,-0.0298;13.7576,-0.0316;14.2311,-0.0335;14.7034,-0.0351;15.1750,-0.0375;15.6439,-0.0398;16.1091,-0.0420;16.5696,-0.0441;17.0242,-0.0455;17.4714,-0.0474;17.9186,-0.0493;18.3580,-0.0507"
868a46b4-c9ad-4413-820a-e5b63b50ad39,15100000,0,0,0.0,SKIPPED,,,,4580,11,11.625,Yield by slowing due to pedestrians crossing the road ahead,2.6052,5.5701,"0.0896,-0.0000;0.1795,-0.0000;0.2699,-0.0000;0.3611,-0.0001;0.4531,-0.0001;0.5461,-0.0002;0.6405,-0.0003;0.7367,-0.0004;0.8352,-0.0005;0.9365,-0.0006;1.0412,-0.0007;1.1496,-0.0009;1.2624,-0.0010;1.3798,-0.0012;1.5023,-0.0014;1.6304,-0.0016;1.7647,-0.0019;1.9058,-0.0021;2.0544,-0.0024;2.2109,-0.0028;2.3756,-0.0031;2.5487,-0.0036;2.7304,-0.0041;2.9204,-0.0047;3.1187,-0.0054;3.3252,-0.0062;3.5399,-0.0072;3.7626,-0.0083;3.9934,-0.0097;4.2321,-0.0112;4.4789,-0.0131;4.7336,-0.0152;4.9963,-0.0175;5.2671,-0.0202;5.5459,-0.0231;5.8327,-0.0264;6.1272,-0.0299;6.4292,-0.0337;6.7385,-0.0377;7.0547,-0.0420;7.3777,-0.0464;7.7072,-0.0510;8.0430,-0.0558;8.3849,-0.0606;8.7326,-0.0654;9.0859,-0.0703;9.4446,-0.0751;9.8084,-0.0798;10.1770,-0.0844;10.5501,-0.0889;10.9273,-0.0933;11.3084,-0.0977;11.6931,-0.1020;12.0811,-0.1062;12.4721,-0.1104;12.8657,-0.1146;13.2614,-0.1188;13.6589,-0.1230;14.0576,-0.1272;14.4572,-0.1314;14.8577,-0.1355;15.2592,-0.1396;15.6616,-0.1437;16.0654,-0.1477","0.0871,-0.0000;0.1774,-0.0000;0.2683,-0.0000;0.3594,-0.0000;0.4509,-0.0000;0.5435,-0.0001;0.6388,-0.0001;0.7376,-0.0001;0.8415,-0.0002;0.9522,-0.0002;1.0713,-0.0002;1.2005,-0.0003;1.3408,-0.0004;1.4941,-0.0005;1.6621,-0.0008;1.8439,-0.0007;2.0401,-0.0006;2.2509,-0.0012;2.4769,-0.0017;2.7181,-0.0020;2.9753,-0.0023;3.2495,-0.0028;3.5421,-0.0035;3.8534,-0.0040;4.1848,-0.0048;4.5363,-0.0052;4.9075,-0.0062;5.2970,-0.0067;5.7037,-0.0079;6.1274,-0.0086;6.5677,-0.0096;7.0230,-0.0109;7.4919,-0.0119;7.9727,-0.0133;8.4624,-0.0148;8.9573,-0.0163;9.4519,-0.0176;9.9449,-0.0194;10.4367,-0.0208;10.9273,-0.0225;11.4147,-0.0241;11.8977,-0.0256;12.3771,-0.0276;12.8529,-0.0292;13.3264,-0.0311;13.7988,-0.0326;14.2704,-0.0349;14.7393,-0.0371;15.2044,-0.0393;15.6650,-0.0412;16.1195,-0.0426;16.5667,-0.0444;17.0139,-0.0462;17.4534,-0.0475;17.8905,-0.0486;18.3227,-0.0495;18.7492,-0.0501;19.1752,-0.0506;19.5930,-0.0506;20.0108,-0.0506;20.4219,-0.0502;20.8297,-0.0495;21.2360,-0.0488;21.6346,-0.0476"
868a46b4-c9ad-4413-820a-e5b63b50ad39,16100000,0,0,0.0,SKIPPED,,,,4580,9,11.168,Stop to yield to the pedestrian crossing ahead.,2.7197,4.2112,"0.1179,-0.0000;0.2430,-0.0000;0.3761,-0.0001;0.5177,-0.0001;0.6683,-0.0002;0.8283,-0.0003;0.9978,-0.0004;1.1769,-0.0005;1.3655,-0.0007;1.5636,-0.0009;1.7709,-0.0011;1.9872,-0.0014;2.2121,-0.0017;2.4455,-0.0021;2.6869,-0.0024;2.9362,-0.0029;3.1932,-0.0034;3.4577,-0.0039;3.7297,-0.0045;4.0089,-0.0051;4.2949,-0.0058;4.5872,-0.0065;4.8853,-0.0072;5.1885,-0.0080;5.4964,-0.0088;5.8084,-0.0096;6.1238,-0.0105;6.4424,-0.0113;6.7639,-0.0121;7.0882,-0.0129;7.4156,-0.0138;7.7460,-0.0146;8.0797,-0.0154;8.4165,-0.0162;8.7568,-0.0171;9.1009,-0.0179;9.4492,-0.0186;9.8019,-0.0194;10.1590,-0.0202;10.5205,-0.0210;10.8859,-0.0217;11.2552,-0.0225;11.6279,-0.0233;12.0039,-0.0240;12.3833,-0.0248;12.7658,-0.0256;13.1518,-0.0264;13.5412,-0.0271;13.9341,-0.0277;14.3306,-0.0282;14.7308,-0.0286;15.1347,-0.0288;15.5422,-0.0287;15.9534,-0.0284;16.3683,-0.0278;16.7871,-0.0269;17.2099,-0.0256;17.6365,-0.0240;18.0668,-0.0221;18.5006,-0.0199;18.9377,-0.0175;19.3782,-0.0148;19.8219,-0.0119;20.2688,-0.0088","0.1156,-0.0000;0.2448,-0.0000;0.3851,-0.0000;0.5384,-0.0001;0.7064,-0.0003;0.8882,-0.0001;1.0844,0.0001;1.2952,-0.0005;1.5212,-0.0009;1.7624,-0.0011;2.0196,-0.0013;2.2938,-0.0017;2.5864,-0.0023;2.8977,-0.0027;3.2291,-0.0033;3.5806,-0.0035;3.9518,-0.0044;4.3412,-0.0047;4.7480,-0.0058;5.1717,-0.0063;5.6119,-0.0072;6.0673,-0.0082;6.5362,-0.0090;7.0170,-0.0103;7.5067,-0.0116;8.0016,-0.0128;8.4962,-0.0140;8.9892,-0.0156;9.4810,-0.0168;9.9716,-0.0183;10.4590,-0.0197;10.9420,-0.0210;11.4214,-0.0228;11.8972,-0.0242;12.3707,-0.0259;12.8431,-0.0273;13.3147,-0.0293;13.7835,-0.0314;14.2487,-0.0333;14.7093,-0.0351;15.1638,-0.0363;15.6110,-0.0379;16.0582,-0.0396;16.4977,-0.0407;16.9348,-0.0416;17.3670,-0.0423;17.7935,-0.0427;18.2195,-0.0431;18.6373,-0.0429;19.0551,-0.0427;19.4662,-0.0421;19.8740,-0.0413;20.2803,-0.0405;20.6789,-0.0391;21.0775,-0.0377;21.4704,-0.0361;21.8589,-0.0344;22.2475,-0.0326;22.6262,-0.0308;23.0047,-0.0289;23.3804,-0.0270;23.7487,-0.0249;24.1170,-0.0229;24.4800,-0.0209"
868a46b4-c9ad-4413-820a-e5b63b50ad39,17100000,0,0,0.0,SKIPPED,,,,4580,16,13.457,Yield to the pedestrian crossing ahead because the person is in the ego lane.,1.0158,1.1081,"0.2567,-0.0000;0.5281,-0.0001;0.8130,-0.0002;1.1105,-0.0004;1.4193,-0.0005;1.7385,-0.0007;2.0673,-0.0009;2.4046,-0.0011;2.7498,-0.0012;3.1022,-0.0012;3.4618,-0.0012;3.8291,-0.0010;4.2046,-0.0006;4.5887,-0.0001;4.9817,0.0006;5.3839,0.0014;5.7954,0.0025;6.2163,0.0037;6.6463,0.0051;7.0845,0.0067;7.5293,0.0084;7.9789,0.0103;8.4315,0.0122;8.8858,0.0142;9.3410,0.0163;9.7962,0.0183;10.2512,0.0203;10.7052,0.0222;11.1578,0.0241;11.6084,0.0258;12.0564,0.0274;12.5013,0.0290;12.9426,0.0304;13.3801,0.0317;13.8142,0.0329;14.2448,0.0340;14.6722,0.0351;15.0964,0.0361;15.5172,0.0370;15.9346,0.0379;16.3482,0.0388;16.7583,0.0396;17.1649,0.0404;17.5683,0.0412;17.9685,0.0420;18.3657,0.0428;18.7600,0.0437;19.1516,0.0446;19.5405,0.0455;19.9269,0.0465;20.3108,0.0476;20.6923,0.0487;21.0714,0.0500;21.4482,0.0513;21.8225,0.0527;22.1944,0.0542;22.5637,0.0559;22.9303,0.0576;23.2943,0.0594;23.6557,0.0613;24.0146,0.0633;24.3709,0.0653;24.7250,0.0673;25.0770,0.0695","0.2494,-0.0000;0.5236,-0.0003;0.8162,-0.0006;1.1275,-0.0008;1.4589,-0.0013;1.8104,-0.0013;2.1816,-0.0019;2.5711,-0.0020;2.9778,-0.0029;3.4015,-0.0031;3.8418,-0.0037;4.2971,-0.0045;4.7660,-0.0050;5.2468,-0.0060;5.7365,-0.0070;6.2314,-0.0080;6.7260,-0.0088;7.2190,-0.0102;7.7108,-0.0110;8.2015,-0.0122;8.6888,-0.0133;9.1719,-0.0143;9.6512,-0.0158;10.1271,-0.0170;10.6005,-0.0184;11.0729,-0.0195;11.5445,-0.0213;12.0134,-0.0230;12.4785,-0.0247;12.9391,-0.0262;13.3936,-0.0271;13.8408,-0.0285;14.2881,-0.0298;14.7275,-0.0307;15.1646,-0.0314;15.5968,-0.0318;16.0234,-0.0319;16.4494,-0.0320;16.8671,-0.0316;17.2849,-0.0312;17.6960,-0.0304;18.1039,-0.0293;18.5101,-0.0282;18.9087,-0.0266;19.3073,-0.0249;19.7002,-0.0231;20.0888,-0.0212;20.4773,-0.0192;20.8561,-0.0171;21.2345,-0.0150;21.6102,-0.0129;21.9785,-0.0106;22.3469,-0.0084;22.7098,-0.0061;23.0666,-0.0039;23.4234,-0.0016;23.7744,0.0009;24.1210,0.0036;24.4676,0.0064;24.8110,0.0089;25.1527,0.0115;25.4945,0.0140;25.8386,0.0166;26.1839,0.0193"
868a46b4-c9ad-4413-820a-e5b63b50ad39,18100000,0,0,0.0,SKIPPED,,,,4580,8,10.921,Slow down due to the lead vehicle ahead,0.1599,0.7864,"0.4385,-0.0000;0.8882,-0.0000;1.3458,-0.0000;1.8090,0.0000;2.2767,0.0002;2.7482,0.0003;3.2233,0.0006;3.7009,0.0010;4.1799,0.0014;4.6590,0.0019;5.1371,0.0026;5.6136,0.0033;6.0881,0.0041;6.5603,0.0050;7.0301,0.0060;7.4972,0.0071;7.9613,0.0084;8.4222,0.0096;8.8798,0.0110;9.3340,0.0124;9.7848,0.0138;10.2320,0.0152;10.6757,0.0166;11.1156,0.0180;11.5520,0.0194;11.9847,0.0207;12.4141,0.0219;12.8401,0.0232;13.2628,0.0243;13.6822,0.0254;14.0983,0.0264;14.5111,0.0274;14.9207,0.0283;15.3270,0.0291;15.7299,0.0299;16.1293,0.0306;16.5252,0.0312;16.9176,0.0317;17.3064,0.0321;17.6918,0.0325;18.0737,0.0328;18.4522,0.0330;18.8274,0.0331;19.1992,0.0332;19.5679,0.0332;19.9333,0.0333;20.2954,0.0333;20.6542,0.0333;21.0098,0.0333;21.3619,0.0334;21.7103,0.0334;22.0544,0.0335;22.3940,0.0336;22.7285,0.0337;23.0580,0.0338;23.3824,0.0339;23.7018,0.0340;24.0161,0.0342;24.3257,0.0344;24.6309,0.0346;24.9320,0.0348;25.2293,0.0351;25.5227,0.0354;25.8122,0.0358","0.4269,-0.0001;0.8823,-0.0003;1.3512,-0.0002;1.8320,-0.0006;2.3217,-0.0010;2.8166,-0.0014;3.3111,-0.0017;3.8042,-0.0024;4.2959,-0.0026;4.7866,-0.0033;5.2740,-0.0038;5.7570,-0.0041;6.2364,-0.0051;6.7122,-0.0057;7.1857,-0.0065;7.6581,-0.0070;8.1297,-0.0082;8.5986,-0.0094;9.0637,-0.0105;9.5243,-0.0114;9.9788,-0.0118;10.4260,-0.0126;10.8732,-0.0134;11.3127,-0.0137;11.7498,-0.0139;12.1820,-0.0138;12.6086,-0.0134;13.0345,-0.0130;13.4523,-0.0120;13.8701,-0.0111;14.2812,-0.0098;14.6890,-0.0082;15.0953,-0.0066;15.4939,-0.0045;15.8925,-0.0024;16.2854,-0.0001;16.6739,0.0023;17.0625,0.0048;17.4412,0.0073;17.8196,0.0099;18.1954,0.0125;18.5637,0.0152;18.9320,0.0179;19.2949,0.0206;19.6517,0.0233;20.0085,0.0260;20.3595,0.0289;20.7061,0.0321;21.0527,0.0352;21.3961,0.0382;21.7379,0.0412;22.0796,0.0441;22.4238,0.0471;22.7691,0.0503;23.1144,0.0534;23.4745,0.0570;23.8390,0.0607;24.2036,0.0645;24.5884,0.0687;24.9738,0.0730;25.3663,0.0775;25.7709,0.0821;26.1754,0.0868;26.5966,0.0922"
868a46b4-c9ad-4413-820a-e5b63b50ad39,19100000,0,0,0.0,SKIPPED,,,,4580,12,12.194,Reduce speed due to the lead vehicle ahead slowing near the intersection,1.2989,3.3355,"0.4882,-0.0000;0.9728,-0.0001;1.4540,-0.0002;1.9319,-0.0002;2.4068,-0.0002;2.8786,-0.0002;3.3473,-0.0000;3.8125,0.0002;4.2738,0.0006;4.7312,0.0011;5.1849,0.0017;5.6351,0.0024;6.0818,0.0033;6.5249,0.0042;6.9643,0.0052;7.3998,0.0062;7.8313,0.0072;8.2588,0.0081;8.6826,0.0091;9.1030,0.0100;9.5204,0.0107;9.9355,0.0115;10.3491,0.0121;10.7625,0.0126;11.1770,0.0131;11.5944,0.0136;12.0164,0.0139;12.4448,0.0143;12.8807,0.0147;13.3251,0.0150;13.7780,0.0155;14.2396,0.0159;14.7095,0.0165;15.1870,0.0171;15.6714,0.0178;16.1619,0.0185;16.6575,0.0194;17.1572,0.0204;17.6604,0.0215;18.1663,0.0227;18.6745,0.0239;19.1844,0.0252;19.6954,0.0265;20.2066,0.0278;20.7171,0.0291;21.2260,0.0305;21.7325,0.0319;22.2361,0.0334;22.7366,0.0350;23.2336,0.0367;23.7270,0.0384;24.2164,0.0403;24.7014,0.0422;25.1819,0.0442;25.6577,0.0462;26.1284,0.0482;26.5938,0.0503;27.0534,0.0524;27.5069,0.0546;27.9545,0.0567;28.3967,0.0590;28.8345,0.0613;29.2691,0.0638;29.7018,0.0664","0.4722,0.0003;0.9553,0.0007;1.4346,0.0005;1.9105,0.0007;2.3839,0.0007;2.8563,0.0010;3.3279,0.0005;3.7968,0.0001;4.2619,-0.0003;4.7225,-0.0004;5.1770,-0.0000;5.6243,-0.0001;6.0715,-0.0002;6.5109,0.0002;6.9481,0.0007;7.3802,0.0015;7.8068,0.0026;8.2328,0.0037;8.6506,0.0053;9.0683,0.0070;9.4794,0.0090;9.8873,0.0112;10.2935,0.0134;10.6921,0.0162;11.0907,0.0190;11.4836,0.0219;11.8721,0.0250;12.2607,0.0280;12.6394,0.0312;13.0178,0.0344;13.3936,0.0376;13.7619,0.0409;14.1302,0.0442;14.4931,0.0475;14.8499,0.0508;15.2067,0.0540;15.5577,0.0576;15.9043,0.0613;16.2509,0.0650;16.5942,0.0686;16.9360,0.0720;17.2778,0.0755;17.6219,0.0792;17.9672,0.0829;18.3125,0.0866;18.6726,0.0907;19.0371,0.0950;19.4017,0.0994;19.7865,0.1043;20.1719,0.1092;20.5644,0.1143;20.9690,0.1196;21.3735,0.1249;21.7946,0.1310;22.2183,0.1372;22.6500,0.1434;23.0907,0.1496;23.5342,0.1559;23.9913,0.1629;24.4484,0.1698;24.9214,0.1775;25.3950,0.1851;25.8802,0.1930;26.3691,0.2010"
79937d25-63d0-4e38-9848-c714dcab0328,5100000,0,0,0.0,SKIPPED,,,,4580,12,12.057,Yield due to a pedestrian walking across the crosswalk ahead,4.0118,5.9522,"0.5323,-0.0024;1.0662,-0.0096;1.6020,-0.0216;2.1397,-0.0382;2.6788,-0.0592;3.2172,-0.0845;3.7517,-0.1135;4.2771,-0.1455;4.7879,-0.1797;5.2791,-0.2151;5.7472,-0.2509;6.1905,-0.2864;6.6082,-0.3210;7.0003,-0.3545;7.3667,-0.3864;7.7075,-0.4166;8.0227,-0.4448;8.3124,-0.4709;8.5771,-0.4950;8.8172,-0.5169;9.0329,-0.5367;9.2249,-0.5544;9.3945,-0.5701;9.5432,-0.5840;9.6731,-0.5961;9.7860,-0.6066;9.8833,-0.6157;9.9664,-0.6235;10.0365,-0.6301;10.0949,-0.6355;10.1438,-0.6401;10.1855,-0.6440;10.2231,-0.6476;10.2588,-0.6509;10.2933,-0.6542;10.3265,-0.6573;10.3577,-0.6602;10.3872,-0.6630;10.4158,-0.6656;10.4440,-0.6683;10.4722,-0.6709;10.5005,-0.6736;10.5288,-0.6763;10.5571,-0.6789;10.5854,-0.6816;10.6137,-0.6842;10.6419,-0.6869;10.6702,-0.6895;10.6985,-0.6922;10.7268,-0.6948;10.7551,-0.6975;10.7834,-0.7001;10.8118,-0.7028;10.8402,-0.7054;10.8686,-0.7081;10.8971,-0.7108;10.9255,-0.7134;10.9539,-0.7161;10.9823,-0.7187;11.0107,-0.7214;11.0392,-0.7240;11.0676,-0.7267;11.0960,-0.7294;11.1245,-0.7320","0.5320,-0.0018;1.0825,-0.0094;1.6470,-0.0212;2.2234,-0.0398;2.8093,-0.0641;3.4015,-0.0940;3.9976,-0.1292;4.5963,-0.1683;5.1972,-0.2132;5.7991,-0.2619;6.3959,-0.3125;6.9840,-0.3644;7.5624,-0.4174;8.1278,-0.4705;8.6770,-0.5241;9.2089,-0.5759;9.7249,-0.6265;10.2228,-0.6739;10.7015,-0.7179;11.1606,-0.7596;11.6016,-0.7975;12.0241,-0.8321;12.4280,-0.8642;12.8132,-0.8931;13.1798,-0.9188;13.5274,-0.9412;13.8565,-0.9606;14.1668,-0.9774;14.4588,-0.9917;14.7324,-1.0040;14.9877,-1.0138;15.2258,-1.0226;15.4464,-1.0300;15.6505,-1.0362;15.8369,-1.0412;16.0061,-1.0451;16.1592,-1.0482;16.2967,-1.0507;16.4180,-1.0526;16.5235,-1.0541;16.6137,-1.0552;16.6900,-1.0560;16.7553,-1.0567;16.8110,-1.0572;16.8590,-1.0576;16.9001,-1.0579;16.9354,-1.0582;16.9654,-1.0584;16.9903,-1.0585;17.0106,-1.0587;17.0265,-1.0588;17.0378,-1.0588;17.0431,-1.0589;17.0452,-1.0589;17.0498,-1.0589;17.0539,-1.0589;17.0549,-1.0590;17.0549,-1.0590;17.0549,-1.0590;17.0561,-1.0589;17.0583,-1.0590;17.0606,-1.0590;17.0635,-1.0590;17.0677,-1.0590"
79937d25-63d0-4e38-9848-c714dcab0328,6100000,0,0,0.0,SKIPPED,,,,4580,11,11.782,Yield due to a pedestrian walking across the crosswalk,4.6621,14.0411,"0.6067,-0.0014;1.2148,-0.0054;1.8220,-0.0114;2.4267,-0.0189;3.0273,-0.0273;3.6224,-0.0364;4.2110,-0.0456;4.7921,-0.0544;5.3641,-0.0624;5.9250,-0.0692;6.4723,-0.0743;7.0037,-0.0775;7.5176,-0.0788;8.0140,-0.0780;8.4937,-0.0753;8.9582,-0.0705;9.4084,-0.0639;9.8443,-0.0555;10.2656,-0.0454;10.6715,-0.0339;11.0616,-0.0211;11.4354,-0.0073;11.7928,0.0073;12.1333,0.0224;12.4565,0.0378;12.7619,0.0533;13.0496,0.0687;13.3208,0.0838;13.5782,0.0988;13.8260,0.1136;14.0687,0.1285;14.3103,0.1436;14.5530,0.1592;14.7982,0.1751;15.0463,0.1914;15.2971,0.2080;15.5504,0.2249;15.8058,0.2420;16.0629,0.2593;16.3217,0.2767;16.5823,0.2943;16.8448,0.3119;17.1096,0.3297;17.3777,0.3477;17.6503,0.3660;17.9294,0.3848;18.2175,0.4041;18.5169,0.4241;18.8297,0.4451;19.1575,0.4670;19.5016,0.4900;19.8628,0.5142;20.2411,0.5395;20.6361,0.5660;21.0470,0.5935;21.4732,0.6221;21.9140,0.6517;22.3690,0.6823;22.8378,0.7140;23.3202,0.7466;23.8162,0.7804;24.3254,0.8152;24.8478,0.8512;25.3831,0.8882","0.5940,-0.0013;1.1844,-0.0047;1.7652,-0.0100;2.3330,-0.0165;2.8847,-0.0247;3.4191,-0.0326;3.9375,-0.0407;4.4377,-0.0470;4.9183,-0.0514;5.3793,-0.0553;5.8219,-0.0568;6.2459,-0.0565;6.6510,-0.0554;7.0373,-0.0525;7.4047,-0.0480;7.7530,-0.0418;8.0826,-0.0341;8.3932,-0.0253;8.6854,-0.0155;8.9591,-0.0053;9.2143,0.0059;9.4524,0.0168;9.6729,0.0275;9.8767,0.0381;10.0629,0.0485;10.2318,0.0584;10.3848,0.0679;10.5220,0.0768;10.6430,0.0848;10.7483,0.0920;10.8383,0.0984;10.9144,0.1038;10.9795,0.1085;11.0351,0.1126;11.0829,0.1161;11.1239,0.1192;11.1591,0.1218;11.1890,0.1241;11.2139,0.1259;11.2341,0.1275;11.2499,0.1287;11.2613,0.1295;11.2665,0.1299;11.2686,0.1301;11.2731,0.1305;11.2773,0.1308;11.2783,0.1308;11.2783,0.1308;11.2783,0.1308;11.2794,0.1310;11.2817,0.1311;11.2839,0.1313;11.2868,0.1315;11.2911,0.1318;11.2961,0.1322;11.3014,0.1326;11.3068,0.1330;11.3121,0.1335;11.3170,0.1338;11.3218,0.1342;11.3293,0.1348;11.3390,0.1355;11.3501,0.1363;11.3621,0.1372"
79937d25-63d0-4e38-9848-c714dcab0328,7100000,0,0,0.0,SKIPPED,,,,4580,13,12.48,Stop to yield to the pedestrian crossing at the crosswalk ahead.,0.8116,4.6817,"0.4418,0.0007;0.8648,0.0029;1.2677,0.0068;1.6499,0.0123;2.0108,0.0194;2.3504,0.0280;2.6688,0.0380;2.9659,0.0490;3.2418,0.0610;3.4963,0.0734;3.7295,0.0859;3.9415,0.0983;4.1326,0.1103;4.3031,0.1215;4.4532,0.1318;4.5831,0.1410;4.6933,0.1490;4.7843,0.1557;4.8571,0.1612;4.9136,0.1654;4.9566,0.1687;4.9899,0.1713;5.0177,0.1734;5.0434,0.1754;5.0681,0.1773;5.0915,0.1791;5.1130,0.1807;5.1326,0.1823;5.1509,0.1837;5.1686,0.1851;5.1862,0.1864;5.2036,0.1878;5.2210,0.1891;5.2387,0.1905;5.2570,0.1919;5.2766,0.1935;5.2981,0.1951;5.3221,0.1970;5.3495,0.1992;5.3812,0.2017;5.4194,0.2047;5.4666,0.2084;5.5256,0.2130;5.5987,0.2188;5.6875,0.2259;5.7929,0.2344;5.9156,0.2443;6.0557,0.2556;6.2136,0.2686;6.3893,0.2831;6.5831,0.2993;6.7950,0.3172;7.0252,0.3369;7.2733,0.3584;7.5393,0.3818;7.8230,0.4071;8.1240,0.4344;8.4422,0.4636;8.7773,0.4948;9.1289,0.5280;9.4966,0.5632;9.8801,0.6004;10.2787,0.6398;10.6920,0.6811","0.4386,0.0011;0.8625,0.0037;1.2676,0.0072;1.6539,0.0124;2.0213,0.0190;2.3695,0.0272;2.6991,0.0368;3.0097,0.0474;3.3018,0.0589;3.5754,0.0707;3.8306,0.0834;4.0686,0.0956;4.2890,0.1076;4.4928,0.1194;4.6789,0.1308;4.8478,0.1417;5.0006,0.1521;5.1378,0.1618;5.2588,0.1706;5.3640,0.1784;5.4539,0.1852;5.5300,0.1911;5.5951,0.1962;5.6507,0.2006;5.6985,0.2044;5.7395,0.2077;5.7746,0.2105;5.8045,0.2130;5.8294,0.2150;5.8496,0.2166;5.8654,0.2179;5.8767,0.2188;5.8820,0.2193;5.8841,0.2195;5.8886,0.2198;5.8928,0.2202;5.8938,0.2202;5.8938,0.2202;5.8938,0.2202;5.8949,0.2204;5.8972,0.2205;5.8994,0.2207;5.9023,0.2210;5.9065,0.2213;5.9115,0.2217;5.9169,0.2222;5.9223,0.2226;5.9276,0.2230;5.9325,0.2235;5.9373,0.2239;5.9447,0.2245;5.9544,0.2253;5.9655,0.2261;5.9775,0.2271;5.9898,0.2281;6.0019,0.2291;6.0136,0.2301;6.0247,0.2310;6.0327,0.2316;6.0367,0.2319;6.0379,0.2320;6.0371,0.2320;6.0350,0.2318;6.0319,0.2316"
79937d25-63d0-4e38-9848-c714dcab0328,8100000,0,0,0.0,SKIPPED,,,,4580,12,12.134,Stop to yield to the pedestrian crossing the crosswalk ahead.,0.7312,4.3036,"0.2567,0.0005;0.4971,0.0020;0.7217,0.0043;0.9305,0.0070;1.1238,0.0102;1.3013,0.0136;1.4634,0.0171;1.6102,0.0205;1.7418,0.0238;1.8584,0.0268;1.9600,0.0296;2.0471,0.0320;2.1205,0.0341;2.1812,0.0358;2.2308,0.0372;2.2711,0.0384;2.3038,0.0394;2.3309,0.0402;2.3542,0.0409;2.3754,0.0415;2.3954,0.0421;2.4144,0.0426;2.4324,0.0432;2.4496,0.0437;2.4662,0.0442;2.4827,0.0447;2.4990,0.0452;2.5154,0.0456;2.5317,0.0461;2.5480,0.0466;2.5643,0.0471;2.5807,0.0476;2.5972,0.0481;2.6139,0.0485;2.6312,0.0491;2.6496,0.0496;2.6692,0.0502;2.6902,0.0508;2.7124,0.0515;2.7358,0.0522;2.7607,0.0529;2.7881,0.0537;2.8196,0.0546;2.8578,0.0558;2.9057,0.0572;2.9663,0.0590;3.0420,0.0612;3.1343,0.0640;3.2443,0.0673;3.3722,0.0711;3.5182,0.0755;3.6817,0.0805;3.8624,0.0860;4.0594,0.0920;4.2718,0.0986;4.4987,0.1056;4.7393,0.1132;4.9926,0.1212;5.2581,0.1296;5.5352,0.1384;5.8235,0.1477;6.1226,0.1573;6.4324,0.1673;6.7526,0.1776","0.2530,0.0008;0.4913,0.0020;0.7121,0.0037;0.9162,0.0060;1.1027,0.0088;1.2718,0.0119;1.4250,0.0152;1.5625,0.0184;1.6837,0.0216;1.7892,0.0245;1.8794,0.0272;1.9557,0.0295;2.0209,0.0315;2.0766,0.0334;2.1245,0.0350;2.1657,0.0363;2.2009,0.0376;2.2309,0.0386;2.2558,0.0395;2.2761,0.0402;2.2920,0.0407;2.3033,0.0411;2.3085,0.0413;2.3107,0.0414;2.3152,0.0416;2.3193,0.0417;2.3204,0.0417;2.3204,0.0417;2.3204,0.0417;2.3215,0.0418;2.3238,0.0419;2.3260,0.0419;2.3289,0.0421;2.3332,0.0422;2.3382,0.0424;2.3436,0.0426;2.3489,0.0428;2.3543,0.0430;2.3592,0.0431;2.3640,0.0433;2.3715,0.0436;2.3812,0.0439;2.3923,0.0443;2.4043,0.0447;2.4166,0.0452;2.4288,0.0456;2.4406,0.0460;2.4516,0.0464;2.4597,0.0467;2.4637,0.0468;2.4649,0.0468;2.4641,0.0468;2.4620,0.0467;2.4589,0.0466;2.4550,0.0465;2.4519,0.0464;2.4510,0.0463;2.4510,0.0463;2.4510,0.0463;2.4510,0.0463;2.4510,0.0463;2.4510,0.0463;2.4510,0.0463;2.4510,0.0463"
79937d25-63d0-4e38-9848-c714dcab0328,9100000,0,0,0.0,SKIPPED,,,,4580,12,12.02,Stop to yield to the pedestrian crossing the crosswalk ahead.,4.4885,17.2368,"0.0906,0.0001;0.1675,0.0002;0.2318,0.0003;0.2848,0.0005;0.3277,0.0007;0.3623,0.0008;0.3906,0.0010;0.4149,0.0011;0.4378,0.0012;0.4612,0.0013;0.4870,0.0015;0.5158,0.0017;0.5482,0.0018;0.5842,0.0021;0.6239,0.0023;0.6672,0.0027;0.7144,0.0030;0.7658,0.0034;0.8221,0.0038;0.8842,0.0044;0.9528,0.0050;1.0291,0.0056;1.1140,0.0064;1.2088,0.0073;1.3147,0.0084;1.4330,0.0096;1.5650,0.0109;1.7118,0.0125;1.8745,0.0142;2.0541,0.0162;2.2515,0.0184;2.4674,0.0208;2.7021,0.0235;2.9558,0.0264;3.2279,0.0296;3.5182,0.0331;3.8264,0.0369;4.1522,0.0411;4.4958,0.0456;4.8571,0.0504;5.2360,0.0556;5.6321,0.0612;6.0450,0.0672;6.4743,0.0736;6.9195,0.0802;7.3801,0.0872;7.8557,0.0945;8.3459,0.1020;8.8502,0.1097;9.3684,0.1175;9.9001,0.1255;10.4451,0.1337;11.0034,0.1419;11.5746,0.1502;12.1584,0.1587;12.7545,0.1672;13.3626,0.1760;13.9823,0.1850;14.6131,0.1943;15.2543,0.2040;15.9047,0.2141;16.5629,0.2247;17.2273,0.2358;17.8963,0.2476","0.0893,0.0001;0.1656,0.0003;0.2309,0.0005;0.2866,0.0007;0.3346,0.0009;0.3757,0.0012;0.4110,0.0014;0.4410,0.0016;0.4659,0.0017;0.4863,0.0019;0.5021,0.0020;0.5135,0.0020;0.5187,0.0021;0.5208,0.0021;0.5254,0.0021;0.5295,0.0022;0.5305,0.0022;0.5305,0.0022;0.5305,0.0022;0.5317,0.0022;0.5340,0.0022;0.5362,0.0022;0.5391,0.0022;0.5434,0.0023;0.5484,0.0023;0.5537,0.0024;0.5591,0.0024;0.5645,0.0024;0.5694,0.0025;0.5742,0.0025;0.5817,0.0026;0.5914,0.0026;0.6025,0.0027;0.6146,0.0028;0.6269,0.0029;0.6391,0.0029;0.6508,0.0030;0.6619,0.0031;0.6699,0.0031;0.6739,0.0031;0.6752,0.0031;0.6743,0.0032;0.6722,0.0031;0.6692,0.0031;0.6653,0.0031;0.6622,0.0031;0.6612,0.0031;0.6612,0.0031;0.6612,0.0031;0.6612,0.0031;0.6612,0.0031;0.6612,0.0031;0.6612,0.0031;0.6612,0.0031;0.6612,0.0031;0.6612,0.0031;0.6612,0.0031;0.6612,0.0031;0.6612,0.0031;0.6612,0.0031;0.6612,0.0031;0.6612,0.0031;0.6612,0.0031;0.6612,0.0031"
79937d25-63d0-4e38-9848-c714dcab0328,10100000,0,0,0.0,SKIPPED,,,,4580,14,12.616,Yield due to a pedestrian crossing in the crosswalk requiring speed reduction,5.8783,19.4301,"0.0157,0.0000;0.0273,0.0000;0.0365,0.0000;0.0450,0.0000;0.0543,0.0000;0.0653,0.0000;0.0789,0.0000;0.0952,0.0000;0.1142,0.0001;0.1363,0.0001;0.1623,0.0001;0.1939,0.0002;0.2337,0.0003;0.2842,0.0004;0.3474,0.0006;0.4247,0.0009;0.5167,0.0013;0.6236,0.0020;0.7453,0.0028;0.8815,0.0038;1.0320,0.0052;1.1963,0.0068;1.3742,0.0088;1.5654,0.0112;1.7696,0.0140;1.9870,0.0171;2.2177,0.0207;2.4617,0.0247;2.7194,0.0292;2.9908,0.0341;3.2759,0.0394;3.5752,0.0450;3.8889,0.0511;4.2176,0.0575;4.5618,0.0642;4.9218,0.0713;5.2978,0.0786;5.6896,0.0861;6.0970,0.0938;6.5196,0.1016;6.9571,0.1094;7.4091,0.1172;7.8755,0.1250;8.3557,0.1326;8.8489,0.1401;9.3537,0.1475;9.8689,0.1546;10.3933,0.1616;10.9267,0.1686;11.4691,0.1755;12.0200,0.1825;12.5786,0.1897;13.1434,0.1972;13.7132,0.2052;14.2872,0.2138;14.8651,0.2232;15.4466,0.2336;16.0317,0.2450;16.6203,0.2577;17.2123,0.2718;17.8072,0.2874;18.4044,0.3045;19.0030,0.3233;19.6019,0.3438","0.0157,0.0000;0.0270,0.0000;0.0323,-0.0000;0.0344,0.0000;0.0390,0.0000;0.0431,0.0000;0.0441,0.0000;0.0441,0.0000;0.0441,0.0000;0.0453,0.0000;0.0475,0.0000;0.0498,0.0000;0.0527,0.0000;0.0569,0.0000;0.0619,0.0000;0.0673,0.0000;0.0727,0.0000;0.0781,0.0000;0.0830,0.0000;0.0878,0.0001;0.0953,0.0000;0.1050,0.0000;0.1161,0.0000;0.1281,0.0000;0.1405,0.0000;0.1527,0.0000;0.1644,0.0000;0.1755,0.0000;0.1835,0.0000;0.1875,-0.0000;0.1888,-0.0000;0.1879,0.0000;0.1858,0.0000;0.1827,0.0000;0.1788,0.0000;0.1758,0.0000;0.1748,0.0000;0.1748,0.0000;0.1748,0.0000;0.1748,0.0000;0.1748,0.0000;0.1748,0.0000;0.1748,0.0000;0.1748,0.0000;0.1748,0.0000;0.1748,0.0000;0.1748,0.0000;0.1748,0.0000;0.1748,0.0000;0.1748,0.0000;0.1748,0.0000;0.1748,0.0000;0.1748,0.0000;0.1748,0.0000;0.1748,0.0000;0.1748,0.0000;0.1748,0.0000;0.1748,0.0000;0.1748,0.0000;0.1748,0.0000;0.1748,0.0000;0.1748,0.0000;0.1748,0.0000;0.1748,0.0000"
79937d25-63d0-4e38-9848-c714dcab0328,11100000,0,0,0.0,SKIPPED,,,,4580,13,12.313,Yield due to a pedestrian in the crosswalk requiring speed reduction,3.0994,12.0571,"0.0023,0.0000;0.0049,0.0000;0.0074,0.0000;0.0097,0.0000;0.0121,0.0000;0.0154,0.0000;0.0199,0.0000;0.0263,0.0000;0.0347,0.0000;0.0455,0.0000;0.0588,0.0000;0.0745,0.0000;0.0922,0.0000;0.1111,0.0000;0.1311,0.0000;0.1524,0.0000;0.1761,0.0000;0.2032,0.0000;0.2345,0.0000;0.2705,0.0001;0.3115,0.0001;0.3583,0.0001;0.4117,0.0001;0.4724,0.0002;0.5416,0.0002;0.6202,0.0002;0.7096,0.0003;0.8109,0.0003;0.9256,0.0004;1.0545,0.0005;1.1981,0.0006;1.3562,0.0007;1.5282,0.0008;1.7137,0.0008;1.9119,0.0009;2.1223,0.0009;2.3446,0.0010;2.5785,0.0009;2.8238,0.0008;3.0806,0.0007;3.3487,0.0004;3.6277,0.0001;3.9172,-0.0002;4.2167,-0.0007;4.5256,-0.0013;4.8436,-0.0019;5.1706,-0.0027;5.5067,-0.0035;5.8520,-0.0045;6.2066,-0.0056;6.5706,-0.0068;6.9439,-0.0082;7.3264,-0.0098;7.7184,-0.0115;8.1199,-0.0133;8.5311,-0.0153;8.9522,-0.0175;9.3832,-0.0197;9.8245,-0.0221;10.2763,-0.0246;10.7388,-0.0272;11.2118,-0.0298;11.6947,-0.0324;12.1866,-0.0349","0.0023,-0.0000;0.0045,-0.0000;0.0074,-0.0000;0.0117,-0.0000;0.0167,-0.0000;0.0220,-0.0000;0.0274,0.0000;0.0328,-0.0000;0.0377,0.0000;0.0425,0.0000;0.0500,0.0000;0.0597,0.0000;0.0708,-0.0000;0.0829,-0.0000;0.0952,-0.0000;0.1074,-0.0000;0.1191,-0.0000;0.1302,-0.0000;0.1382,-0.0000;0.1422,-0.0001;0.1435,-0.0001;0.1426,-0.0000;0.1405,-0.0000;0.1375,-0.0000;0.1336,-0.0000;0.1305,-0.0000;0.1295,-0.0000;0.1295,-0.0000;0.1295,-0.0000;0.1295,-0.0000;0.1295,-0.0000;0.1295,-0.0000;0.1295,-0.0000;0.1295,-0.0000;0.1295,-0.0000;0.1295,-0.0000;0.1295,-0.0000;0.1295,-0.0000;0.1295,-0.0000;0.1295,-0.0000;0.1295,-0.0000;0.1295,-0.0000;0.1295,-0.0000;0.1295,-0.0000;0.1295,-0.0000;0.1295,-0.0000;0.1295,-0.0000;0.1295,-0.0000;0.1295,-0.0000;0.1295,-0.0000;0.1295,-0.0000;0.1295,-0.0000;0.1295,-0.0000;0.1295,-0.0000;0.1295,-0.0000;0.1295,-0.0000;0.1295,-0.0000;0.1295,-0.0000;0.1295,-0.0000;0.1295,-0.0000;0.1295,-0.0000;0.1295,-0.0000;0.1295,-0.0000;0.1295,-0.0000"
79937d25-63d0-4e38-9848-c714dcab0328,12100000,0,0,0.0,SKIPPED,,,,4580,13,12.325,Yield due to a pedestrian in the crosswalk requiring speed reduction,2.8794,11.2058,"0.0060,0.0000;0.0147,0.0000;0.0259,0.0000;0.0393,0.0000;0.0546,0.0000;0.0717,0.0000;0.0904,0.0000;0.1104,0.0000;0.1316,0.0000;0.1539,0.0000;0.1772,0.0000;0.2017,0.0000;0.2277,0.0000;0.2557,0.0000;0.2864,0.0000;0.3201,0.0000;0.3570,0.0000;0.3970,0.0000;0.4402,0.0000;0.4865,0.0001;0.5359,0.0001;0.5884,0.0001;0.6444,0.0001;0.7038,0.0001;0.7668,0.0001;0.8334,0.0001;0.9039,0.0001;0.9790,0.0001;1.0598,0.0001;1.1478,0.0001;1.2447,0.0001;1.3518,0.0001;1.4702,0.0001;1.6007,0.0001;1.7438,0.0001;1.8999,0.0002;2.0690,0.0003;2.2514,0.0004;2.4468,0.0006;2.6554,0.0009;2.8771,0.0012;3.1117,0.0017;3.3594,0.0023;3.6199,0.0031;3.8935,0.0039;4.1799,0.0049;4.4793,0.0059;4.7915,0.0071;5.1163,0.0083;5.4535,0.0095;5.8030,0.0107;6.1646,0.0119;6.5382,0.0131;6.9238,0.0142;7.3214,0.0153;7.7312,0.0163;8.1535,0.0173;8.5883,0.0181;9.0356,0.0190;9.4948,0.0198;9.9652,0.0206;10.4465,0.0215;10.9384,0.0226;11.4411,0.0240","0.0074,-0.0000;0.0172,-0.0000;0.0283,-0.0000;0.0403,-0.0000;0.0526,-0.0000;0.0648,-0.0000;0.0766,-0.0000;0.0876,-0.0000;0.0957,-0.0000;0.0997,-0.0001;0.1009,-0.0001;0.1001,-0.0000;0.0980,-0.0001;0.0949,-0.0001;0.0910,-0.0001;0.0879,-0.0001;0.0870,-0.0000;0.0870,-0.0000;0.0870,-0.0000;0.0870,-0.0000;0.0870,-0.0000;0.0870,-0.0000;0.0870,-0.0000;0.0870,-0.0000;0.0870,-0.0000;0.0870,-0.0000;0.0870,-0.0000;0.0870,-0.0000;0.0870,-0.0000;0.0870,-0.0000;0.0870,-0.0000;0.0870,-0.0000;0.0870,-0.0000;0.0870,-0.0000;0.0870,-0.0000;0.0870,-0.0000;0.0870,-0.0000;0.0870,-0.0000;0.0870,-0.0000;0.0870,-0.0000;0.0870,-0.0000;0.0870,-0.0000;0.0870,-0.0000;0.0870,-0.0000;0.0870,-0.0000;0.0870,-0.0000;0.0870,-0.0000;0.0870,-0.0000;0.0870,-0.0000;0.0870,-0.0000;0.0870,-0.0000;0.0870,-0.0000;0.0870,-0.0000;0.0870,-0.0000;0.0912,-0.0001;0.0987,-0.0001;0.1071,-0.0001;0.1159,-0.0001;0.1252,-0.0001;0.1388,-0.0001;0.1571,-0.0001;0.1798,-0.0001;0.2061,-0.0002;0.2354,-0.0002"
79937d25-63d0-4e38-9848-c714dcab0328,13100000,0,0,0.0,SKIPPED,,,,4580,9,10.943,Yield due to pedestrians in the crosswalk,2.7184,13.2449,"0.0012,-0.0000;0.0016,-0.0000;0.0014,-0.0000;0.0008,-0.0000;-0.0002,0.0000;-0.0012,0.0000;-0.0021,-0.0000;-0.0028,-0.0000;-0.0034,-0.0000;-0.0040,-0.0000;-0.0045,-0.0000;-0.0050,-0.0000;-0.0054,-0.0000;-0.0058,-0.0000;-0.0062,-0.0000;-0.0067,-0.0000;-0.0073,-0.0000;-0.0080,-0.0000;-0.0089,-0.0000;-0.0095,-0.0000;-0.0090,-0.0000;-0.0061,-0.0000;-0.0002,-0.0000;0.0086,-0.0000;0.0202,-0.0000;0.0347,-0.0000;0.0533,-0.0000;0.0778,-0.0000;0.1103,-0.0000;0.1531,-0.0000;0.2084,-0.0000;0.2787,-0.0001;0.3665,-0.0001;0.4738,-0.0002;0.6022,-0.0004;0.7526,-0.0006;0.9258,-0.0009;1.1220,-0.0013;1.3415,-0.0019;1.5848,-0.0027;1.8518,-0.0036;2.1429,-0.0048;2.4583,-0.0062;2.7982,-0.0079;3.1628,-0.0099;3.5523,-0.0122;3.9659,-0.0147;4.4025,-0.0176;4.8608,-0.0208;5.3395,-0.0243;5.8376,-0.0281;6.3546,-0.0321;6.8902,-0.0364;7.4440,-0.0408;8.0155,-0.0454;8.6041,-0.0500;9.2093,-0.0546;9.8302,-0.0590;10.4660,-0.0633;11.1154,-0.0673;11.7770,-0.0709;12.4491,-0.0742;13.1305,-0.0769;13.8198,-0.0791","0.0012,0.0000;0.0004,0.0000;-0.0017,0.0000;-0.0048,0.0000;-0.0087,-0.0000;-0.0118,-0.0000;-0.0127,0.0000;-0.0127,0.0000;-0.0127,0.0000;-0.0127,0.0000;-0.0127,0.0000;-0.0127,0.0000;-0.0127,0.0000;-0.0127,0.0000;-0.0127,0.0000;-0.0127,0.0000;-0.0127,0.0000;-0.0127,0.0000;-0.0127,0.0000;-0.0127,0.0000;-0.0127,0.0000;-0.0127,0.0000;-0.0127,0.0000;-0.0127,0.0000;-0.0127,0.0000;-0.0127,0.0000;-0.0127,0.0000;-0.0127,0.0000;-0.0127,0.0000;-0.0127,0.0000;-0.0127,0.0000;-0.0127,0.0000;-0.0127,0.0000;-0.0127,0.0000;-0.0127,0.0000;-0.0127,0.0000;-0.0127,0.0000;-0.0127,0.0000;-0.0127,0.0000;-0.0127,0.0000;-0.0127,0.0000;-0.0127,0.0000;-0.0127,0.0000;-0.0127,0.0000;-0.0085,-0.0000;-0.0010,0.0000;0.0075,0.0000;0.0162,0.0000;0.0255,0.0000;0.0391,-0.0000;0.0574,0.0000;0.0801,-0.0000;0.1064,-0.0000;0.1357,-0.0001;0.1681,-0.0001;0.2033,-0.0001;0.2413,-0.0002;0.2817,-0.0003;0.3250,-0.0004;0.3706,-0.0004;0.4186,-0.0005;0.4691,-0.0007;0.5215,-0.0008;0.5752,-0.0009"
79937d25-63d0-4e38-9848-c714dcab0328,14100000,0,0,0.0,SKIPPED,,,,4580,12,11.942,Yield due to pedestrians in the crosswalk requiring speed reduction,0.1474,0.9095,"-0.0003,-0.0000;-0.0006,-0.0000;-0.0008,-0.0000;-0.0010,-0.0000;-0.0012,-0.0000;-0.0014,-0.0000;-0.0016,-0.0000;-0.0018,-0.0000;-0.0020,-0.0000;-0.0021,-0.0000;-0.0021,-0.0000;-0.0022,-0.0000;-0.0022,-0.0000;-0.0022,-0.0000;-0.0021,-0.0000;-0.0021,-0.0000;-0.0020,-0.0000;-0.0019,-0.0000;-0.0018,-0.0000;-0.0017,-0.0000;-0.0015,-0.0000;-0.0014,-0.0000;-0.0012,-0.0000;-0.0011,-0.0000;-0.0009,-0.0000;-0.0007,-0.0000;-0.0005,-0.0000;-0.0003,-0.0000;-0.0001,-0.0000;0.0002,-0.0000;0.0004,-0.0000;0.0007,-0.0000;0.0010,-0.0000;0.0013,-0.0000;0.0016,-0.0000;0.0019,-0.0000;0.0023,-0.0000;0.0027,-0.0000;0.0030,-0.0000;0.0034,-0.0000;0.0038,-0.0000;0.0042,-0.0000;0.0046,-0.0000;0.0050,-0.0000;0.0054,-0.0000;0.0057,-0.0000;0.0061,-0.0000;0.0065,-0.0000;0.0069,-0.0000;0.0073,-0.0000;0.0077,-0.0000;0.0081,-0.0000;0.0086,-0.0000;0.0090,-0.0000;0.0095,-0.0000;0.0100,-0.0000;0.0105,-0.0000;0.0111,-0.0000;0.0117,0.0000;0.0128,0.0000;0.0148,0.0000;0.0188,0.0000;0.0260,0.0000;0.0375,0.0000","0.0000,0.0000;0.0000,0.0000;0.0000,0.0000;0.0000,0.0000;0.0000,0.0000;0.0000,0.0000;0.0000,0.0000;0.0000,0.0000;0.0000,0.0000;0.0000,0.0000;0.0000,0.0000;0.0000,0.0000;0.0000,0.0000;0.0000,0.0000;0.0000,0.0000;0.0000,0.0000;0.0000,0.0000;0.0000,0.0000;0.0000,0.0000;0.0000,0.0000;0.0000,0.0000;0.0000,0.0000;0.0000,0.0000;0.0000,0.0000;0.0000,0.0000;0.0000,0.0000;0.0000,0.0000;0.0000,0.0000;0.0000,0.0000;0.0000,0.0000;0.0000,0.0000;0.0000,0.0000;0.0000,0.0000;0.0000,0.0000;0.0042,-0.0000;0.0118,0.0000;0.0202,-0.0000;0.0289,0.0000;0.0382,0.0000;0.0518,-0.0000;0.0702,-0.0000;0.0928,-0.0000;0.1191,-0.0001;0.1484,-0.0001;0.1809,-0.0001;0.2161,-0.0001;0.2540,-0.0002;0.2944,-0.0003;0.3377,-0.0004;0.3834,-0.0005;0.4314,-0.0006;0.4818,-0.0007;0.5342,-0.0008;0.5879,-0.0010;0.6424,-0.0011;0.6973,-0.0011;0.7519,-0.0012;0.8068,-0.0012;0.8627,-0.0013;0.9223,-0.0012"
79937d25-63d0-4e38-9848-c714dcab0328,15100000,0,0,0.0,SKIPPED,,,,4580,12,11.944,Yield due to pedestrians in the crosswalk requiring speed reduction,0.1742,0.9037,"0.0000,-0.0000;0.0001,-0.0000;0.0002,-0.0000;0.0003,-0.0000;0.0005,-0.0000;0.0006,-0.0000;0.0007,-0.0000;0.0009,-0.0000;0.0010,-0.0000;0.0012,-0.0000;0.0013,-0.0000;0.0015,-0.0000;0.0017,-0.0000;0.0019,-0.0000;0.0021,-0.0000;0.0024,-0.0000;0.0027,-0.0000;0.0030,-0.0000;0.0033,-0.0000;0.0036,-0.0000;0.0040,-0.0000;0.0044,-0.0000;0.0048,-0.0000;0.0052,-0.0000;0.0056,-0.0000;0.0061,-0.0000;0.0065,-0.0000;0.0070,-0.0000;0.0074,-0.0000;0.0079,-0.0000;0.0084,-0.0000;0.0089,-0.0000;0.0094,-0.0000;0.0099,-0.0000;0.0104,-0.0000;0.0110,-0.0000;0.0115,-0.0000;0.0120,-0.0000;0.0126,-0.0000;0.0131,-0.0000;0.0136,-0.0000;0.0142,-0.0000;0.0148,-0.0000;0.0153,-0.0000;0.0159,-0.0000;0.0164,-0.0000;0.0169,-0.0000;0.0175,-0.0000;0.0180,-0.0000;0.0186,-0.0000;0.0191,-0.0000;0.0197,-0.0000;0.0202,-0.0000;0.0208,-0.0000;0.0214,-0.0000;0.0220,-0.0000;0.0226,-0.0000;0.0232,-0.0000;0.0237,-0.0000;0.0242,-0.0000;0.0247,-0.0000;0.0256,-0.0000;0.0283,-0.0000;0.0343,-0.0000","0.0000,0.0000;0.0000,0.0000;0.0000,0.0000;0.0000,0.0000;0.0000,0.0000;0.0000,0.0000;0.0000,0.0000;0.0000,0.0000;0.0000,0.0000;0.0000,0.0000;0.0000,0.0000;0.0000,0.0000;0.0000,0.0000;0.0000,0.0000;0.0000,0.0000;0.0000,0.0000;0.0000,0.0000;0.0000,0.0000;0.0000,0.0000;0.0000,0.0000;0.0000,0.0000;0.0000,0.0000;0.0000,0.0000;0.0000,0.0000;0.0042,-0.0000;0.0118,0.0000;0.0202,-0.0000;0.0289,0.0000;0.0382,0.0000;0.0518,-0.0000;0.0702,-0.0000;0.0928,-0.0000;0.1191,-0.0001;0.1484,-0.0001;0.1809,-0.0001;0.2161,-0.0001;0.2540,-0.0002;0.2944,-0.0003;0.3377,-0.0004;0.3834,-0.0005;0.4314,-0.0006;0.4818,-0.0007;0.5342,-0.0008;0.5879,-0.0010;0.6424,-0.0011;0.6973,-0.0011;0.7519,-0.0012;0.8068,-0.0012;0.8627,-0.0013;0.9223,-0.0012"
79937d25-63d0-4e38-9848-c714dcab0328,16100000,0,0,0.0,SKIPPED,,,,4580,12,12.022,Yield due to pedestrians in the crosswalk requiring speed reduction,0.2264,0.9132,"0.0000,0.0000;0.0000,0.0000;0.0000,0.0000;-0.0000,0.0000;-0.0001,0.0000;-0.0002,0.0000;-0.0003,0.0000;-0.0004,0.0000;-0.0005,0.0000;-0.0006,-0.0000;-0.0007,-0.0000;-0.0009,-0.0000;-0.0011,-0.0000;-0.0013,-0.0000;-0.0015,-0.0000;-0.0017,-0.0000;-0.0019,-0.0000;-0.0021,-0.0000;-0.0024,-0.0000;-0.0026,-0.0000;-0.0028,-0.0000;-0.0031,-0.0000;-0.0033,-0.0000;-0.0035,-0.0000;-0.0038,-0.0000;-0.0040,-0.0000;-0.0042,-0.0000;-0.0044,-0.0000;-0.0046,-0.0000;-0.0048,-0.0000;-0.0049,-0.0000;-0.0050,-0.0000;-0.0051,-0.0000;-0.0052,-0.0000;-0.0054,-0.0000;-0.0054,-0.0000;-0.0050,-0.0000;-0.0033,-0.0000;0.0009,-0.0000;0.0091,-0.0000;0.0231,-0.0000;0.0453,-0.0000;0.0785,-0.0000;0.1257,-0.0000;0.1895,-0.0000;0.2717,-0.0000;0.3737,-0.0000;0.4955,-0.0000;0.6372,-0.0000;0.7982,-0.0000;0.9780,0.0001;1.1763,0.0002;1.3927,0.0005;1.6268,0.0008;1.8784,0.0014;2.1474,0.0022;2.4334,0.0032;2.7366,0.0045;3.0567,0.0060;3.3935,0.0077;3.7471,0.0097;4.1171,0.0120;4.5037,0.0145;4.9071,0.0172","0.0000,0.0000;0.0000,0.0000;0.0000,0.0000;0.0000,0.0000;0.0000,0.0000;0.0000,0.0000;0.0000,0.0000;0.0000,0.0000;0.0000,0.0000;0.0000,0.0000;0.0000,0.0000;0.0000,0.0000;0.0000,0.0000;0.0000,0.0000;0.0042,-0.0000;0.0118,0.0000;0.0202,-0.0000;0.0289,0.0000;0.0382,0.0000;0.0518,-0.0000;0.0702,-0.0000;0.0928,-0.0000;0.1191,-0.0001;0.1484,-0.0001;0.1809,-0.0001;0.2161,-0.0001;0.2540,-0.0002;0.2944,-0.0003;0.3377,-0.0004;0.3834,-0.0005;0.4314,-0.0006;0.4818,-0.0007;0.5342,-0.0008;0.5879,-0.0010;0.6424,-0.0011;0.6973,-0.0011;0.7519,-0.0012;0.8068,-0.0012;0.8627,-0.0013;0.9223,-0.0012"
79937d25-63d0-4e38-9848-c714dcab0328,17100000,0,0,0.0,SKIPPED,,,,4580,9,10.991,Yield due to pedestrians in the crosswalk,0.277,0.7848,"-0.0000,0.0000;-0.0000,0.0000;-0.0000,0.0000;0.0001,-0.0000;0.0001,-0.0000;0.0003,-0.0000;0.0004,-0.0000;0.0007,-0.0000;0.0009,-0.0000;0.0012,-0.0000;0.0016,-0.0000;0.0021,-0.0000;0.0026,-0.0000;0.0032,-0.0000;0.0040,-0.0000;0.0048,-0.0000;0.0057,-0.0000;0.0068,-0.0000;0.0084,-0.0000;0.0108,-0.0000;0.0144,-0.0000;0.0196,-0.0000;0.0264,-0.0000;0.0350,-0.0000;0.0452,-0.0000;0.0573,-0.0000;0.0716,-0.0000;0.0892,-0.0000;0.1109,-0.0000;0.1375,-0.0000;0.1691,-0.0000;0.2057,-0.0000;0.2475,-0.0000;0.2948,-0.0000;0.3483,-0.0000;0.4091,-0.0001;0.4784,-0.0001;0.5575,-0.0001;0.6479,-0.0002;0.7509,-0.0002;0.8675,-0.0003;0.9983,-0.0005;1.1436,-0.0006;1.3034,-0.0008;1.4776,-0.0011;1.6663,-0.0014;1.8694,-0.0019;2.0869,-0.0024;2.3186,-0.0031;2.5647,-0.0039;2.8255,-0.0049;3.1016,-0.0061;3.3938,-0.0075;3.7032,-0.0092;4.0306,-0.0112;4.3768,-0.0134;4.7425,-0.0159;5.1281,-0.0186;5.5342,-0.0215;5.9608,-0.0243;6.4082,-0.0271;6.8767,-0.0296;7.3666,-0.0318;7.8785,-0.0334","0.0000,0.0000;0.0000,0.0000;0.0000,0.0000;0.0000,0.0000;0.0042,-0.0000;0.0118,0.0000;0.0202,-0.0000;0.0289,0.0000;0.0382,0.0000;0.0518,-0.0000;0.0702,-0.0000;0.0928,-0.0000;0.1191,-0.0001;0.1484,-0.0001;0.1809,-0.0001;0.2161,-0.0001;0.2540,-0.0002;0.2944,-0.0003;0.3377,-0.0004;0.3834,-0.0005;0.4314,-0.0006;0.4818,-0.0007;0.5342,-0.0008;0.5879,-0.0010;0.6424,-0.0011;0.6973,-0.0011;0.7519,-0.0012;0.8068,-0.0012;0.8627,-0.0013;0.9223,-0.0012"
79937d25-63d0-4e38-9848-c714dcab0328,18100000,0,0,0.0,SKIPPED,,,,4580,11,11.612,Stop to yield to the pedestrian crossing the crosswalk.,0.1549,0.5815,"0.0177,-0.0000;0.0403,-0.0000;0.0679,-0.0000;0.1005,-0.0000;0.1384,-0.0000;0.1815,-0.0000;0.2300,-0.0001;0.2839,-0.0001;0.3431,-0.0001;0.4075,-0.0002;0.4772,-0.0002;0.5524,-0.0003;0.6334,-0.0004;0.7209,-0.0004;0.8159,-0.0005;0.9196,-0.0006;1.0333,-0.0007;1.1589,-0.0008;1.2980,-0.0008;1.4518,-0.0007;1.6209,-0.0004;1.8054,0.0002;2.0050,0.0011;2.2194,0.0025;2.4482,0.0045;2.6912,0.0074;2.9486,0.0112;3.2205,0.0161;3.5075,0.0222;3.8106,0.0296;4.1306,0.0384;4.4683,0.0486;4.8241,0.0603;5.1979,0.0732;5.5897,0.0874;5.9992,0.1025;6.4259,0.1185;6.8691,0.1349;7.3279,0.1517;7.8017,0.1685;8.2904,0.1852;8.7940,0.2015;9.3127,0.2172;9.8462,0.2319;10.3945,0.2454;10.9582,0.2573;11.5378,0.2670;12.1336,0.2743;12.7450,0.2786;13.3705,0.2800;14.0087,0.2782;14.6586,0.2734;15.3204,0.2657;15.9949,0.2553;16.6825,0.2428;17.3835,0.2284;18.0976,0.2129;18.8250,0.1965;19.5658,0.1799;20.3202,0.1633;21.0883,0.1472;21.8698,0.1318;22.6646,0.1176;23.4723,0.1049","0.0182,0.0000;0.0408,0.0000;0.0671,-0.0000;0.0964,-0.0000;0.1289,-0.0000;0.1641,-0.0001;0.2020,-0.0001;0.2424,-0.0002;0.2857,-0.0002;0.3314,-0.0003;0.3794,-0.0004;0.4298,-0.0005;0.4822,-0.0006;0.5359,-0.0007;0.5904,-0.0008;0.6453,-0.0008;0.6999,-0.0009;0.7548,-0.0009;0.8107,-0.0009;0.8703,-0.0008"
79937d25-63d0-4e38-9848-c714dcab0328,19100000,0,0,0.0,SKIPPED,,,,4580,12,12.103,Stop to yield to the pedestrian crossing the crosswalk ahead.,0.0389,0.1106,"0.0488,-0.0000;0.1010,-0.0000;0.1569,-0.0000;0.2163,-0.0001;0.2792,-0.0001;0.3458,-0.0001;0.4158,-0.0002;0.4894,-0.0002;0.5669,-0.0003;0.6490,-0.0003;0.7369,-0.0004;0.8322,-0.0004;0.9372,-0.0004;1.0540,-0.0004;1.1847,-0.0002;1.3310,0.0000;1.4944,0.0005;1.6766,0.0012;1.8789,0.0023;2.1028,0.0039;2.3491,0.0062;2.6185,0.0093;2.9113,0.0134;3.2277,0.0186;3.5677,0.0251;3.9312,0.0330;4.3181,0.0423;4.7278,0.0530;5.1596,0.0651;5.6129,0.0783;6.0875,0.0927;6.5836,0.1081;7.1013,0.1246;7.6407,0.1422;8.2007,0.1608;8.7794,0.1804;9.3744,0.2009;9.9832,0.2223;10.6045,0.2446;11.2369,0.2675;11.8791,0.2910;12.5294,0.3148;13.1858,0.3388;13.8467,0.3628;14.5106,0.3867;15.1767,0.4103;15.8443,0.4337;16.5131,0.4568;17.1827,0.4796;17.8528,0.5021;18.5229,0.5244;19.1922,0.5464;19.8597,0.5683;20.5239,0.5898;21.1835,0.6111;21.8371,0.6320;22.4835,0.6527;23.1217,0.6730;23.7507,0.6929;24.3693,0.7126;24.9765,0.7319;25.5711,0.7508;26.1523,0.7693;26.7196,0.7875","0.0475,-0.0000;0.0979,-0.0000;0.1503,-0.0000;0.2040,-0.0000;0.2585,-0.0000;0.3134,0.0000;0.3680,0.0001;0.4229,0.0002;0.4788,0.0003;0.5384,0.0005"
5cde5b3e-c171-41d6-9906-c10a2516601e,5100000,0,0,0.0,SKIPPED,,,,4580,6,10.085,Stop due to red traffic light,2.5495,13.2403,"0.0071,-0.0000;0.0096,-0.0000;0.0093,-0.0000;0.0075,-0.0000;0.0047,0.0000;0.0013,0.0000;-0.0026,0.0000;-0.0069,0.0000;-0.0113,0.0000;-0.0157,0.0000;-0.0200,0.0000;-0.0243,0.0000;-0.0285,0.0000;-0.0327,-0.0000;-0.0369,-0.0000;-0.0410,-0.0000;-0.0451,-0.0000;-0.0491,-0.0000;-0.0532,-0.0000;-0.0572,-0.0000;-0.0613,-0.0000;-0.0653,-0.0000;-0.0694,-0.0000;-0.0734,-0.0000;-0.0774,-0.0000;-0.0814,-0.0000;-0.0853,-0.0000;-0.0893,-0.0000;-0.0932,-0.0000;-0.0972,-0.0000;-0.1011,-0.0000;-0.1050,-0.0000;-0.1089,-0.0000;-0.1128,-0.0000;-0.1167,-0.0000;-0.1206,-0.0000;-0.1244,-0.0000;-0.1283,-0.0000;-0.1322,-0.0000;-0.1360,-0.0000;-0.1398,-0.0000;-0.1436,-0.0000;-0.1474,-0.0000;-0.1512,-0.0000;-0.1549,-0.0000;-0.1587,-0.0000;-0.1624,-0.0000;-0.1661,0.0000;-0.1699,0.0000;-0.1736,0.0000;-0.1773,0.0000;-0.1810,0.0000;-0.1848,0.0000;-0.1885,0.0000;-0.1922,0.0000;-0.1959,0.0000;-0.1996,0.0000;-0.2032,0.0000;-0.2069,0.0000;-0.2105,0.0000;-0.2142,0.0000;-0.2178,0.0000;-0.2214,0.0000;-0.2250,0.0000","0.0055,-0.0001;0.0078,-0.0001;0.0087,-0.0001;0.0083,-0.0002;0.0075,-0.0002;0.0074,-0.0003;0.0077,-0.0003;0.0079,-0.0003;0.0079,-0.0003;0.0079,-0.0003;0.0079,-0.0003;0.0079,-0.0003;0.0079,-0.0003;0.0079,-0.0003;0.0079,-0.0003;0.0079,-0.0003;0.0079,-0.0003;0.0079,-0.0003;0.0079,-0.0003;0.0079,-0.0003;0.0079,-0.0003;0.0079,-0.0003;0.0079,-0.0003;0.0079,-0.0003;0.0079,-0.0003;0.0098,-0.0003;0.0161,-0.0004;0.0234,-0.0004;0.0316,-0.0004;0.0407,-0.0004;0.0547,-0.0004;0.0808,-0.0003;0.1222,-0.0002;0.1817,-0.0002;0.2613,-0.0001;0.3611,-0.0001;0.4835,-0.0000;0.6330,0.0001;0.8111,0.0002;1.0176,-0.0002;1.2542,-0.0005;1.5205,-0.0009;1.8152,-0.0011;2.1366,-0.0012;2.4853,-0.0025;2.8607,-0.0027;3.2619,-0.0035;3.6884,-0.0045;4.1402,-0.0057;4.6151,-0.0067;5.1110,-0.0079;5.6264,-0.0099;6.1599,-0.0115;6.7108,-0.0133;7.2778,-0.0155;7.8602,-0.0180;8.4580,-0.0209;9.0706,-0.0241;9.6971,-0.0278;10.3377,-0.0315;10.9921,-0.0351;11.6577,-0.0395;12.3322,-0.0446;13.0152,-0.0505"
5cde5b3e-c171-41d6-9906-c10a2516601e,6100000,0,0,0.0,SKIPPED,,,,4580,6,10.032,Stop due to red traffic light,1.0254,4.3472,"-0.0002,0.0000;-0.0006,0.0000;-0.0012,0.0000;-0.0018,0.0000;-0.0020,0.0000;-0.0010,0.0000;0.0016,0.0000;0.0057,0.0000;0.0106,0.0000;0.0155,0.0000;0.0202,0.0000;0.0257,0.0000;0.0341,0.0000;0.0483,0.0000;0.0710,0.0000;0.1042,0.0001;0.1496,0.0001;0.2081,0.0002;0.2804,0.0004;0.3668,0.0007;0.4671,0.0011;0.5810,0.0017;0.7081,0.0025;0.8480,0.0035;1.0004,0.0047;1.1651,0.0061;1.3418,0.0077;1.5304,0.0095;1.7309,0.0115;1.9431,0.0137;2.1671,0.0160;2.4030,0.0185;2.6511,0.0212;2.9115,0.0241;3.1842,0.0271;3.4694,0.0303;3.7670,0.0337;4.0771,0.0372;4.3996,0.0408;4.7343,0.0446;5.0813,0.0486;5.4404,0.0526;5.8113,0.0568;6.1940,0.0610;6.5883,0.0653;6.9941,0.0695;7.4113,0.0737;7.8397,0.0777;8.2789,0.0815;8.7285,0.0849;9.1882,0.0879;9.6579,0.0904;10.1377,0.0923;10.6276,0.0936;11.1272,0.0942;11.6360,0.0942;12.1533,0.0935;12.6786,0.0922;13.2113,0.0903;13.7511,0.0878;14.2978,0.0846;14.8509,0.0809;15.4101,0.0765;15.9752,0.0715","0.0000,0.0000;0.0000,0.0000;0.0000,0.0000;0.0000,0.0000;0.0000,0.0000;0.0000,0.0000;0.0000,0.0000;0.0000,0.0000;0.0000,0.0000;0.0000,0.0000;0.0000,0.0000;0.0000,0.0000;0.0000,0.0000;0.0000,0.0000;0.0000,0.0000;0.0019,-0.0000;0.0082,-0.0000;0.0156,-0.0000;0.0237,-0.0000;0.0329,-0.0000;0.0468,-0.0000;0.0729,0.0000;0.1143,0.0001;0.1738,0.0001;0.2534,0.0001;0.3532,0.0002;0.4757,0.0002;0.6252,0.0003;0.8032,0.0003;1.0097,-0.0001;1.2463,-0.0005;1.5126,-0.0010;1.8073,-0.0013;2.1287,-0.0014;2.4774,-0.0028;2.8529,-0.0031;3.2540,-0.0040;3.6805,-0.0051;4.1323,-0.0064;4.6072,-0.0075;5.1031,-0.0089;5.6185,-0.0110;6.1520,-0.0127;6.7029,-0.0147;7.2700,-0.0170;7.8523,-0.0197;8.4501,-0.0227;9.0627,-0.0261;9.6892,-0.0299;10.3298,-0.0338;10.9842,-0.0376;11.6498,-0.0421;12.3243,-0.0473;13.0073,-0.0534;13.6988,-0.0598;14.3998,-0.0668;15.1105,-0.0739;15.8309,-0.0819;16.5606,-0.0903;17.2982,-0.0994;18.0423,-0.1090;18.7931,-0.1199;19.5512,-0.1314;20.3171,-0.1441"
5cde5b3e-c171-41d6-9906-c10a2516601e,7100000,0,0,0.0,SKIPPED,,,,4580,11,11.774,Resume speed from stop since the traffic light turns green.,3.1116,8.7697,"-0.0001,-0.0000;-0.0005,-0.0000;-0.0009,-0.0000;-0.0008,-0.0000;0.0006,-0.0000;0.0041,-0.0000;0.0103,-0.0000;0.0198,-0.0000;0.0327,-0.0000;0.0495,-0.0000;0.0703,-0.0000;0.0960,-0.0000;0.1275,-0.0001;0.1660,-0.0001;0.2132,-0.0002;0.2715,-0.0003;0.3430,-0.0005;0.4298,-0.0007;0.5333,-0.0011;0.6543,-0.0016;0.7929,-0.0023;0.9490,-0.0031;1.1223,-0.0041;1.3123,-0.0054;1.5185,-0.0068;1.7406,-0.0083;1.9782,-0.0098;2.2310,-0.0114;2.4986,-0.0128;2.7809,-0.0140;3.0776,-0.0148;3.3885,-0.0152;3.7138,-0.0150;4.0534,-0.0143;4.4073,-0.0130;4.7755,-0.0112;5.1580,-0.0089;5.5546,-0.0063;5.9649,-0.0034;6.3883,-0.0003;6.8242,0.0030;7.2720,0.0063;7.7312,0.0096;8.2010,0.0128;8.6809,0.0159;9.1698,0.0189;9.6672,0.0217;10.1729,0.0242;10.6871,0.0264;11.2103,0.0283;11.7428,0.0296;12.2847,0.0304;12.8359,0.0306;13.3964,0.0301;13.9659,0.0289;14.5444,0.0268;15.1318,0.0239;15.7280,0.0200;16.3328,0.0152;16.9462,0.0095;17.5680,0.0030;18.1976,-0.0043;18.8347,-0.0123;19.4786,-0.0208","0.0000,0.0000;0.0000,0.0000;0.0000,0.0000;0.0000,0.0000;0.0000,0.0000;0.0019,-0.0000;0.0082,-0.0000;0.0156,-0.0000;0.0237,-0.0000;0.0329,-0.0000;0.0468,-0.0000;0.0729,0.0000;0.1143,0.0001;0.1738,0.0001;0.2534,0.0001;0.3532,0.0002;0.4757,0.0002;0.6252,0.0003;0.8032,0.0003;1.0097,-0.0001;1.2463,-0.0005;1.5126,-0.0010;1.8073,-0.0013;2.1287,-0.0014;2.4774,-0.0028;2.8529,-0.0031;3.2540,-0.0040;3.6805,-0.0051;4.1323,-0.0064;4.6072,-0.0075;5.1031,-0.0089;5.6185,-0.0110;6.1520,-0.0127;6.7029,-0.0147;7.2700,-0.0170;7.8523,-0.0197;8.4501,-0.0227;9.0627,-0.0261;9.6892,-0.0299;10.3298,-0.0338;10.9842,-0.0376;11.6498,-0.0421;12.3243,-0.0473;13.0073,-0.0534;13.6988,-0.0598;14.3998,-0.0668;15.1105,-0.0739;15.8309,-0.0819;16.5606,-0.0903;17.2982,-0.0994;18.0423,-0.1090;18.7931,-0.1199;19.5512,-0.1314;20.3171,-0.1441;21.0896,-0.1578;21.8681,-0.1714;22.6513,-0.1856;23.4381,-0.2006;24.2285,-0.2157;25.0226,-0.2341;25.8219,-0.2519;26.6273,-0.2679;27.4368,-0.2837;28.2440,-0.2979"
5cde5b3e-c171-41d6-9906-c10a2516601e,8100000,0,0,0.0,SKIPPED,,,,4580,8,10.858,Accelerate due to green traffic light.,5.6172,12.8462,"0.0129,-0.0000;0.0342,-0.0000;0.0646,-0.0000;0.1049,-0.0000;0.1559,-0.0000;0.2177,-0.0000;0.2905,-0.0000;0.3747,-0.0000;0.4704,-0.0000;0.5780,-0.0001;0.6980,-0.0001;0.8308,-0.0001;0.9767,-0.0002;1.1361,-0.0002;1.3088,-0.0003;1.4951,-0.0004;1.6946,-0.0005;1.9076,-0.0006;2.1338,-0.0007;2.3736,-0.0008;2.6272,-0.0010;2.8948,-0.0011;3.1768,-0.0013;3.4732,-0.0015;3.7844,-0.0017;4.1103,-0.0019;4.4509,-0.0021;4.8058,-0.0024;5.1744,-0.0027;5.5557,-0.0030;5.9489,-0.0033;6.3528,-0.0037;6.7670,-0.0041;7.1909,-0.0046;7.6242,-0.0053;8.0670,-0.0060;8.5190,-0.0069;8.9802,-0.0080;9.4505,-0.0093;9.9295,-0.0109;10.4169,-0.0128;10.9124,-0.0150;11.4161,-0.0176;11.9282,-0.0206;12.4493,-0.0241;12.9796,-0.0281;13.5189,-0.0327;14.0665,-0.0378;14.6216,-0.0434;15.1830,-0.0497;15.7498,-0.0566;16.3215,-0.0641;16.8979,-0.0724;17.4789,-0.0815;18.0647,-0.0913;18.6553,-0.1020;19.2506,-0.1137;19.8504,-0.1262;20.4544,-0.1395;21.0626,-0.1536;21.6753,-0.1684;22.2932,-0.1840;22.9172,-0.2002;23.5482,-0.2170","0.0136,0.0000;0.0398,0.0000;0.0812,0.0001;0.1407,0.0001;0.2202,0.0001;0.3201,0.0001;0.4425,0.0001;0.5920,0.0002;0.7701,0.0001;0.9765,-0.0003;1.2131,-0.0008;1.4794,-0.0014;1.7742,-0.0017;2.0955,-0.0020;2.4442,-0.0034;2.8197,-0.0039;3.2209,-0.0048;3.6474,-0.0061;4.0991,-0.0075;4.5741,-0.0088;5.0699,-0.0102;5.5853,-0.0125;6.1189,-0.0144;6.6698,-0.0165;7.2368,-0.0190;7.8192,-0.0218;8.4170,-0.0250;9.0295,-0.0285;9.6561,-0.0325;10.2967,-0.0366;10.9510,-0.0406;11.6166,-0.0453;12.2911,-0.0507;12.9742,-0.0570;13.6656,-0.0636;14.3666,-0.0707;15.0773,-0.0780;15.7977,-0.0862;16.5274,-0.0949;17.2650,-0.1042;18.0091,-0.1140;18.7599,-0.1251;19.5180,-0.1368;20.2839,-0.1497;21.0564,-0.1636;21.8349,-0.1775;22.6181,-0.1918;23.4049,-0.2071;24.1953,-0.2224;24.9894,-0.2410;25.7887,-0.2591;26.5941,-0.2753;27.4036,-0.2913;28.2107,-0.3057;29.0160,-0.3216;29.8226,-0.3364;30.6323,-0.3486;31.4451,-0.3594;32.2620,-0.3687;33.0820,-0.3758;33.9048,-0.3828;34.7310,-0.3891;35.5601,-0.3935;36.3932,-0.3972"
5cde5b3e-c171-41d6-9906-c10a2516601e,9100000,0,0,0.0,SKIPPED,,,,4580,16,13.405,Keep distance to the lead vehicle because it is directly ahead in the same lane.,1.6994,3.9619,"0.2341,-0.0000;0.4931,-0.0001;0.7769,-0.0003;1.0853,-0.0007;1.4176,-0.0012;1.7728,-0.0019;2.1499,-0.0029;2.5472,-0.0042;2.9634,-0.0057;3.3973,-0.0077;3.8475,-0.0101;4.3130,-0.0129;4.7931,-0.0163;5.2874,-0.0203;5.7957,-0.0249;6.3178,-0.0303;6.8539,-0.0365;7.4041,-0.0435;7.9683,-0.0514;8.5465,-0.0601;9.1385,-0.0697;9.7439,-0.0802;10.3619,-0.0914;10.9919,-0.1033;11.6327,-0.1160;12.2835,-0.1294;12.9430,-0.1435;13.6100,-0.1582;14.2831,-0.1735;14.9614,-0.1893;15.6441,-0.2058;16.3311,-0.2228;17.0229,-0.2404;17.7196,-0.2588;18.4211,-0.2778;19.1266,-0.2976;19.8349,-0.3180;20.5450,-0.3390;21.2563,-0.3606;21.9686,-0.3827;22.6818,-0.4052;23.3956,-0.4279;24.1098,-0.4508;24.8241,-0.4735;25.5386,-0.4961;26.2537,-0.5185;26.9698,-0.5404;27.6876,-0.5620;28.4083,-0.5831;29.1331,-0.6039;29.8635,-0.6243;30.6006,-0.6442;31.3447,-0.6638;32.0955,-0.6830;32.8527,-0.7017;33.6157,-0.7200;34.3845,-0.7379;35.1587,-0.7552;35.9382,-0.7721;36.7228,-0.7885;37.5121,-0.8043;38.3057,-0.8197;39.1034,-0.8345;39.9049,-0.8489","0.2299,-0.0005;0.4962,-0.0009;0.7909,-0.0012;1.1123,-0.0014;1.4610,-0.0028;1.8364,-0.0031;2.2376,-0.0040;2.6641,-0.0052;3.1158,-0.0066;3.5908,-0.0077;4.0867,-0.0091;4.6020,-0.0113;5.1356,-0.0130;5.6865,-0.0150;6.2535,-0.0174;6.8359,-0.0201;7.4337,-0.0231;8.0463,-0.0265;8.6728,-0.0304;9.3134,-0.0344;9.9678,-0.0382;10.6333,-0.0428;11.3079,-0.0480;11.9909,-0.0542;12.6824,-0.0606;13.3833,-0.0676;14.0941,-0.0748;14.8145,-0.0828;15.5441,-0.0913;16.2818,-0.1005;17.0259,-0.1102;17.7767,-0.1211;18.5348,-0.1326;19.3007,-0.1453;20.0732,-0.1591;20.8516,-0.1728;21.6349,-0.1870;22.4217,-0.2021;23.2120,-0.2173;24.0061,-0.2357;24.8055,-0.2536;25.6109,-0.2697;26.4204,-0.2854;27.2275,-0.2997;28.0328,-0.3154;28.8394,-0.3301;29.6491,-0.3421;30.4619,-0.3528;31.2788,-0.3619;32.0988,-0.3688;32.9217,-0.3756;33.7478,-0.3817;34.5769,-0.3860;35.4100,-0.3895;36.2454,-0.3911;37.0828,-0.3915;37.9227,-0.3919;38.7641,-0.3910;39.6068,-0.3903;40.4508,-0.3904;41.2958,-0.3909;42.1420,-0.3926;42.9903,-0.3944;43.8409,-0.3969"
5cde5b3e-c171-41d6-9906-c10a2516601e,10100000,0,0,0.0,SKIPPED,,,,4580,7,10.529,Accelerate due to green traffic light,2.0728,4.4299,"0.4981,-0.0001;1.0181,-0.0004;1.5596,-0.0009;2.1220,-0.0016;2.7049,-0.0026;3.3078,-0.0038;3.9304,-0.0052;4.5726,-0.0068;5.2340,-0.0087;5.9146,-0.0108;6.6142,-0.0133;7.3319,-0.0161;8.0665,-0.0193;8.8164,-0.0230;9.5800,-0.0273;10.3564,-0.0322;11.1455,-0.0379;11.9471,-0.0446;12.7610,-0.0525;13.5864,-0.0618;14.4220,-0.0727;15.2668,-0.0853;16.1199,-0.0999;16.9809,-0.1164;17.8493,-0.1350;18.7241,-0.1555;19.6041,-0.1780;20.4884,-0.2023;21.3761,-0.2283;22.2666,-0.2558;23.1593,-0.2849;24.0535,-0.3153;24.9487,-0.3470;25.8446,-0.3798;26.7408,-0.4135;27.6371,-0.4479;28.5333,-0.4829;29.4297,-0.5182;30.3270,-0.5539;31.2261,-0.5897;32.1280,-0.6256;33.0332,-0.6615;33.9414,-0.6974;34.8522,-0.7332;35.7648,-0.7688;36.6785,-0.8041;37.5930,-0.8391;38.5079,-0.8738;39.4228,-0.9080;40.3371,-0.9417;41.2502,-0.9747;42.1620,-1.0068;43.0728,-1.0379;43.9832,-1.0678;44.8939,-1.0963;45.8054,-1.1232;46.7179,-1.1483;47.6315,-1.1713;48.5465,-1.1921;49.4631,-1.2105;50.3819,-1.2265;51.3033,-1.2399;52.2275,-1.2509;53.1548,-1.2595","0.4808,-0.0006;0.9962,-0.0020;1.5297,-0.0029;2.0806,-0.0041;2.6477,-0.0056;3.2300,-0.0074;3.8278,-0.0095;4.4404,-0.0121;5.0670,-0.0150;5.7076,-0.0180;6.3619,-0.0208;7.0275,-0.0244;7.7020,-0.0286;8.3851,-0.0337;9.0766,-0.0391;9.7775,-0.0451;10.4883,-0.0511;11.2087,-0.0581;11.9384,-0.0654;12.6760,-0.0735;13.4201,-0.0820;14.1709,-0.0918;14.9291,-0.1022;15.6950,-0.1138;16.4675,-0.1264;17.2460,-0.1389;18.0292,-0.1519;18.8161,-0.1658;19.6064,-0.1798;20.4006,-0.1970;21.1999,-0.2136;22.0054,-0.2285;22.8149,-0.2430;23.6220,-0.2561;24.4274,-0.2705;25.2340,-0.2840;26.0437,-0.2948;26.8565,-0.3042;27.6734,-0.3121;28.4934,-0.3178;29.3163,-0.3233;30.1425,-0.3282;30.9716,-0.3312;31.8046,-0.3335;32.6401,-0.3337;33.4775,-0.3329;34.3173,-0.3321;35.1587,-0.3299;36.0014,-0.3279;36.8454,-0.3267;37.6904,-0.3259;38.5366,-0.3263;39.3849,-0.3268;40.2356,-0.3281;41.0882,-0.3306;41.9430,-0.3339;42.7997,-0.3388;43.6566,-0.3442;44.5132,-0.3506;45.3700,-0.3568;46.2276,-0.3620;47.0869,-0.3690;47.9484,-0.3759;48.8129,-0.3810"
5cde5b3e-c171-41d6-9906-c10a2516601e,11100000,0,0,0.0,SKIPPED,,,,4580,8,10.769,Accelerate due to green traffic light ahead,3.3754,9.2536,"0.6567,-0.0002;1.3304,-0.0006;2.0201,-0.0014;2.7249,-0.0026;3.4440,-0.0041;4.1766,-0.0061;4.9219,-0.0086;5.6791,-0.0116;6.4477,-0.0152;7.2276,-0.0196;8.0190,-0.0247;8.8218,-0.0307;9.6360,-0.0374;10.4613,-0.0451;11.2969,-0.0538;12.1425,-0.0632;12.9981,-0.0736;13.8642,-0.0848;14.7412,-0.0968;15.6297,-0.1095;16.5297,-0.1230;17.4413,-0.1372;18.3640,-0.1519;19.2968,-0.1671;20.2388,-0.1828;21.1888,-0.1989;22.1463,-0.2152;23.1112,-0.2317;24.0837,-0.2483;25.0640,-0.2650;26.0519,-0.2818;27.0464,-0.2985;28.0464,-0.3151;29.0505,-0.3314;30.0574,-0.3473;31.0666,-0.3628;32.0782,-0.3779;33.0930,-0.3924;34.1117,-0.4065;35.1353,-0.4201;36.1644,-0.4332;37.1992,-0.4458;38.2398,-0.4578;39.2863,-0.4692;40.3387,-0.4802;41.3972,-0.4907;42.4622,-0.5007;43.5335,-0.5102;44.6109,-0.5194;45.6937,-0.5282;46.7804,-0.5368;47.8697,-0.5451;48.9604,-0.5532;50.0524,-0.5611;51.1465,-0.5689;52.2434,-0.5765;53.3434,-0.5842;54.4457,-0.5920;55.5490,-0.5998;56.6524,-0.6077;57.7554,-0.6158;58.8584,-0.6240;59.9615,-0.6324;61.0644,-0.6410","0.6343,-0.0008;1.2999,-0.0024;1.9745,-0.0045;2.6575,-0.0076;3.3490,-0.0109;4.0500,-0.0146;4.7608,-0.0185;5.4812,-0.0233;6.2109,-0.0284;6.9486,-0.0342;7.6928,-0.0405;8.4436,-0.0480;9.2017,-0.0561;9.9676,-0.0653;10.7403,-0.0755;11.5187,-0.0857;12.3020,-0.0963;13.0889,-0.1078;13.8793,-0.1193;14.6735,-0.1341;15.4729,-0.1483;16.2784,-0.1608;17.0879,-0.1728;17.8951,-0.1834;18.7005,-0.1954;19.5072,-0.2064;20.3169,-0.2147;21.1297,-0.2217;21.9466,-0.2271;22.7667,-0.2302;23.5895,-0.2333;24.4157,-0.2356;25.2448,-0.2361;26.0779,-0.2358;26.9134,-0.2335;27.7507,-0.2302;28.5906,-0.2267;29.4320,-0.2220;30.2746,-0.2174;31.1186,-0.2137;31.9637,-0.2103;32.8099,-0.2081;33.6581,-0.2060;34.5088,-0.2047;35.3614,-0.2046;36.2162,-0.2052;37.0729,-0.2076;37.9299,-0.2104;38.7865,-0.2141;39.6433,-0.2177;40.5009,-0.2203;41.3602,-0.2247;42.2217,-0.2289;43.0862,-0.2314;43.9507,-0.2361;44.8153,-0.2386;45.6794,-0.2392;46.5471,-0.2430;47.4219,-0.2468;48.3028,-0.2503;49.1865,-0.2518;50.0672,-0.2535;50.9433,-0.2569;51.8186,-0.2599"
5cde5b3e-c171-41d6-9906-c10a2516601e,12100000,0,0,0.0,SKIPPED,,,,4580,9,11.084,Accelerate gently due to the lead vehicle ahead,2.9978,7.1377,"0.7471,-0.0003;1.5046,-0.0013;2.2731,-0.0031;3.0532,-0.0056;3.8457,-0.0089;4.6503,-0.0130;5.4666,-0.0181;6.2933,-0.0242;7.1295,-0.0312;7.9746,-0.0392;8.8284,-0.0482;9.6914,-0.0584;10.5639,-0.0698;11.4460,-0.0822;12.3371,-0.0957;13.2363,-0.1099;14.1429,-0.1250;15.0565,-0.1407;15.9773,-0.1570;16.9060,-0.1737;17.8432,-0.1907;18.7893,-0.2077;19.7438,-0.2246;20.7054,-0.2412;21.6725,-0.2573;22.6440,-0.2726;23.6187,-0.2869;24.5961,-0.3000;25.5757,-0.3119;26.5577,-0.3224;27.5423,-0.3315;28.5297,-0.3390;29.5199,-0.3451;30.5127,-0.3497;31.5074,-0.3528;32.5039,-0.3546;33.5022,-0.3551;34.5023,-0.3547;35.5041,-0.3532;36.5075,-0.3510;37.5123,-0.3482;38.5185,-0.3445;39.5258,-0.3403;40.5340,-0.3354;41.5423,-0.3301;42.5503,-0.3244;43.5576,-0.3185;44.5642,-0.3126;45.5703,-0.3068;46.5760,-0.3011;47.5815,-0.2956;48.5869,-0.2900;49.5925,-0.2844;50.5985,-0.2786;51.6049,-0.2727;52.6119,-0.2666;53.6194,-0.2604;54.6276,-0.2540;55.6367,-0.2475;56.6472,-0.2409;57.6592,-0.2342;58.6728,-0.2273;59.6881,-0.2204;60.7047,-0.2134","0.7215,-0.0016;1.4724,-0.0044;2.2305,-0.0076;2.9965,-0.0121;3.7692,-0.0175;4.5477,-0.0227;5.3310,-0.0284;6.1180,-0.0350;6.9084,-0.0416;7.7027,-0.0514;8.5022,-0.0606;9.3077,-0.0679;10.1173,-0.0749;10.9246,-0.0804;11.7300,-0.0874;12.5367,-0.0933;13.3465,-0.0966;14.1594,-0.0984;14.9763,-0.0987;15.7963,-0.0967;16.6192,-0.0946;17.4454,-0.0917;18.2745,-0.0869;19.1075,-0.0815;19.9429,-0.0739;20.7803,-0.0653;21.6201,-0.0566;22.4614,-0.0466;23.3041,-0.0368;24.1480,-0.0277;24.9930,-0.0190;25.8392,-0.0115;26.6874,-0.0041;27.5381,0.0026;28.3907,0.0080;29.2455,0.0127;30.1021,0.0158;30.9591,0.0184;31.8157,0.0200;32.6725,0.0217;33.5301,0.0246;34.3895,0.0256;35.2510,0.0268;36.1154,0.0297;36.9799,0.0304;37.8446,0.0334;38.7086,0.0381;39.5764,0.0398;40.4512,0.0415;41.3321,0.0436;42.2158,0.0476;43.0964,0.0514;43.9725,0.0535;44.8479,0.0560;45.7240,0.0588;46.6006,0.0625;47.4763,0.0668;48.3508,0.0700;49.2235,0.0722;50.0954,0.0761;50.9660,0.0807;51.8361,0.0851;52.7056,0.0893;53.5736,0.0933"
5cde5b3e-c171-41d6-9906-c10a2516601e,13100000,0,0,0.0,SKIPPED,,,,4580,12,12.054,Yield due to a pedestrian walking across the crosswalk ahead,1.7687,5.5954,"0.7995,-0.0003;1.6049,-0.0011;2.4147,-0.0022;3.2277,-0.0035;4.0435,-0.0050;4.8618,-0.0064;5.6832,-0.0079;6.5080,-0.0091;7.3369,-0.0100;8.1697,-0.0105;9.0056,-0.0106;9.8428,-0.0103;10.6797,-0.0096;11.5151,-0.0083;12.3487,-0.0067;13.1805,-0.0045;14.0107,-0.0020;14.8391,0.0008;15.6657,0.0040;16.4901,0.0076;17.3117,0.0117;18.1295,0.0162;18.9423,0.0212;19.7486,0.0268;20.5474,0.0330;21.3378,0.0398;22.1194,0.0471;22.8922,0.0550;23.6563,0.0633;24.4117,0.0719;25.1586,0.0807;25.8977,0.0895;26.6301,0.0981;27.3572,0.1066;28.0803,0.1146;28.8000,0.1221;29.5168,0.1291;30.2306,0.1357;30.9421,0.1420;31.6517,0.1481;32.3598,0.1542;33.0660,0.1604;33.7697,0.1668;34.4704,0.1735;35.1686,0.1806;35.8663,0.1880;36.5660,0.1959;37.2702,0.2044;37.9797,0.2135;38.6941,0.2232;39.4119,0.2337;40.1323,0.2449;40.8551,0.2568;41.5807,0.2695;42.3092,0.2827;43.0405,0.2965;43.7741,0.3107;44.5092,0.3252;45.2454,0.3400;45.9821,0.3549;46.7187,0.3699;47.4542,0.3848;48.1873,0.3996;48.9168,0.4142","0.7755,-0.0028;1.5811,-0.0039;2.3907,-0.0046;3.1980,-0.0038;4.0034,-0.0045;4.8102,-0.0042;5.6199,-0.0011;6.4328,0.0034;7.2497,0.0095;8.0697,0.0178;8.8925,0.0264;9.7187,0.0356;10.5477,0.0469;11.3807,0.0588;12.2160,0.0729;13.0533,0.0880;13.8930,0.1032;14.7342,0.1198;15.5767,0.1362;16.4206,0.1518;17.2655,0.1671;18.1116,0.1812;18.9597,0.1952;19.8103,0.2085;20.6628,0.2206;21.5176,0.2319;22.3742,0.2416;23.2311,0.2509;24.0877,0.2592;24.9445,0.2676;25.8020,0.2771;26.6613,0.2848;27.5228,0.2927;28.3872,0.3023;29.2517,0.3098;30.1163,0.3195;30.9803,0.3310;31.8480,0.3394;32.7227,0.3479;33.6036,0.3568;34.4872,0.3677;35.3678,0.3785;36.2439,0.3874;37.1192,0.3967;37.9953,0.4063;38.8718,0.4168;39.7475,0.4279;40.6219,0.4379;41.4946,0.4469;42.3664,0.4576;43.2369,0.4690;44.1070,0.4801;44.9764,0.4911;45.8444,0.5019;46.7117,0.5130;47.5787,0.5247;48.4458,0.5359;49.3134,0.5471;50.1814,0.5584;51.0489,0.5698;51.9146,0.5817;52.7793,0.5926;53.6436,0.6038;54.5086,0.6152"
5cde5b3e-c171-41d6-9906-c10a2516601e,14100000,0,0,0.0,SKIPPED,,,,4580,8,10.717,Maintain speed due to clear lane ahead,0.4218,1.436,"0.8229,0.0003;1.6475,0.0013;2.4738,0.0027;3.3018,0.0043;4.1319,0.0061;4.9644,0.0078;5.7993,0.0095;6.6365,0.0110;7.4754,0.0124;8.3158,0.0136;9.1574,0.0148;10.0005,0.0159;10.8452,0.0170;11.6918,0.0181;12.5401,0.0194;13.3898,0.0207;14.2403,0.0222;15.0914,0.0238;15.9430,0.0255;16.7951,0.0273;17.6481,0.0292;18.5026,0.0311;19.3589,0.0329;20.2170,0.0347;21.0760,0.0364;21.9345,0.0379;22.7915,0.0393;23.6469,0.0404;24.5016,0.0414;25.3564,0.0422;26.2111,0.0428;27.0648,0.0432;27.9163,0.0435;28.7655,0.0437;29.6132,0.0438;30.4601,0.0438;31.3066,0.0437;32.1520,0.0435;32.9956,0.0432;33.8369,0.0429;34.6759,0.0425;35.5130,0.0420;36.3489,0.0416;37.1839,0.0411;38.0184,0.0407;38.8518,0.0404;39.6834,0.0403;40.5123,0.0404;41.3379,0.0406;42.1602,0.0409;42.9803,0.0413;43.7991,0.0418;44.6176,0.0425;45.4359,0.0432;46.2540,0.0440;47.0718,0.0450;47.8894,0.0460;48.7069,0.0471;49.5248,0.0482;50.3433,0.0494;51.1628,0.0506;51.9833,0.0518;52.8048,0.0531;53.6273,0.0544","0.7980,-0.0007;1.6242,-0.0007;2.4533,0.0012;3.2863,0.0038;4.1218,0.0085;4.9591,0.0142;5.7990,0.0200;6.6403,0.0272;7.4830,0.0341;8.3270,0.0403;9.1720,0.0460;10.0182,0.0506;10.8664,0.0551;11.7171,0.0589;12.5697,0.0614;13.4245,0.0631;14.2812,0.0632;15.1382,0.0629;15.9948,0.0615;16.8516,0.0604;17.7092,0.0603;18.5686,0.0583;19.4301,0.0565;20.2945,0.0565;21.1590,0.0542;22.0237,0.0542;22.8877,0.0560;23.7555,0.0547;24.6303,0.0534;25.5112,0.0524;26.3949,0.0534;27.2756,0.0542;28.1517,0.0533;29.0270,0.0528;29.9032,0.0525;30.7797,0.0532;31.6555,0.0545;32.5300,0.0547;33.4027,0.0539;34.2746,0.0548;35.1452,0.0564;36.0153,0.0578;36.8848,0.0590;37.7528,0.0601;38.6202,0.0614;39.4873,0.0634;40.3544,0.0649;41.2221,0.0663;42.0902,0.0679;42.9578,0.0696;43.8236,0.0717;44.6884,0.0729;45.5528,0.0744;46.4177,0.0761;47.2831,0.0785;48.1483,0.0810;49.0132,0.0826;49.8772,0.0848;50.7406,0.0876;51.6033,0.0906;52.4660,0.0942;53.3299,0.0972;54.1956,0.1010;55.0624,0.1048"
5cde5b3e-c171-41d6-9906-c10a2516601e,15100000,0,0,0.0,SKIPPED,,,,4580,10,11.325,Maintain speed due to an oncoming vehicle ahead,0.6566,0.7905,"0.8448,-0.0003;1.6895,-0.0013;2.5334,-0.0030;3.3762,-0.0054;4.2176,-0.0085;5.0576,-0.0122;5.8964,-0.0164;6.7341,-0.0211;7.5711,-0.0262;8.4074,-0.0317;9.2429,-0.0376;10.0773,-0.0439;10.9108,-0.0505;11.7434,-0.0576;12.5759,-0.0650;13.4088,-0.0728;14.2425,-0.0810;15.0766,-0.0896;15.9107,-0.0984;16.7449,-0.1075;17.5799,-0.1170;18.4170,-0.1267;19.2567,-0.1368;20.0985,-0.1471;20.9409,-0.1578;21.7824,-0.1687;22.6223,-0.1797;23.4612,-0.1910;24.2999,-0.2025;25.1392,-0.2140;25.9797,-0.2257;26.8214,-0.2372;27.6641,-0.2487;28.5076,-0.2600;29.3518,-0.2711;30.1966,-0.2819;31.0424,-0.2922;31.8894,-0.3022;32.7381,-0.3118;33.5887,-0.3208;34.4412,-0.3295;35.2955,-0.3377;36.1516,-0.3455;37.0092,-0.3529;37.8686,-0.3601;38.7301,-0.3669;39.5937,-0.3734;40.4598,-0.3796;41.3282,-0.3856;42.1990,-0.3912;43.0721,-0.3965;43.9475,-0.4015;44.8254,-0.4062;45.7059,-0.4106;46.5889,-0.4146;47.4742,-0.4183;48.3615,-0.4218;49.2503,-0.4252;50.1405,-0.4283;51.0321,-0.4313;51.9249,-0.4343;52.8189,-0.4372;53.7138,-0.4401;54.6092,-0.4430","0.8190,-0.0007;1.6652,-0.0025;2.5134,-0.0045;3.3641,-0.0072;4.2167,-0.0111;5.0715,-0.0159;5.9282,-0.0224;6.7851,-0.0292;7.6417,-0.0371;8.4985,-0.0448;9.3561,-0.0514;10.2154,-0.0599;11.0768,-0.0682;11.9413,-0.0749;12.8057,-0.0837;13.6704,-0.0903;14.5344,-0.0951;15.4021,-0.1030;16.2769,-0.1110;17.1578,-0.1186;18.0414,-0.1244;18.9221,-0.1302;19.7982,-0.1379;20.6735,-0.1450;21.5496,-0.1519;22.4261,-0.1579;23.3019,-0.1633;24.1763,-0.1698;25.0491,-0.1772;25.9209,-0.1829;26.7915,-0.1879;27.6616,-0.1932;28.5311,-0.1986;29.3991,-0.2041;30.2664,-0.2094;31.1335,-0.2140;32.0007,-0.2191;32.8683,-0.2243;33.7364,-0.2293;34.6039,-0.2343;35.4698,-0.2387;36.3345,-0.2441;37.1989,-0.2492;38.0639,-0.2540;38.9292,-0.2583;39.7944,-0.2624;40.6593,-0.2674;41.5233,-0.2717;42.3867,-0.2755;43.2494,-0.2790;44.1120,-0.2820;44.9760,-0.2856;45.8417,-0.2883;46.7085,-0.2912;47.5757,-0.2940;48.4426,-0.2969;49.3094,-0.3006;50.1768,-0.3036;51.0448,-0.3073;51.9131,-0.3108;52.7816,-0.3143;53.6504,-0.3180;54.5201,-0.3216;55.3910,-0.3261"
5cde5b3e-c171-41d6-9906-c10a2516601e,16100000,0,0,0.0,SKIPPED,,,,4580,9,11.077,Maintain speed due to clear lane ahead.,1.0736,3.1631,"0.8585,-0.0001;1.7206,-0.0002;2.5861,-0.0005;3.4547,-0.0008;4.3256,-0.0012;5.1980,-0.0016;6.0719,-0.0021;6.9480,-0.0025;7.8273,-0.0028;8.7106,-0.0031;9.5979,-0.0033;10.4885,-0.0034;11.3812,-0.0035;12.2754,-0.0036;13.1707,-0.0036;14.0672,-0.0037;14.9649,-0.0038;15.8642,-0.0039;16.7651,-0.0040;17.6677,-0.0042;18.5718,-0.0045;19.4771,-0.0050;20.3833,-0.0056;21.2901,-0.0064;22.1975,-0.0074;23.1059,-0.0085;24.0155,-0.0097;24.9262,-0.0111;25.8380,-0.0126;26.7504,-0.0141;27.6633,-0.0157;28.5768,-0.0173;29.4911,-0.0188;30.4063,-0.0203;31.3226,-0.0217;32.2402,-0.0230;33.1591,-0.0242;34.0795,-0.0253;35.0018,-0.0263;35.9263,-0.0271;36.8535,-0.0277;37.7837,-0.0281;38.7169,-0.0282;39.6530,-0.0282;40.5917,-0.0279;41.5327,-0.0274;42.4758,-0.0267;43.4211,-0.0259;44.3688,-0.0250;45.3193,-0.0239;46.2727,-0.0228;47.2290,-0.0216;48.1878,-0.0203;49.1482,-0.0190;50.1098,-0.0175;51.0720,-0.0159;52.0348,-0.0143;52.9979,-0.0125;53.9610,-0.0106;54.9241,-0.0088;55.8870,-0.0069;56.8496,-0.0051;57.8122,-0.0033;58.7749,-0.0015","0.8313,0.0007;1.6906,-0.0005;2.5522,-0.0015;3.4166,-0.0008;4.2811,-0.0023;5.1458,-0.0015;6.0098,0.0011;6.8775,0.0005;7.7524,0.0000;8.6333,-0.0001;9.5170,0.0016;10.3976,0.0033;11.2737,0.0031;12.1491,0.0034;13.0253,0.0040;13.9018,0.0054;14.7776,0.0075;15.6520,0.0085;16.5248,0.0085;17.3967,0.0102;18.2672,0.0126;19.1374,0.0147;20.0068,0.0168;20.8749,0.0186;21.7422,0.0207;22.6093,0.0235;23.4765,0.0258;24.3442,0.0280;25.2123,0.0303;26.0798,0.0328;26.9457,0.0357;27.8104,0.0377;28.6748,0.0400;29.5398,0.0424;30.4051,0.0456;31.2703,0.0489;32.1352,0.0512;32.9992,0.0543;33.8627,0.0578;34.7253,0.0616;35.5880,0.0660;36.4519,0.0697;37.3176,0.0744;38.1844,0.0789;39.0516,0.0835;39.9185,0.0880;40.7853,0.0916;41.6527,0.0960;42.5207,0.0997;43.3890,0.1036;44.2574,0.1075;45.1263,0.1112;45.9960,0.1150;46.8669,0.1179;47.7392,0.1211;48.6122,0.1239;49.4856,0.1265;50.3593,0.1289;51.2333,0.1312;52.1078,0.1340;52.9835,0.1367;53.8603,0.1394;54.7379,0.1418;55.6152,0.1437"
5cde5b3e-c171-41d6-9906-c10a2516601e,17100000,0,0,0.0,SKIPPED,,,,4580,8,10.914,Maintain speed due to green traffic light,2.3541,5.8171,"0.8853,0.0002;1.7663,0.0007;2.6452,0.0014;3.5237,0.0022;4.4033,0.0029;5.2849,0.0035;6.1690,0.0040;7.0560,0.0043;7.9463,0.0046;8.8404,0.0049;9.7389,0.0052;10.6426,0.0053;11.5525,0.0052;12.4694,0.0050;13.3939,0.0046;14.3260,0.0042;15.2654,0.0037;16.2116,0.0033;17.1640,0.0029;18.1221,0.0024;19.0853,0.0018;20.0528,0.0011;21.0239,0.0003;21.9977,-0.0006;22.9739,-0.0016;23.9519,-0.0026;24.9319,-0.0035;25.9139,-0.0044;26.8979,-0.0053;27.8837,-0.0061;28.8711,-0.0067;29.8597,-0.0072;30.8493,-0.0073;31.8395,-0.0072;32.8300,-0.0067;33.8202,-0.0058;34.8098,-0.0046;35.7987,-0.0030;36.7872,-0.0011;37.7759,0.0011;38.7650,0.0036;39.7544,0.0063;40.7441,0.0091;41.7341,0.0120;42.7247,0.0149;43.7161,0.0178;44.7084,0.0205;45.7017,0.0231;46.6955,0.0256;47.6895,0.0278;48.6834,0.0299;49.6771,0.0321;50.6706,0.0343;51.6636,0.0367;52.6558,0.0391;53.6470,0.0417;54.6370,0.0444;55.6259,0.0474;56.6141,0.0506;57.6020,0.0541;58.5897,0.0579;59.5766,0.0621;60.5622,0.0664;61.5454,0.0707","0.8567,-0.0004;1.7374,-0.0009;2.6135,-0.0032;3.4888,-0.0051;4.3650,-0.0067;5.2415,-0.0074;6.1173,-0.0075;6.9918,-0.0087;7.8645,-0.0109;8.7364,-0.0113;9.6069,-0.0111;10.4771,-0.0111;11.3466,-0.0112;12.2146,-0.0115;13.0820,-0.0115;13.9490,-0.0109;14.8162,-0.0108;15.6839,-0.0107;16.5520,-0.0105;17.4196,-0.0102;18.2854,-0.0094;19.1502,-0.0095;20.0146,-0.0094;20.8795,-0.0091;21.7449,-0.0081;22.6101,-0.0069;23.4750,-0.0067;24.3390,-0.0058;25.2025,-0.0044;26.0651,-0.0027;26.9278,-0.0005;27.7917,0.0011;28.6574,0.0036;29.5243,0.0060;30.3914,0.0084;31.2583,0.0108;32.1251,0.0123;32.9926,0.0145;33.8606,0.0161;34.7289,0.0178;35.5973,0.0196;36.4662,0.0212;37.3358,0.0228;38.2068,0.0236;39.0791,0.0246;39.9521,0.0253;40.8255,0.0257;41.6992,0.0259;42.5732,0.0260;43.4478,0.0266;44.3234,0.0272;45.2002,0.0278;46.0778,0.0280;46.9551,0.0277;47.8313,0.0276;48.7063,0.0279;49.5829,0.0280;50.4604,0.0287;51.3380,0.0295;52.2151,0.0301;53.0921,0.0310;53.9700,0.0316;54.8492,0.0321;55.7284,0.0329"
5cde5b3e-c171-41d6-9906-c10a2516601e,18100000,0,0,0.0,SKIPPED,,,,4580,9,11.018,Slow down due to an oncoming vehicle ahead,1.6778,5.8534,"0.8708,0.0000;1.7398,0.0000;2.6062,-0.0000;3.4695,-0.0000;4.3295,-0.0001;5.1865,-0.0001;6.0410,-0.0001;6.8936,-0.0002;7.7446,-0.0002;8.5939,-0.0001;9.4410,-0.0000;10.2853,0.0001;11.1262,0.0003;11.9637,0.0005;12.7979,0.0007;13.6296,0.0010;14.4591,0.0013;15.2868,0.0017;16.1125,0.0021;16.9357,0.0027;17.7559,0.0032;18.5732,0.0038;19.3877,0.0044;20.2000,0.0051;21.0103,0.0058;21.8187,0.0066;22.6249,0.0074;23.4286,0.0082;24.2297,0.0091;25.0281,0.0099;25.8239,0.0108;26.6173,0.0118;27.4083,0.0127;28.1969,0.0136;28.9832,0.0146;29.7670,0.0154;30.5484,0.0162;31.3274,0.0170;32.1040,0.0177;32.8784,0.0183;33.6505,0.0188;34.4204,0.0192;35.1879,0.0194;35.9532,0.0195;36.7162,0.0195;37.4772,0.0193;38.2359,0.0189;38.9919,0.0183;39.7440,0.0176;40.4909,0.0167;41.2313,0.0156;41.9642,0.0143;42.6889,0.0128;43.4051,0.0111;44.1125,0.0093;44.8102,0.0073;45.4971,0.0051;46.1721,0.0027;46.8339,0.0003;47.4817,-0.0023;48.1151,-0.0049;48.7335,-0.0077;49.3365,-0.0106;49.9236,-0.0136","0.8439,-0.0008;1.7141,-0.0020;2.5835,-0.0032;3.4516,-0.0046;4.3189,-0.0057;5.1860,-0.0062;6.0532,-0.0072;6.9209,-0.0082;7.7890,-0.0091;8.6565,-0.0099;9.5224,-0.0102;10.3871,-0.0114;11.2515,-0.0124;12.1165,-0.0132;12.9818,-0.0132;13.8471,-0.0132;14.7120,-0.0141;15.5759,-0.0143;16.4394,-0.0140;17.3021,-0.0134;18.1647,-0.0123;19.0287,-0.0117;19.8944,-0.0103;20.7612,-0.0091;21.6284,-0.0077;22.4953,-0.0065;23.3621,-0.0060;24.2295,-0.0049;25.0976,-0.0045;25.9658,-0.0039;26.8343,-0.0032;27.7032,-0.0027;28.5728,-0.0022;29.4438,-0.0025;30.3161,-0.0026;31.1891,-0.0030;32.0625,-0.0037;32.9362,-0.0046;33.8102,-0.0056;34.6847,-0.0061;35.5604,-0.0066;36.4372,-0.0072;37.3148,-0.0081;38.1921,-0.0095;39.0682,-0.0107;39.9433,-0.0115;40.8199,-0.0125;41.6974,-0.0129;42.5750,-0.0132;43.4521,-0.0137;44.3291,-0.0140;45.2070,-0.0145;46.0862,-0.0151;46.9654,-0.0154;47.8441,-0.0156;48.7225,-0.0160;49.6008,-0.0165;50.4806,-0.0169;51.3627,-0.0171;52.2454,-0.0172;53.1281,-0.0179;54.0106,-0.0193;54.8934,-0.0209;55.7770,-0.0220"
5cde5b3e-c171-41d6-9906-c10a2516601e,19100000,0,0,0.0,SKIPPED,,,,4580,14,12.516,Maintain speed due to an oncoming vehicle staying in the opposite lane,0.3759,1.7991,"0.8670,-0.0000;1.7327,-0.0000;2.5978,-0.0001;3.4627,-0.0001;4.3277,-0.0002;5.1928,-0.0002;6.0581,-0.0002;6.9233,-0.0001;7.7884,0.0000;8.6533,0.0002;9.5181,0.0005;10.3828,0.0008;11.2475,0.0012;12.1120,0.0016;12.9765,0.0020;13.8409,0.0024;14.7050,0.0028;15.5690,0.0031;16.4328,0.0033;17.2964,0.0034;18.1601,0.0034;19.0238,0.0033;19.8873,0.0032;20.7507,0.0031;21.6138,0.0029;22.4767,0.0027;23.3394,0.0026;24.2020,0.0026;25.0645,0.0026;25.9269,0.0029;26.7891,0.0033;27.6511,0.0038;28.5124,0.0046;29.3729,0.0054;30.2322,0.0065;31.0902,0.0077;31.9472,0.0091;32.8033,0.0106;33.6586,0.0122;34.5130,0.0140;35.3662,0.0159;36.2176,0.0177;37.0668,0.0196;37.9134,0.0213;38.7569,0.0230;39.5970,0.0245;40.4333,0.0258;41.2656,0.0268;42.0939,0.0276;42.9182,0.0281;43.7387,0.0283;44.5557,0.0280;45.3695,0.0273;46.1803,0.0262;46.9882,0.0245;47.7931,0.0224;48.5949,0.0198;49.3936,0.0168;50.1896,0.0134;50.9835,0.0095;51.7759,0.0051;52.5672,0.0002;53.3577,-0.0053;54.1470,-0.0114","0.8383,-0.0007;1.7031,-0.0024;2.5675,-0.0038;3.4325,-0.0050;4.2978,-0.0055;5.1630,-0.0059;6.0280,-0.0072;6.8919,-0.0079;7.7554,-0.0080;8.6180,-0.0078;9.4807,-0.0072;10.3447,-0.0071;11.2103,-0.0061;12.0772,-0.0053;12.9444,-0.0044;13.8113,-0.0035;14.6781,-0.0036;15.5455,-0.0029;16.4136,-0.0029;17.2818,-0.0027;18.1503,-0.0025;19.0192,-0.0024;19.8888,-0.0024;20.7598,-0.0031;21.6321,-0.0037;22.5051,-0.0045;23.3785,-0.0057;24.2522,-0.0070;25.1262,-0.0084;26.0007,-0.0094;26.8763,-0.0103;27.7532,-0.0113;28.6308,-0.0127;29.5081,-0.0145;30.3842,-0.0162;31.2592,-0.0174;32.1358,-0.0189;33.0134,-0.0197;33.8910,-0.0205;34.7681,-0.0214;35.6451,-0.0221;36.5229,-0.0231;37.4021,-0.0241;38.2813,-0.0249;39.1601,-0.0256;40.0384,-0.0264;40.9167,-0.0273;41.7965,-0.0282;42.6787,-0.0288;43.5614,-0.0293;44.4440,-0.0305;45.3265,-0.0323;46.2094,-0.0343;47.0929,-0.0360;47.9775,-0.0367;48.8619,-0.0389;49.7460,-0.0411;50.6302,-0.0419;51.5152,-0.0424;52.4015,-0.0436;53.2879,-0.0448;54.1745,-0.0445;55.0606,-0.0433;55.9459,-0.0423"
682fed39-be2a-4949-8d04-21529678ffca,5100000,0,0,0.0,SKIPPED,,,,4580,18,13.704,Nudge to the left in the same lane to pass the stopped truck blocking the lane.,1.3244,0.6235,"0.7047,0.0001;1.3883,0.0003;2.0512,0.0006;2.6934,0.0010;3.3149,0.0015;3.9156,0.0020;4.4954,0.0026;5.0538,0.0032;5.5910,0.0038;6.1066,0.0042;6.6009,0.0045;7.0737,0.0048;7.5253,0.0049;7.9559,0.0050;8.3658,0.0050;8.7555,0.0051;9.1254,0.0053;9.4762,0.0055;9.8088,0.0058;10.1249,0.0062;10.4264,0.0068;10.7152,0.0075;10.9929,0.0083;11.2608,0.0092;11.5199,0.0103;11.7717,0.0115;12.0175,0.0128;12.2587,0.0142;12.4964,0.0157;12.7313,0.0174;12.9637,0.0192;13.1941,0.0210;13.4225,0.0230;13.6495,0.0250;13.8755,0.0272;14.1010,0.0296;14.3272,0.0322;14.5548,0.0351;14.7851,0.0384;15.0185,0.0423;15.2551,0.0470;15.4939,0.0527;15.7339,0.0594;15.9738,0.0673;16.2129,0.0764;16.4507,0.0867;16.6868,0.0983;16.9208,0.1112;17.1527,0.1251;17.3824,0.1399;17.6101,0.1556;17.8356,0.1720;18.0587,0.1886;18.2786,0.2054;18.4942,0.2221;18.7042,0.2382;18.9077,0.2538;19.1036,0.2686;19.2914,0.2825;19.4705,0.2956;19.6405,0.3077;19.8009,0.3190;19.9512,0.3293;20.0908,0.3386","0.6358,-0.0018;1.3160,-0.0027;1.9725,-0.0027;2.6061,-0.0033;3.2222,-0.0029;3.8228,-0.0016;4.4069,-0.0002;4.9769,0.0017;5.5359,0.0053;6.0837,0.0100;6.6194,0.0142;7.1449,0.0239;7.6606,0.0341;8.1678,0.0464;8.6683,0.0608;9.1625,0.0786;9.6494,0.0997;10.1299,0.1231;10.6039,0.1468;11.0684,0.1747;11.5233,0.2017;11.9679,0.2300;12.4021,0.2596;12.8256,0.2883;13.2367,0.3179;13.6344,0.3476;14.0177,0.3764;14.3865,0.4048;14.7405,0.4324;15.0798,0.4593;15.4041,0.4853;15.7136,0.5114;16.0071,0.5357;16.2843,0.5583;16.5450,0.5803;16.7912,0.6004;17.0227,0.6194;17.2396,0.6364;17.4411,0.6522;17.6281,0.6666;17.7998,0.6798;17.9575,0.6916;18.1011,0.7022;18.2311,0.7116;18.3515,0.7201;18.4672,0.7282;18.5800,0.7359;18.6902,0.7432;18.7987,0.7502;18.9073,0.7570;19.0165,0.7637;19.1260,0.7702;19.2352,0.7763;19.3443,0.7823;19.4537,0.7880;19.5634,0.7935;19.6741,0.7988;19.7855,0.8038;19.8977,0.8087;20.0107,0.8132;20.1244,0.8174;20.2396,0.8213;20.3571,0.8250;20.4768,0.8283"
682fed39-be2a-4949-8d04-21529678ffca,6100000,0,0,0.0,SKIPPED,,,,4580,15,12.767,Nudge to the left to pass the stopped delivery truck blocking the lane.,0.419,1.6039,"0.5363,0.0007;1.0593,0.0027;1.5696,0.0060;2.0677,0.0106;2.5536,0.0165;3.0272,0.0235;3.4883,0.0314;3.9369,0.0402;4.3734,0.0496;4.7979,0.0596;5.2109,0.0701;5.6127,0.0809;6.0038,0.0922;6.3846,0.1039;6.7554,0.1160;7.1164,0.1286;7.4679,0.1416;7.8096,0.1549;8.1415,0.1685;8.4633,0.1822;8.7745,0.1958;9.0746,0.2092;9.3628,0.2223;9.6385,0.2349;9.9013,0.2468;10.1512,0.2581;10.3890,0.2687;10.6162,0.2787;10.8350,0.2881;11.0473,0.2971;11.2544,0.3057;11.4565,0.3140;11.6535,0.3220;11.8446,0.3296;12.0288,0.3370;12.2053,0.3439;12.3734,0.3506;12.5329,0.3568;12.6836,0.3627;12.8256,0.3683;12.9590,0.3735;13.0839,0.3784;13.2005,0.3830;13.3091,0.3873;13.4095,0.3913;13.5019,0.3950;13.5860,0.3984;13.6618,0.4014;13.7294,0.4042;13.7891,0.4066;13.8419,0.4087;13.8890,0.4107;13.9311,0.4124;13.9690,0.4140;14.0029,0.4154;14.0328,0.4166;14.0589,0.4177;14.0814,0.4186;14.1006,0.4194;14.1166,0.4201;14.1293,0.4206;14.1387,0.4210;14.1448,0.4213;14.1476,0.4214","0.4845,-0.0020;1.0100,0.0014;1.5258,0.0055;2.0331,0.0119;2.5338,0.0204;3.0282,0.0323;3.5153,0.0476;3.9960,0.0654;4.4702,0.0835;4.9351,0.1059;5.3902,0.1275;5.8351,0.1506;6.2697,0.1751;6.6935,0.1988;7.1049,0.2235;7.5030,0.2485;7.8865,0.2728;8.2556,0.2968;8.6100,0.3202;8.9495,0.3431;9.2741,0.3653;9.5839,0.3877;9.8777,0.4086;10.1551,0.4279;10.4161,0.4468;10.6625,0.4640;10.8941,0.4802;11.1113,0.4947;11.3129,0.5081;11.5001,0.5204;11.6719,0.5315;11.8297,0.5414;11.9735,0.5503;12.1036,0.5582;12.2241,0.5653;12.3399,0.5720;12.4527,0.5784;12.5630,0.5844;12.6716,0.5901;12.7803,0.5956;12.8896,0.6010;12.9991,0.6062;13.1083,0.6111;13.2175,0.6157;13.3270,0.6201;13.4367,0.6243;13.5475,0.6283;13.6589,0.6321;13.7712,0.6356;13.8843,0.6387;13.9980,0.6416;14.1133,0.6442;14.2308,0.6465;14.3505,0.6484;14.4728,0.6500;14.5983,0.6512;14.7277,0.6519;14.8611,0.6522;14.9989,0.6520;15.1408,0.6513;15.2857,0.6500;15.4335,0.6480;15.5839,0.6455;15.7362,0.6424"
682fed39-be2a-4949-8d04-21529678ffca,7100000,0,0,0.0,SKIPPED,,,,4580,14,12.63,Yield due to pedestrians standing in the lane next to a parked truck,4.4885,11.5227,"0.4510,0.0009;0.8822,0.0032;1.2942,0.0067;1.6874,0.0109;2.0622,0.0157;2.4187,0.0206;2.7580,0.0255;3.0819,0.0303;3.3935,0.0349;3.6963,0.0393;3.9931,0.0433;4.2855,0.0468;4.5738,0.0498;4.8583,0.0522;5.1393,0.0539;5.4174,0.0548;5.6938,0.0548;5.9702,0.0541;6.2482,0.0525;6.5302,0.0501;6.8188,0.0469;7.1175,0.0429;7.4298,0.0380;7.7591,0.0323;8.1084,0.0259;8.4800,0.0188;8.8753,0.0112;9.2942,0.0034;9.7346,-0.0045;10.1928,-0.0117;10.6642,-0.0178;11.1445,-0.0219;11.6303,-0.0233;12.1192,-0.0212;12.6096,-0.0151;13.1005,-0.0044;13.5909,0.0109;14.0803,0.0307;14.5678,0.0543;15.0523,0.0813;15.5324,0.1107;16.0069,0.1416;16.4744,0.1733;16.9334,0.2048;17.3826,0.2354;17.8209,0.2644;18.2472,0.2910;18.6611,0.3146;19.0621,0.3347;19.4505,0.3508;19.8264,0.3627;20.1898,0.3703;20.5412,0.3737;20.8811,0.3730;21.2100,0.3687;21.5287,0.3609;21.8379,0.3503;22.1380,0.3371;22.4301,0.3219;22.7149,0.3050;22.9936,0.2868;23.2672,0.2676;23.5364,0.2478;23.8013,0.2277","0.4119,-0.0011;0.8574,-0.0003;1.2927,0.0025;1.7171,0.0051;2.1293,0.0092;2.5281,0.0143;2.9124,0.0195;3.2822,0.0251;3.6373,0.0308;3.9775,0.0368;4.3028,0.0427;4.6134,0.0496;4.9078,0.0559;5.1859,0.0613;5.4475,0.0672;5.6944,0.0721;5.9266,0.0767;6.1442,0.0804;6.3463,0.0837;6.5338,0.0866;6.7060,0.0892;6.8641,0.0912;7.0081,0.0929;7.1384,0.0943;7.2591,0.0954;7.3751,0.0963;7.4881,0.0971;7.5986,0.0975;7.7073,0.0978;7.8162,0.0980;7.9256,0.0979;8.0352,0.0976;8.1446,0.0970;8.2538,0.0962;8.3634,0.0952;8.4732,0.0939;8.5840,0.0924;8.6955,0.0906;8.8078,0.0884;8.9209,0.0860;9.0346,0.0832;9.1499,0.0800;9.2674,0.0764;9.3870,0.0724;9.5093,0.0679;9.6346,0.0628;9.7639,0.0571;9.8972,0.0507;10.0348,0.0437;10.1765,0.0358;10.3212,0.0273;10.4687,0.0180;10.6187,0.0080;10.7707,-0.0027;10.9238,-0.0140;11.0781,-0.0261;11.2327,-0.0387;11.3871,-0.0518;11.5412,-0.0654;11.6945,-0.0794;11.8464,-0.0938;11.9958,-0.1085;12.1421,-0.1233;12.2844,-0.1383"
682fed39-be2a-4949-8d04-21529678ffca,8100000,0,0,0.0,SKIPPED,,,,4580,10,11.443,Yield due to a pedestrian crossing the road ahead,1.1448,0.6226,"0.3258,0.0002;0.6375,0.0006;0.9349,0.0011;1.2186,0.0017;1.4894,0.0022;1.7487,0.0024;1.9987,0.0024;2.2412,0.0019;2.4775,0.0008;2.7081,-0.0009;2.9332,-0.0036;3.1529,-0.0072;3.3676,-0.0120;3.5777,-0.0180;3.7833,-0.0253;3.9846,-0.0338;4.1816,-0.0434;4.3742,-0.0540;4.5625,-0.0653;4.7466,-0.0771;4.9270,-0.0893;5.1043,-0.1016;5.2792,-0.1141;5.4522,-0.1265;5.6238,-0.1388;5.7943,-0.1509;5.9640,-0.1628;6.1332,-0.1744;6.3020,-0.1856;6.4706,-0.1965;6.6392,-0.2071;6.8079,-0.2172;6.9769,-0.2270;7.1461,-0.2364;7.3158,-0.2453;7.4858,-0.2538;7.6563,-0.2617;7.8270,-0.2692;7.9974,-0.2760;8.1666,-0.2821;8.3328,-0.2876;8.4940,-0.2922;8.6479,-0.2961;8.7926,-0.2993;8.9265,-0.3018;9.0486,-0.3038;9.1589,-0.3053;9.2577,-0.3065;9.3461,-0.3074;9.4257,-0.3082;9.4984,-0.3087;9.5655,-0.3092;9.6282,-0.3097;9.6870,-0.3100;9.7419,-0.3104;9.7929,-0.3107;9.8396,-0.3109;9.8818,-0.3112;9.9195,-0.3114;9.9528,-0.3116;9.9821,-0.3118;10.0081,-0.3119;10.0319,-0.3121;10.0544,-0.3122","0.2940,-0.0009;0.6047,-0.0007;0.8992,-0.0007;1.1773,-0.0012;1.4389,-0.0009;1.6859,-0.0013;1.9182,-0.0016;2.1358,-0.0026;2.3379,-0.0036;2.5255,-0.0047;2.6976,-0.0058;2.8557,-0.0071;2.9998,-0.0085;3.1301,-0.0099;3.2508,-0.0114;3.3668,-0.0129;3.4798,-0.0146;3.5902,-0.0165;3.6990,-0.0185;3.8078,-0.0207;3.9171,-0.0231;4.0267,-0.0258;4.1361,-0.0286;4.2453,-0.0318;4.3548,-0.0352;4.4645,-0.0388;4.5753,-0.0427;4.6868,-0.0469;4.7990,-0.0514;4.9120,-0.0563;5.0256,-0.0615;5.1408,-0.0671;5.2582,-0.0732;5.3777,-0.0798;5.4999,-0.0869;5.6251,-0.0947;5.7542,-0.1031;5.8873,-0.1123;6.0247,-0.1223;6.1662,-0.1332;6.3107,-0.1448;6.4580,-0.1572;6.6078,-0.1704;6.7595,-0.1844;6.9123,-0.1990;7.0664,-0.2144;7.2206,-0.2302;7.3747,-0.2467;7.5284,-0.2635;7.6814,-0.2808;7.8330,-0.2984;7.9821,-0.3163;8.1279,-0.3343;8.2700,-0.3523;8.4082,-0.3701;8.5422,-0.3879;8.6724,-0.4053;8.7987,-0.4224;8.9210,-0.4389;9.0385,-0.4549;9.1513,-0.4703;9.2598,-0.4851;9.3645,-0.4993;9.4651,-0.5130"
682fed39-be2a-4949-8d04-21529678ffca,9100000,0,0,0.0,SKIPPED,,,,4580,14,12.627,Nudge to the left to pass the stopped van blocking the lane.,0.7261,0.0174,"0.1770,-0.0001;0.3487,-0.0006;0.5162,-0.0014;0.6801,-0.0027;0.8410,-0.0046;0.9989,-0.0070;1.1541,-0.0100;1.3066,-0.0138;1.4565,-0.0182;1.6041,-0.0234;1.7498,-0.0292;1.8941,-0.0359;2.0379,-0.0433;2.1819,-0.0516;2.3269,-0.0608;2.4735,-0.0709;2.6222,-0.0821;2.7735,-0.0943;2.9279,-0.1077;3.0858,-0.1224;3.2473,-0.1384;3.4125,-0.1556;3.5812,-0.1741;3.7532,-0.1939;3.9285,-0.2148;4.1069,-0.2367;4.2881,-0.2596;4.4717,-0.2831;4.6569,-0.3070;4.8432,-0.3311;5.0296,-0.3549;5.2151,-0.3782;5.3986,-0.4005;5.5784,-0.4215;5.7530,-0.4409;5.9207,-0.4583;6.0799,-0.4737;6.2296,-0.4871;6.3693,-0.4984;6.4990,-0.5080;6.6189,-0.5159;6.7292,-0.5224;6.8302,-0.5277;6.9221,-0.5320;7.0052,-0.5354;7.0801,-0.5381;7.1472,-0.5403;7.2070,-0.5420;7.2599,-0.5433;7.3064,-0.5444;7.3470,-0.5452;7.3825,-0.5459;7.4139,-0.5465;7.4420,-0.5469;7.4674,-0.5473;7.4904,-0.5477;7.5117,-0.5480;7.5316,-0.5483;7.5509,-0.5486;7.5700,-0.5488;7.5890,-0.5491;7.6082,-0.5494;7.6274,-0.5496;7.6469,-0.5499","0.1551,-0.0002;0.3132,-0.0007;0.4573,-0.0013;0.5876,-0.0021;0.7083,-0.0029;0.8243,-0.0038;0.9373,-0.0049;1.0478,-0.0062;1.1565,-0.0077;1.2653,-0.0093;1.3747,-0.0111;1.4843,-0.0132;1.5936,-0.0155;1.7029,-0.0181;1.8124,-0.0209;1.9222,-0.0239;2.0330,-0.0273;2.1444,-0.0309;2.2567,-0.0348;2.3697,-0.0391;2.4834,-0.0437;2.5986,-0.0488;2.7160,-0.0542;2.8355,-0.0602;2.9577,-0.0667;3.0830,-0.0738;3.2122,-0.0815;3.3453,-0.0900;3.4828,-0.0993;3.6243,-0.1094;3.7689,-0.1203;3.9162,-0.1320;4.0661,-0.1444;4.2178,-0.1575;4.3707,-0.1713;4.5249,-0.1859;4.6792,-0.2010;4.8334,-0.2166;4.9872,-0.2326;5.1403,-0.2491;5.2920,-0.2659;5.4411,-0.2830;5.5871,-0.3002;5.7292,-0.3175;5.8675,-0.3347;6.0016,-0.3517;6.1319,-0.3685;6.2583,-0.3849;6.3806,-0.4008;6.4982,-0.4161;6.6112,-0.4309;6.7197,-0.4451;6.8245,-0.4588;6.9251,-0.4720;7.0213,-0.4845;7.1126,-0.4964;7.1989,-0.5077;7.2805,-0.5184;7.3574,-0.5284;7.4288,-0.5377;7.4941,-0.5462;7.5528,-0.5539;7.6050,-0.5607;7.6512,-0.5667"
682fed39-be2a-4949-8d04-21529678ffca,10100000,0,0,0.0,SKIPPED,,,,4580,14,12.74,Nudge left due to the pedestrian stepping into the lane from the right,1.0559,2.9728,"0.1084,-0.0001;0.2162,-0.0003;0.3236,-0.0007;0.4307,-0.0014;0.5379,-0.0023;0.6461,-0.0035;0.7564,-0.0051;0.8703,-0.0072;0.9890,-0.0098;1.1133,-0.0132;1.2436,-0.0174;1.3798,-0.0226;1.5218,-0.0290;1.6696,-0.0366;1.8232,-0.0456;1.9826,-0.0563;2.1478,-0.0687;2.3190,-0.0830;2.4962,-0.0994;2.6795,-0.1182;2.8689,-0.1396;3.0641,-0.1636;3.2647,-0.1905;3.4696,-0.2204;3.6777,-0.2532;3.8876,-0.2888;4.0982,-0.3272;4.3089,-0.3682;4.5190,-0.4118;4.7281,-0.4575;4.9356,-0.5051;5.1403,-0.5540;5.3410,-0.6035;5.5365,-0.6528;5.7256,-0.7011;5.9075,-0.7478;6.0820,-0.7925;6.2487,-0.8350;6.4076,-0.8749;6.5590,-0.9124;6.7031,-0.9474;6.8399,-0.9799;6.9696,-1.0102;7.0923,-1.0382;7.2080,-1.0640;7.3169,-1.0878;7.4202,-1.1098;7.5194,-1.1305;7.6165,-1.1503;7.7130,-1.1695;7.8097,-1.1883;7.9068,-1.2065;8.0046,-1.2243;8.1037,-1.2417;8.2052,-1.2589;8.3110,-1.2760;8.4230,-1.2931;8.5434,-1.3105;8.6743,-1.3281;8.8176,-1.3457;8.9747,-1.3631;9.1469,-1.3798;9.3350,-1.3952;9.5395,-1.4086","0.0990,-0.0001;0.2086,-0.0004;0.3180,-0.0010;0.4273,-0.0018;0.5368,-0.0029;0.6466,-0.0042;0.7575,-0.0058;0.8690,-0.0076;0.9813,-0.0097;1.0943,-0.0122;1.2080,-0.0150;1.3233,-0.0182;1.4408,-0.0218;1.5604,-0.0259;1.6827,-0.0304;1.8081,-0.0355;1.9374,-0.0413;2.0706,-0.0476;2.2082,-0.0547;2.3499,-0.0626;2.4946,-0.0711;2.6421,-0.0805;2.7922,-0.0905;2.9441,-0.1012;3.0972,-0.1126;3.2516,-0.1247;3.4061,-0.1373;3.5605,-0.1505;3.7146,-0.1641;3.8679,-0.1781;4.0198,-0.1925;4.1692,-0.2072;4.3155,-0.2221;4.4578,-0.2371;4.5964,-0.2521;4.7307,-0.2670;4.8613,-0.2817;4.9879,-0.2961;5.1105,-0.3100;5.2283,-0.3235;5.3415,-0.3365;5.4503,-0.3490;5.5552,-0.3610;5.6561,-0.3725;5.7524,-0.3835;5.8439,-0.3940;5.9304,-0.4040;6.0121,-0.4133;6.0892,-0.4221;6.1607,-0.4303;6.2261,-0.4377;6.2849,-0.4445;6.3373,-0.4505;6.3835,-0.4558;6.4243,-0.4604;6.4620,-0.4647;6.4981,-0.4689;6.5331,-0.4730;6.5671,-0.4769;6.6002,-0.4808;6.6322,-0.4846;6.6629,-0.4883;6.6890,-0.4914;6.7109,-0.4941"
682fed39-be2a-4949-8d04-21529678ffca,11100000,0,0,0.0,SKIPPED,,,,4580,10,11.54,Slow down due to the stopped van blocking the lane,0.8093,1.6505,"0.1143,-0.0002;0.2302,-0.0008;0.3478,-0.0018;0.4670,-0.0032;0.5878,-0.0051;0.7100,-0.0075;0.8334,-0.0105;0.9579,-0.0140;1.0831,-0.0180;1.2091,-0.0226;1.3357,-0.0279;1.4629,-0.0337;1.5905,-0.0401;1.7185,-0.0472;1.8468,-0.0549;1.9749,-0.0632;2.1025,-0.0721;2.2288,-0.0815;2.3532,-0.0913;2.4749,-0.1015;2.5931,-0.1118;2.7074,-0.1223;2.8176,-0.1328;2.9236,-0.1432;3.0254,-0.1536;3.1231,-0.1638;3.2163,-0.1738;3.3051,-0.1835;3.3890,-0.1928;3.4679,-0.2017;3.5416,-0.2101;3.6099,-0.2180;3.6729,-0.2253;3.7302,-0.2320;3.7820,-0.2380;3.8282,-0.2434;3.8688,-0.2482;3.9038,-0.2524;3.9333,-0.2559;3.9574,-0.2587;3.9760,-0.2609;3.9892,-0.2625;3.9977,-0.2635;4.0027,-0.2641;4.0057,-0.2644;4.0080,-0.2647;4.0099,-0.2649;4.0112,-0.2651;4.0119,-0.2652;4.0122,-0.2652;4.0125,-0.2652;4.0128,-0.2653;4.0132,-0.2653;4.0136,-0.2654;4.0140,-0.2654;4.0146,-0.2655;4.0154,-0.2656;4.0165,-0.2657;4.0179,-0.2659;4.0197,-0.2661;4.0219,-0.2664;4.0245,-0.2667;4.0273,-0.2670;4.0304,-0.2674","0.1029,-0.0002;0.2182,-0.0007;0.3358,-0.0015;0.4554,-0.0028;0.5778,-0.0045;0.7032,-0.0066;0.8326,-0.0093;0.9660,-0.0126;1.1037,-0.0165;1.2455,-0.0210;1.3904,-0.0262;1.5381,-0.0321;1.6883,-0.0386;1.8405,-0.0458;1.9938,-0.0536;2.1484,-0.0621;2.3032,-0.0710;2.4579,-0.0806;2.6122,-0.0906;2.7658,-0.1010;2.9180,-0.1119;3.0677,-0.1231;3.2143,-0.1346;3.3570,-0.1463;3.4958,-0.1580;3.6305,-0.1697;3.7613,-0.1814;3.8883,-0.1928;4.0112,-0.2039;4.1293,-0.2146;4.2427,-0.2250;4.3518,-0.2349;4.4569,-0.2445;4.5581,-0.2536;4.6546,-0.2624;4.7464,-0.2707;4.8330,-0.2786;4.9149,-0.2861;4.9922,-0.2931;5.0639,-0.2996;5.1295,-0.3055;5.1884,-0.3109;5.2409,-0.3156;5.2873,-0.3198;5.3282,-0.3235;5.3659,-0.3270;5.4021,-0.3303;5.4372,-0.3335;5.4713,-0.3367;5.5044,-0.3398;5.5366,-0.3429;5.5673,-0.3458;5.5935,-0.3484;5.6154,-0.3505;5.6333,-0.3522;5.6475,-0.3536;5.6599,-0.3548;5.6696,-0.3557;5.6752,-0.3563;5.6784,-0.3566;5.6798,-0.3568;5.6801,-0.3568;5.6796,-0.3567;5.6785,-0.3566"
682fed39-be2a-4949-8d04-21529678ffca,12100000,0,0,0.0,SKIPPED,,,,4580,10,11.225,Slow down due to a stopped vehicle blocking the lane,0.5252,0.6082,"0.1472,-0.0003;0.3005,-0.0014;0.4598,-0.0033;0.6248,-0.0062;0.7950,-0.0101;0.9699,-0.0150;1.1490,-0.0212;1.3321,-0.0286;1.5182,-0.0372;1.7066,-0.0470;1.8965,-0.0581;2.0870,-0.0703;2.2772,-0.0835;2.4660,-0.0977;2.6525,-0.1125;2.8354,-0.1278;3.0137,-0.1432;3.1861,-0.1587;3.3516,-0.1739;3.5092,-0.1887;3.6584,-0.2028;3.7989,-0.2162;3.9306,-0.2289;4.0538,-0.2408;4.1686,-0.2519;4.2749,-0.2622;4.3724,-0.2716;4.4610,-0.2802;4.5402,-0.2879;4.6096,-0.2946;4.6688,-0.3003;4.7177,-0.3050;4.7565,-0.3088;4.7861,-0.3116;4.8084,-0.3138;4.8259,-0.3155;4.8406,-0.3169;4.8536,-0.3181;4.8645,-0.3192;4.8732,-0.3200;4.8798,-0.3207;4.8853,-0.3212;4.8904,-0.3217;4.8956,-0.3222;4.9008,-0.3227;4.9060,-0.3232;4.9113,-0.3237;4.9166,-0.3242;4.9220,-0.3247;4.9275,-0.3252;4.9331,-0.3258;4.9388,-0.3263;4.9445,-0.3269;4.9502,-0.3274;4.9560,-0.3280;4.9618,-0.3285;4.9676,-0.3291;4.9735,-0.3297;4.9795,-0.3302;4.9855,-0.3308;4.9916,-0.3314;4.9978,-0.3320;5.0043,-0.3326;5.0110,-0.3333","0.1312,-0.0003;0.2790,-0.0011;0.4294,-0.0026;0.5817,-0.0046;0.7352,-0.0072;0.8900,-0.0105;1.0450,-0.0142;1.1999,-0.0185;1.3545,-0.0232;1.5084,-0.0284;1.6609,-0.0342;1.8109,-0.0403;1.9577,-0.0468;2.1007,-0.0536;2.2399,-0.0606;2.3749,-0.0678;2.5060,-0.0750;2.6333,-0.0821;2.7565,-0.0890;2.8749,-0.0957;2.9886,-0.1022;3.0979,-0.1085;3.2034,-0.1145;3.3047,-0.1202;3.4015,-0.1257;3.4935,-0.1309;3.5804,-0.1359;3.6625,-0.1405;3.7400,-0.1449;3.8119,-0.1489;3.8776,-0.1527;3.9367,-0.1561;3.9893,-0.1590;4.0358,-0.1616;4.0768,-0.1639;4.1146,-0.1661;4.1509,-0.1682;4.1861,-0.1702;4.2203,-0.1723;4.2535,-0.1743;4.2857,-0.1762;4.3165,-0.1781;4.3428,-0.1798;4.3648,-0.1811;4.3827,-0.1822;4.3970,-0.1831;4.4094,-0.1839;4.4191,-0.1845;4.4247,-0.1849;4.4279,-0.1851;4.4294,-0.1852;4.4297,-0.1853;4.4291,-0.1852;4.4281,-0.1852;4.4265,-0.1851;4.4243,-0.1849;4.4222,-0.1848;4.4214,-0.1847;4.4213,-0.1847;4.4213,-0.1847;4.4213,-0.1847;4.4213,-0.1847;4.4213,-0.1847;4.4213,-0.1847"
682fed39-be2a-4949-8d04-21529678ffca,13100000,0,0,0.0,SKIPPED,,,,4580,10,11.225,Stop due to the stopped van blocking the lane ahead,0.528,0.9684,"0.1527,-0.0003;0.3038,-0.0011;0.4531,-0.0025;0.6007,-0.0044;0.7465,-0.0068;0.8903,-0.0095;1.0322,-0.0127;1.1720,-0.0163;1.3100,-0.0201;1.4458,-0.0243;1.5794,-0.0286;1.7104,-0.0332;1.8381,-0.0379;1.9619,-0.0426;2.0811,-0.0472;2.1952,-0.0518;2.3038,-0.0562;2.4064,-0.0604;2.5031,-0.0643;2.5938,-0.0680;2.6787,-0.0715;2.7586,-0.0748;2.8339,-0.0778;2.9052,-0.0807;2.9729,-0.0834;3.0374,-0.0859;3.0987,-0.0884;3.1570,-0.0907;3.2124,-0.0928;3.2650,-0.0949;3.3149,-0.0968;3.3621,-0.0986;3.4065,-0.1003;3.4482,-0.1019;3.4871,-0.1034;3.5230,-0.1047;3.5561,-0.1060;3.5864,-0.1071;3.6138,-0.1082;3.6382,-0.1091;3.6595,-0.1099;3.6775,-0.1106;3.6918,-0.1111;3.7027,-0.1115;3.7109,-0.1118;3.7175,-0.1121;3.7236,-0.1123;3.7299,-0.1125;3.7364,-0.1128;3.7430,-0.1130;3.7495,-0.1133;3.7560,-0.1135;3.7624,-0.1137;3.7688,-0.1140;3.7752,-0.1142;3.7816,-0.1144;3.7880,-0.1147;3.7943,-0.1149;3.8007,-0.1152;3.8075,-0.1154;3.8158,-0.1157;3.8272,-0.1161;3.8438,-0.1168;3.8682,-0.1177","0.1380,-0.0003;0.2881,-0.0010;0.4351,-0.0023;0.5782,-0.0039;0.7176,-0.0060;0.8527,-0.0083;0.9841,-0.0108;1.1115,-0.0134;1.2349,-0.0158;1.3534,-0.0183;1.4673,-0.0208;1.5768,-0.0231;1.6824,-0.0253;1.7839,-0.0274;1.8808,-0.0294;1.9729,-0.0313;2.0600,-0.0332;2.1422,-0.0349;2.2198,-0.0365;2.2917,-0.0379;2.3576,-0.0393;2.4167,-0.0406;2.4694,-0.0417;2.5159,-0.0426;2.5570,-0.0435;2.5949,-0.0443;2.6313,-0.0451;2.6665,-0.0458;2.7007,-0.0466;2.7340,-0.0474;2.7663,-0.0482;2.7971,-0.0490;2.8234,-0.0497;2.8454,-0.0503;2.8634,-0.0508;2.8777,-0.0512;2.8901,-0.0515;2.8998,-0.0518;2.9054,-0.0519;2.9087,-0.0520;2.9101,-0.0521;2.9104,-0.0521;2.9099,-0.0521;2.9088,-0.0521;2.9073,-0.0520;2.9051,-0.0520;2.9029,-0.0519;2.9022,-0.0519;2.9020,-0.0519;2.9020,-0.0519;2.9020,-0.0519;2.9020,-0.0519;2.9020,-0.0519;2.9020,-0.0519;2.9020,-0.0519;2.9020,-0.0519;2.9020,-0.0519;2.9020,-0.0519;2.9020,-0.0519;2.9020,-0.0519;2.9020,-0.0519;2.9020,-0.0519;2.9020,-0.0519;2.9020,-0.0519"
682fed39-be2a-4949-8d04-21529678ffca,14100000,0,0,0.0,SKIPPED,,,,4580,9,10.955,Stop to keep distance to the lead vehicle.,0.4716,0.7936,"0.1135,-0.0000;0.2212,-0.0001;0.3224,-0.0002;0.4162,-0.0003;0.5023,-0.0005;0.5804,-0.0006;0.6506,-0.0007;0.7131,-0.0009;0.7683,-0.0010;0.8168,-0.0011;0.8593,-0.0012;0.8965,-0.0013;0.9289,-0.0014;0.9567,-0.0015;0.9802,-0.0016;0.9995,-0.0016;1.0145,-0.0017;1.0249,-0.0017;1.0303,-0.0017;1.0309,-0.0017;1.0277,-0.0017;1.0221,-0.0017;1.0155,-0.0017;1.0087,-0.0017;1.0017,-0.0016;0.9944,-0.0016;0.9869,-0.0016;0.9794,-0.0016;0.9719,-0.0015;0.9644,-0.0015;0.9569,-0.0015;0.9494,-0.0015;0.9419,-0.0015;0.9343,-0.0014;0.9267,-0.0014;0.9191,-0.0014;0.9115,-0.0014;0.9041,-0.0013;0.8967,-0.0013;0.8893,-0.0013;0.8820,-0.0013;0.8748,-0.0013;0.8676,-0.0012;0.8604,-0.0012;0.8532,-0.0012;0.8460,-0.0012;0.8387,-0.0012;0.8315,-0.0011;0.8243,-0.0011;0.8170,-0.0011;0.8098,-0.0011;0.8026,-0.0010;0.7954,-0.0010;0.7882,-0.0010;0.7809,-0.0010;0.7736,-0.0010;0.7663,-0.0009;0.7589,-0.0009;0.7515,-0.0009;0.7442,-0.0009;0.7368,-0.0009;0.7294,-0.0008;0.7219,-0.0008;0.7144,-0.0008","0.1027,-0.0001;0.2123,-0.0001;0.3179,-0.0001;0.4194,-0.0001;0.5163,-0.0000;0.6085,-0.0001;0.6955,-0.0001;0.7778,-0.0001;0.8554,-0.0001;0.9273,-0.0000;0.9932,-0.0000;1.0523,-0.0001;1.1050,-0.0000;1.1516,-0.0000;1.1927,0.0000;1.2306,-0.0000;1.2670,-0.0000;1.3022,-0.0001;1.3364,-0.0002;1.3697,-0.0003;1.4020,-0.0004;1.4328,-0.0006;1.4592,-0.0007;1.4812,-0.0008;1.4992,-0.0009;1.5134,-0.0010;1.5258,-0.0011;1.5356,-0.0011;1.5412,-0.0012;1.5444,-0.0012;1.5459,-0.0013;1.5462,-0.0013;1.5457,-0.0013;1.5446,-0.0013;1.5431,-0.0013;1.5408,-0.0013;1.5387,-0.0012;1.5379,-0.0012;1.5378,-0.0012;1.5378,-0.0012;1.5378,-0.0012;1.5378,-0.0012;1.5378,-0.0012;1.5378,-0.0012;1.5378,-0.0012;1.5378,-0.0012;1.5378,-0.0012;1.5378,-0.0012;1.5378,-0.0012;1.5378,-0.0012;1.5378,-0.0012;1.5378,-0.0012;1.5378,-0.0012;1.5378,-0.0012;1.5378,-0.0012;1.5378,-0.0012;1.5378,-0.0012;1.5378,-0.0012;1.5378,-0.0012;1.5378,-0.0012"
682fed39-be2a-4949-8d04-21529678ffca,15100000,0,0,0.0,SKIPPED,,,,4580,11,11.545,Stop to keep distance to the stopped lead vehicle ahead.,0.2572,0.5083,"0.0662,-0.0000;0.1265,-0.0000;0.1813,-0.0000;0.2311,-0.0000;0.2763,-0.0000;0.3174,-0.0001;0.3551,-0.0001;0.3903,-0.0001;0.4238,-0.0001;0.4562,-0.0001;0.4880,-0.0002;0.5197,-0.0002;0.5512,-0.0002;0.5824,-0.0003;0.6134,-0.0003;0.6441,-0.0004;0.6744,-0.0004;0.7044,-0.0004;0.7340,-0.0005;0.7630,-0.0005;0.7912,-0.0006;0.8181,-0.0006;0.8436,-0.0007;0.8671,-0.0007;0.8885,-0.0008;0.9073,-0.0008;0.9234,-0.0009;0.9369,-0.0009;0.9484,-0.0009;0.9587,-0.0009;0.9687,-0.0009;0.9788,-0.0010;0.9895,-0.0010;1.0009,-0.0010;1.0129,-0.0010;1.0254,-0.0011;1.0381,-0.0011;1.0508,-0.0011;1.0630,-0.0012;1.0744,-0.0012;1.0847,-0.0012;1.0937,-0.0012;1.1015,-0.0012;1.1081,-0.0013;1.1136,-0.0013;1.1178,-0.0013;1.1201,-0.0013;1.1201,-0.0013;1.1174,-0.0013;1.1122,-0.0013;1.1054,-0.0013;1.0977,-0.0012;1.0899,-0.0012;1.0822,-0.0012;1.0745,-0.0012;1.0668,-0.0012;1.0592,-0.0011;1.0519,-0.0011;1.0450,-0.0011;1.0386,-0.0011;1.0329,-0.0011;1.0279,-0.0011;1.0238,-0.0010;1.0204,-0.0010","0.0593,-0.0000;0.1184,-0.0000;0.1711,-0.0000;0.2177,0.0000;0.2588,0.0000;0.2967,0.0000;0.3330,0.0000;0.3683,-0.0000;0.4025,-0.0001;0.4358,-0.0002;0.4681,-0.0003;0.4989,-0.0005;0.5253,-0.0006;0.5473,-0.0007;0.5653,-0.0008;0.5795,-0.0009;0.5919,-0.0010;0.6017,-0.0010;0.6073,-0.0011;0.6105,-0.0011;0.6120,-0.0012;0.6123,-0.0012;0.6118,-0.0012;0.6107,-0.0012;0.6092,-0.0012;0.6069,-0.0012;0.6048,-0.0011;0.6040,-0.0011;0.6039,-0.0011;0.6039,-0.0011;0.6039,-0.0011;0.6039,-0.0011;0.6039,-0.0011;0.6039,-0.0011;0.6039,-0.0011;0.6039,-0.0011;0.6039,-0.0011;0.6039,-0.0011;0.6039,-0.0011;0.6039,-0.0011;0.6039,-0.0011;0.6039,-0.0011;0.6039,-0.0011;0.6039,-0.0011;0.6039,-0.0011;0.6039,-0.0011;0.6039,-0.0011;0.6039,-0.0011;0.6039,-0.0011;0.6039,-0.0011"
682fed39-be2a-4949-8d04-21529678ffca,16100000,0,0,0.0,SKIPPED,,,,4580,9,11.102,Stop to keep distance to the lead vehicle.,0.0229,0.0115,"0.0319,-0.0000;0.0620,-0.0000;0.0904,-0.0001;0.1169,-0.0001;0.1414,-0.0002;0.1634,-0.0002;0.1822,-0.0002;0.1973,-0.0003;0.2081,-0.0003;0.2148,-0.0003;0.2180,-0.0003;0.2185,-0.0003;0.2176,-0.0003;0.2159,-0.0003;0.2138,-0.0003;0.2115,-0.0003;0.2091,-0.0003;0.2066,-0.0003;0.2042,-0.0003;0.2017,-0.0003;0.1991,-0.0003;0.1966,-0.0003;0.1940,-0.0003;0.1915,-0.0003;0.1891,-0.0003;0.1866,-0.0003;0.1842,-0.0002;0.1818,-0.0002;0.1793,-0.0002;0.1769,-0.0002;0.1745,-0.0002;0.1721,-0.0002;0.1697,-0.0002;0.1674,-0.0002;0.1650,-0.0002;0.1627,-0.0002;0.1603,-0.0002;0.1580,-0.0002;0.1557,-0.0002;0.1535,-0.0002;0.1512,-0.0002;0.1490,-0.0001;0.1469,-0.0001;0.1447,-0.0001;0.1426,-0.0001;0.1405,-0.0001;0.1384,-0.0001;0.1363,-0.0001;0.1342,-0.0001;0.1321,-0.0001;0.1301,-0.0001;0.1280,-0.0001;0.1260,-0.0001;0.1240,-0.0001;0.1221,-0.0001;0.1201,-0.0001;0.1182,-0.0001;0.1162,-0.0001;0.1143,-0.0000;0.1124,-0.0000;0.1104,-0.0000;0.1085,-0.0000;0.1066,-0.0000;0.1047,-0.0000","0.0292,-0.0000;0.0600,-0.0001;0.0864,-0.0001;0.1084,-0.0002;0.1263,-0.0002;0.1406,-0.0002;0.1530,-0.0003;0.1628,-0.0003;0.1684,-0.0004;0.1716,-0.0004;0.1731,-0.0004;0.1734,-0.0004;0.1729,-0.0004;0.1718,-0.0004;0.1702,-0.0004;0.1680,-0.0004;0.1659,-0.0004;0.1651,-0.0004;0.1650,-0.0004;0.1650,-0.0004;0.1650,-0.0004;0.1650,-0.0004;0.1650,-0.0004;0.1650,-0.0004;0.1650,-0.0004;0.1650,-0.0004;0.1650,-0.0004;0.1650,-0.0004;0.1650,-0.0004;0.1650,-0.0004;0.1650,-0.0004;0.1650,-0.0004;0.1650,-0.0004;0.1650,-0.0004;0.1650,-0.0004;0.1650,-0.0004;0.1650,-0.0004;0.1650,-0.0004;0.1650,-0.0004;0.1650,-0.0004"
682fed39-be2a-4949-8d04-21529678ffca,17100000,0,0,0.0,SKIPPED,,,,4580,15,13.188,Stop to keep distance to the lead vehicle because the lane ahead is blocked.,0.0135,0.0271,"0.0007,0.0000;0.0001,0.0000;-0.0014,-0.0000;-0.0035,-0.0000;-0.0056,-0.0000;-0.0077,-0.0000;-0.0096,-0.0000;-0.0112,-0.0000;-0.0127,-0.0000;-0.0140,-0.0000;-0.0153,-0.0000;-0.0166,-0.0000;-0.0178,-0.0000;-0.0191,-0.0000;-0.0202,-0.0000;-0.0214,-0.0000;-0.0224,-0.0000;-0.0234,-0.0000;-0.0243,-0.0000;-0.0252,-0.0000;-0.0261,-0.0000;-0.0270,-0.0000;-0.0279,-0.0000;-0.0288,-0.0000;-0.0297,-0.0000;-0.0305,-0.0000;-0.0313,-0.0000;-0.0321,-0.0000;-0.0330,-0.0000;-0.0340,-0.0000;-0.0351,-0.0000;-0.0364,-0.0000;-0.0377,-0.0000;-0.0390,-0.0000;-0.0399,-0.0000;-0.0406,-0.0000;-0.0410,-0.0000;-0.0412,-0.0000;-0.0416,-0.0000;-0.0422,-0.0000;-0.0428,-0.0000;-0.0434,-0.0000;-0.0435,-0.0000;-0.0431,-0.0000;-0.0419,-0.0000;-0.0401,-0.0000;-0.0379,-0.0000;-0.0355,-0.0000;-0.0329,-0.0000;-0.0301,-0.0000;-0.0271,-0.0000;-0.0239,-0.0000;-0.0205,-0.0000;-0.0168,-0.0000;-0.0129,-0.0000;-0.0087,0.0000;-0.0038,0.0000;0.0019,0.0000;0.0085,0.0000;0.0160,0.0000;0.0236,0.0000;0.0303,0.0000;0.0349,0.0000;0.0363,0.0000","0.0013,-0.0000;0.0016,-0.0000;0.0010,-0.0000;-0.0001,-0.0000;-0.0016,-0.0000;-0.0038,-0.0001;-0.0060,-0.0000;-0.0067,-0.0000;-0.0069,-0.0001;-0.0069,-0.0001;-0.0069,-0.0001;-0.0069,-0.0001;-0.0069,-0.0001;-0.0069,-0.0001;-0.0069,-0.0001;-0.0069,-0.0001;-0.0069,-0.0001;-0.0069,-0.0001;-0.0069,-0.0001;-0.0069,-0.0001;-0.0069,-0.0001;-0.0069,-0.0001;-0.0069,-0.0001;-0.0069,-0.0001;-0.0069,-0.0001;-0.0069,-0.0001;-0.0069,-0.0001;-0.0069,-0.0001;-0.0069,-0.0001;-0.0069,-0.0001"
682fed39-be2a-4949-8d04-21529678ffca,18100000,0,0,0.0,SKIPPED,,,,4580,12,12.049,Keep distance to the lead vehicle because it is stopped ahead.,0.0657,0.2408,"0.0001,-0.0000;0.0001,-0.0000;0.0000,0.0000;-0.0001,0.0000;-0.0002,0.0000;0.0001,0.0000;0.0011,0.0000;0.0037,0.0000;0.0085,0.0000;0.0164,0.0000;0.0279,0.0000;0.0435,0.0000;0.0631,0.0000;0.0861,0.0001;0.1114,0.0001;0.1379,0.0002;0.1647,0.0003;0.1909,0.0004;0.2164,0.0005;0.2408,0.0006;0.2642,0.0007;0.2869,0.0009;0.3093,0.0010;0.3319,0.0012;0.3555,0.0014;0.3806,0.0016;0.4076,0.0019;0.4367,0.0022;0.4680,0.0026;0.5016,0.0031;0.5375,0.0036;0.5753,0.0042;0.6151,0.0049;0.6564,0.0057;0.6992,0.0065;0.7433,0.0075;0.7884,0.0085;0.8344,0.0097;0.8809,0.0109;0.9274,0.0122;0.9731,0.0136;1.0173,0.0149;1.0590,0.0163;1.0972,0.0176;1.1310,0.0188;1.1602,0.0198;1.1854,0.0207;1.2080,0.0216;1.2297,0.0224;1.2515,0.0232;1.2739,0.0241;1.2965,0.0250;1.3185,0.0259;1.3398,0.0267;1.3608,0.0276;1.3814,0.0284;1.4019,0.0293;1.4222,0.0302;1.4420,0.0310;1.4613,0.0318;1.4804,0.0327;1.4993,0.0335;1.5185,0.0344;1.5381,0.0353","0.0000,0.0000;0.0000,0.0000;0.0000,0.0000;0.0000,0.0000;0.0000,0.0000;0.0000,0.0000;0.0000,0.0000;0.0000,0.0000;0.0000,0.0000;0.0000,0.0000;0.0000,0.0000;0.0000,0.0000;0.0000,0.0000;0.0000,0.0000;0.0000,0.0000;0.0000,0.0000;0.0000,0.0000;0.0000,0.0000;0.0000,0.0000;0.0000,0.0000"
682fed39-be2a-4949-8d04-21529678ffca,19100000,0,0,0.0,SKIPPED,,,,4580,14,12.696,Stop to keep distance to the lead vehicle because it is stopped ahead.,0.0006,0.0016,"0.0000,-0.0000;0.0001,0.0000;0.0002,0.0000;0.0003,0.0000;0.0004,0.0000;0.0006,0.0000;0.0008,0.0000;0.0011,0.0000;0.0013,-0.0000;0.0016,-0.0000;0.0020,-0.0000;0.0023,-0.0000;0.0027,-0.0000;0.0031,-0.0000;0.0035,-0.0000;0.0040,-0.0000;0.0044,-0.0000;0.0049,-0.0000;0.0054,-0.0000;0.0060,-0.0000;0.0066,-0.0000;0.0073,-0.0000;0.0079,-0.0000;0.0086,-0.0000;0.0093,-0.0000;0.0101,-0.0000;0.0108,-0.0000;0.0116,-0.0000;0.0124,-0.0000;0.0133,-0.0000;0.0143,-0.0000;0.0152,-0.0000;0.0162,-0.0000;0.0173,-0.0000;0.0183,-0.0000;0.0194,-0.0000;0.0205,-0.0000;0.0217,-0.0000;0.0229,-0.0000;0.0242,-0.0000;0.0254,-0.0000;0.0267,-0.0000;0.0285,-0.0000;0.0312,-0.0000;0.0351,-0.0000;0.0401,-0.0000;0.0460,-0.0000;0.0528,-0.0000;0.0609,-0.0000;0.0716,-0.0000;0.0868,-0.0000;0.1088,-0.0000;0.1391,-0.0000;0.1786,-0.0000;0.2277,-0.0000;0.2862,-0.0000;0.3540,-0.0000;0.4309,-0.0000;0.5164,-0.0001;0.6104,-0.0001;0.7126,-0.0001;0.8233,-0.0002;0.9422,-0.0002;1.0692,-0.0003","0.0000,0.0000;0.0000,0.0000;0.0000,0.0000;0.0000,0.0000;0.0000,0.0000;0.0000,0.0000;0.0000,0.0000;0.0000,0.0000;0.0000,0.0000;0.0000,0.0000"
